Genus,fold_0,fold_1,fold_2,mean_importance,std_importance
 g__,0.18745416733025203,0.1813452382605491,0.1810198573727119,0.1832730876545041,0.06161813011102
 g__Streptococcus,0.05380813229929581,0.054092930891103855,0.05895333561679642,0.05561813293573209,0.013167021972370513
 g__Prevotella,0.04491115549365543,0.04469946954406839,0.05037850667787266,0.0466630439051987,0.016829632185527684
 g__Acinetobacter,0.04461082832545759,0.03800524062734911,0.052739086504169135,0.045118385152325274,0.01035797437794173
 g__Corynebacterium,0.03941490226796213,0.03875181420358981,0.03961505225939849,0.03926058957698335,0.009158403396721809
 g__Staphylococcus,0.03530576120870745,0.024550328885544134,0.03159665304725353,0.03048424771383486,0.0072661021583739025
 g__Veillonella_A,0.02704101514711918,0.0313492208237706,0.018954077687030453,0.025781437885973327,0.006965975625462223
 g__Neisseria_563205,0.0238884362434281,0.0227596408088606,0.0177448358707819,0.0214643043076902,0.0052963056492416
 g__Granulicatella,0.014375297818368,0.0266234125605261,0.0213575784396919,0.0207854296061953,0.0059998356412469004
 g__Cutibacterium,0.024572169258308126,0.019261824532258727,0.017732307484926085,0.020522100425164256,0.003528641958809021
 g__Caldalkalibacillus,0.0156452483813047,0.015580651532278,0.0160497149213224,0.0157585382783017,0.0017062033750986
 g__Paracoccus,0.012908638306017958,0.016156491123023444,0.015266158675464983,0.014777096034835542,0.005185628225483841
 g__Leptotrichia_A_993758,0.016397931701095925,0.011247771788860888,0.014779254071509712,0.014141652520488754,0.005188462654679721
 g__Gemella,0.013433904696898261,0.016840435472369207,0.0095636331984488,0.013279324455905453,0.0032681543939258317
 g__Actinomyces,0.015274001489545549,0.013193203371992018,0.008875325777148984,0.01244751021289546,0.005540417630629648
 g__Capnocytophaga,0.0164460015521406,0.009231165754584422,0.00999910676831619,0.011892091358347038,0.005603012476657442
 g__Haemophilus_D_734546,0.0100027533694053,0.011260519456970725,0.0129261455498757,0.011396472792084,0.0026793307991462
 g__Escherichia,0.0124161862718986,0.0084757762078728,0.013293219674628999,0.011395060718133499,0.0022410744638943
 g__Haemophilus_D_735815,0.009272670775990205,0.0119226385493655,0.01244222567171407,0.011212511665689935,0.002157316260721696
 g__Moraxella_A,0.013289463432131192,0.009415773409621967,0.010690345574780121,0.011131860805510986,0.0024775285135736564
 g__Porphyromonas_A,0.00843261560057974,0.013622474477717845,0.010558480957352378,0.010871190345216717,0.0028449159792236713
 g__Chryseobacterium_A_796612,0.010120288168494694,0.0132227189560109,0.008083416165237355,0.010475474429914316,0.0026741441883147347
 g__Rothia,0.0121720601617658,0.008681308339999,0.009184606461543754,0.010012658321102931,0.0041711264041734
 g__Micrococcus,0.0089971618618719,0.011784956754338242,0.0091440058592015,0.009975374825137282,0.0015253052527182264
 g__F0422,0.007870467523391905,0.012535773796087599,0.008693469893187759,0.0096999037375558,0.0024462338048772273
 g__Anaerococcus,0.008806299791178087,0.008884933636510273,0.008882550098238056,0.008857927841975338,0.0031753019090546434
 g__Caldora,0.009425300637303402,0.008881367669445625,0.008738021596558659,0.009014896634435688,0.002283618378377948
 g__Pseudomonas_E_647464,0.010269678246036652,0.005995261406864458,0.009353517871775935,0.008539485841558947,0.003225773179251536
 g__Fusobacterium_C,0.005037680736236584,0.00812230737199894,0.010654599672015102,0.007938195926750194,0.002764285392796314
 g__Faecalibacterium,0.0066215693989523,0.0101575565828542,0.0069453603056959,0.0079081620958341,0.0022087063223588414
 g__Mesorhizobium_I,0.008458368671448425,0.005975474208881996,0.008047594511181701,0.007493812463837301,0.0028674843340551364
 g__Tersicoccus,0.006017200680863915,0.0075752127274537175,0.0090483574634467,0.007546923623921412,0.0014020594582648037
 g__Brevibacterium,0.008480203783834385,0.007361865192884821,0.0063604212548851995,0.0074008300772014325,0.001766600141093549
 g__Bifidobacterium_388775,0.006355824258507611,0.008129622463588802,0.0067551611799697,0.007080202634022034,0.0013330571764725721
 g__Brevundimonas,0.0067219242830125776,0.008009979993032,0.004540580397750634,0.006424161557931741,0.0020830483453695954
 g__Sphingomonas_L_486704,0.00580254189827438,0.005000622806466792,0.006860474517659938,0.005887879740800275,0.0030582197648013265
 g__Nocardioides_A_392796,0.006130557914648447,0.0053590263788241,0.006866808550920995,0.006118797614797865,0.0017474197971797038
 g__Psychrobacter,0.0064323070735089,0.0039954148778209,0.0076559246660064,0.0060278822057788,0.0016064672829593
 g__Jeotgalicoccus_A_310962,0.0033575825174934,0.007066242034189,0.0056353369399322,0.0053530538305383004,0.002059913337022463
 g__Chishuiella,0.0048387541261495,0.0050358695549833,0.006919821061118,0.005598148247416899,0.0009559695819703999
 g__Finegoldia,0.0065325490507827,0.0062054670147034,0.0032805045862393,0.0053395068839084,0.0015400038589681
 g__Aeromonas,0.0060366127222918,0.0059720263872394,0.0039330141252544,0.0053138844115952,0.0013048023183206
 g__Blautia_A_141781,0.004862395512133844,0.005784730889888054,0.004586422427853028,0.005077849609958205,0.0012286255475211065
 g__Telluria_573210,0.00519018343561147,0.0044289103798576,0.005036140985351,0.0048850782669400995,0.0019905532469021822
 g__Brachybacterium,0.0043836470896821,0.0053669979102672,0.0055114166604731,0.0050873538868075,0.0005032711726238
 g__Mediterraneibacter_A_155507,0.004635594969946985,0.0045604306662038,0.0037283789044467,0.0043081348468659,0.001177691970134914
 g__Aggregatibacter_736122,0.0055019651959109,0.0038216296761882,0.0024744619318438185,0.0039326856013143004,0.0016572284835382
 g__Pauljensenia,0.003941151584081997,0.004282601601392173,0.0038451559254402998,0.0040229697036380145,0.0010510156309423322
 g__Abiotrophia,0.0039871264441495,0.0049286602243132,0.002640677617395,0.0038521547619525002,0.0010810558343949
 g__Peptoniphilus_A,0.004060067350193183,0.0031896748489830345,0.00394634154614806,0.003732027915108073,0.0009298804732687058
 g__Dolosigranulum,0.0029737526988695,0.0025305406190734,0.005020763854597,0.0035083523908467,0.0011284911379515002
 g__Acidipropionibacterium,0.0016092340349004,0.0037345345001732,0.004698137051315001,0.0033473018621295,0.0013719182713152
 g__Dialister_37762,0.0022764777840903134,0.00477591010955658,0.0023617871395501125,0.0031380583443989868,0.0020804348704978703
 g__Alloprevotella,0.003440842655594264,0.003380242400661807,0.003255983391878475,0.0033590228160448187,0.0008655405938583911
 g__Microbacterium_A_383321,0.0028677413989621,0.0025830030714925002,0.0044873085615166,0.0033126843439905,0.000974513405404604
 g__Pleomorphomonas,0.0030108410386514607,0.0021152623492731943,0.0037304902998025998,0.002952197895909,0.0013029436427939999
 g__Agathobacter_164117,0.0030846433093746,0.0032914686161879462,0.002690459751742153,0.0030221905591015664,0.0005338684020721065
 g__Sphingobacterium,0.0028357973079363224,0.002458922876083431,0.003318072462446977,0.002870930882155527,0.0008156505393913059
 g__Lactobacillus,0.0031084365653002545,0.0024549773135677743,0.002573011953147662,0.00271214194400524,0.0008351640896311515
 g__Lactococcus_A_346120,0.0032248926365548,0.0029270254093092998,0.0022540862042175,0.0028020014166939,0.0004066294222501
 g__Collinsella,0.002876971682867,0.0021678138216983,0.0032461348277374,0.0027636401107676003,0.0004517611366489503
 g__Leuconostoc_B,0.0028665661335137,0.0027295026284828,0.0020755644690974,0.0025572110770313,0.0009482414078754208
 g__Enterocloster,0.0017080464020208306,0.0030778448802387167,0.002571001415657759,0.002452297565972466,0.0009299267329832234
 g__Gemmiger_A_73129,0.001091092444722154,0.0021872419299249,0.003506348136268671,0.002261560836971957,0.001174034529065125
 g__Peptostreptococcus,0.0029535427247474,0.0016982439657017337,0.0022520631890018327,0.002301283293150389,0.0006337028447350407
 g__Phocaeicola_A,0.0014111846749048028,0.002083675736701819,0.0031459039501611614,0.0022135881205892836,0.0008052388707160344
 g__Flavobacterium,0.001784700820337464,0.002371775159207835,0.0020199482601321386,0.002058808079892471,0.0013747433367046612
 g__Anaerobutyricum,0.0027020127742376,0.0025290720773599,0.0011585631137298008,0.0021298826551091,0.0008241929799216003
 g__Cloacibacterium,0.0032283208101364,0.0018007547084851621,0.001120622313420363,0.002049899277347316,0.0009218849724190168
 g__Methylobacterium,0.0025708651735670525,0.0017252324437545899,0.0016932981087012,0.0019964652420075475,0.0010758515930579977
 g__Microsaccharimonas,0.0016480621498423998,0.0011391090065191,0.0030850777506485003,0.0019574163023367,0.0008242405967632
 g__Fenollaria,0.0024756290791554,0.0017441170426382,0.001789116595649,0.0020029542391475,0.0004256766010462
 g__Oliverpabstia,0.0026042792329161,0.0019294494458666999,0.0010123238948465,0.0018486841912097776,0.0007680403288011066
 g__Arthrobacter_D,0.0017107371691779,0.0028177710557616,0.001007690922293,0.0018453997157441,0.0007591675400016
 g__Comamonas_F_589250,0.002475558168044521,0.0016849412366021106,0.0013955458251203297,0.0018520150765890836,0.0006612976239265554
 g__Leptotrichia_A_993641,0.0016730495653199057,0.0010912038137217642,0.002393131999575905,0.0017191284595392399,0.0011291327521940878
 g__Parasphingorhabdus,0.0021255340978993,0.0022304285722674,0.0012455247233211,0.0018671624644959,0.000443647711392579
 g__Bacteroides_H_857956,0.0012259849622403487,0.0025639754448748137,0.0013916931704540103,0.0017272178591896956,0.000967964276849765
 g__Lancefieldella,0.000493837077342939,0.0015746420277329787,0.0027681636489915997,0.0016122142513558,0.0009311050111888
 g__Roseburia_A_166204,0.0021538164090202355,0.0016044552546725147,0.0012078705226409,0.0016553807287778169,0.0005585968434160013
 g__Pseudomonas_B_650453,0.0011995273017453,0.001815025907616,0.0016832552247438,0.0015659361447016,0.0006675581200603716
 g__Ochrobactrum_A_499027,0.0014827604084918,0.0012313206342701001,0.0019745140872884028,0.0015628650433501209,0.0004686381527705728
 g__Centipeda,0.0008313553704932456,0.0018257402691758949,0.0016740350261715221,0.0014437102219467721,0.0008345833413651858
 g__Terrisporobacter,0.0011302829535669277,0.0016983311774262783,0.0018033565486310211,0.001543990226541409,0.0003256990487641357
 g__Catenibacterium,0.0016127249208011,0.0010991889976811001,0.0018951685192636998,0.0015356941459153,0.0003318038527531
 g__Campylobacter_A_477346,0.001801714191859335,0.0010998374942377067,0.0014776427056433395,0.0014597314639132966,0.0005619987318903632
 g__Shewanella,0.0009431261347815001,0.0021629301101152,0.001184443356893,0.0014301665339299,0.0005695830763128578
 g__Anaerostipes,0.0015518169554851685,0.0012540078449934334,0.001582973196758,0.0014629326657455382,0.00029830209608071816
 g__Rhodococcus_376336,0.0012706326421847442,0.0011653737397872006,0.001793424456946643,0.001409810279639517,0.0004329373217011932
 g__Devosia_A_502124,0.001469088360874706,0.0009282433318735593,0.001536138534198943,0.0013111567423157227,0.0008063301567935194
 g__Parvimonas,0.0004585420297295502,0.001467702293757,0.001980658225836265,0.001302300849774145,0.0007896207279824211
 g__Dorea_A,0.0016120924411353,0.0013181214164687,0.0012571261932875,0.0013957800169637998,0.00032645052696152866
 g__Clostridium_T,0.0009722361624716572,0.001898775241334946,0.001098527881461305,0.0013231797617559772,0.0006101264216651466
 g__Vescimonas,0.001572588828488123,0.0015610422082192,0.0007432514082975658,0.0012922941483350032,0.0006920158592382816
 g__Lawsonibacter,0.0001672480170563,0.0013635417776146,0.0020882711389532,0.0012063536445414,0.0007920915522
 g__Mycobacterium,0.0012506344144563681,0.0002446317769550888,0.0020428456904177405,0.0011793706272763696,0.0007488043672224911
 g__Mucilaginibacter_A,0.0011947948600293608,0.0005664109652933479,0.0017873942198822616,0.0011828666817349223,0.0007346818379786067
 g__Sarcina_200052,0.0008652224103147,0.002100896060125135,0.000585007217345,0.001183708562595,0.0007308501886019014
 g__Dictyoglomus,0.0008072495466997,0.0015142965289875001,0.0013848366093505001,0.0012354608950125,0.000495355479901
 g__Alitiscatomonas,0.000995472407031914,0.002178322069799,0.00028899081106066653,0.0011542617626304238,0.0007852748165550649
 g__Clostridioides_A,0.000287997162097609,0.0015143812411698822,0.001676640933611,0.0011596731122928,0.0007506614060948001
 g__Dietzia,0.001178182977944806,0.0009150941690357,0.0014603674101706873,0.001184548185717,0.0005035832606010341
 g__Ruminococcus_E,0.0015905881717513,0.0008241416590386,0.0012445634746392,0.0012197644351429966,0.0003259067410272169
 g__Bosea,0.0013853316491597,0.0015960617032034,0.0004181118176408,0.0011331683900012,0.0006575532217733737
 g__Stenotrophomonas_A_615274,0.0005403544832979,0.0019845343287911,0.0008349047558757,0.0011199311893215,0.0006232598968003999
 g__Citricoccus_384863,0.0014067325539826,0.001081854244675,0.0009693360076748,0.0011526409354441001,0.0003783696899147
 g__Roseomonas_507234,0.0007908664747308,0.0008203272996786,0.0017445654732300001,0.0011185864158798,0.0004427981491255055
 g__Thermus_A,0.0001588168027192,0.0018562461555588312,0.0010374002789651647,0.0010174877457477844,0.0007828556707388988
 g__Deserticella,0.0012006808679886228,0.0011963489346332,0.0008406531770846,0.0010792276599021144,0.0005157947301864626
 g__Haemophilus_A,0.0012174049659149646,0.0003444115417480732,0.001530614950832,0.001030810486165002,0.0005020314993127092
 g__Roseburia_C,0.0013059447414971,0.001538590184607,7.160505333785794e-05,0.000972046659814,0.0006437532086936
 g__Coprococcus_A_187866,6.912662090007629e-06,0.0011590559509703,0.0017004975391836,0.0009554887174146,0.0007062280783208
 g__Deinococcus_B,0.0005609527289663067,0.0012481571553961347,0.0009934185448566,0.0009341761430729475,0.0006710012016788245
 g__Bacillus_J_295379,0.0011784343478088049,0.0007597571731867,0.0008361929316503,0.0009247948175485,0.000550078433743729
 g__Hylemonella,0.0012507001072334,0.0014043414809025,8.409509550396708e-05,0.0009130455612132,0.0005953869491957999
 g__Rubellimicrobium,0.0007545192801263779,0.000779149528326418,0.0013237740817739633,0.0009524809634088901,0.00033638186571450086
 g__Mediannikoviicoccus,0.0013197556411984,0.0002942821873078907,0.0010070747240160194,0.0008737041841741196,0.0006082501410196714
 g__Ruminococcus_B,0.0007394641558291999,0.0014549449630386,0.0004741147134668874,0.0008895079441115,0.00041429425067099996
 g__Sphingobium_A_485959,0.0010348973675230033,0.0004666139020327919,0.0010990863387714566,0.0008668658694423452,0.00047081516379267856
 g__Solirubrobacter,0.0007080264376551344,0.0009741443202613038,0.0009125308742994485,0.0008649005440719288,0.00047004945468809116
 g__Ligilactobacillus,0.0005721373741420027,0.0012206671015481158,0.0006979381053268057,0.0008302475270056442,0.000589003210084143
 g__Rhodoferax_C,0.0005098226013512135,0.0009431321507255069,0.0010080755942443,0.0008203434487736807,0.0005892485220109202
 g__Exiguobacterium_A,0.0008264680600042929,0.0007082836509385845,0.0009527212916350162,0.0008291576675259488,0.0003726681741261369
 g__Methanobrevibacter_A,0.0010599375181858,0.0012628376232686,0.0,0.0007742583804848,0.0005537142120708
 g__Friedmanniella,0.0010362824327538576,0.0003368655407338879,0.0008755448134414,0.000749564262309691,0.000411853836643749
 g__Microvirga,0.0002664706075679813,0.0012391021759844325,0.0006064815290679794,0.0007040181042067074,0.00045592006927715943
 g__Pseudonocardia,0.0008298819853171615,0.00038107816646473476,0.000820458905357052,0.0006771396857129978,0.0005599598889088476
 g__Pseudoxanthomonas_A_615336,0.0,0.0006463236108232,0.0013522998343901,0.0006662078150711,0.0005522531102714
 g__S5-A14a,0.0008097554501248,0.00048104680143489995,0.0009064236913665,0.0007324086476420001,0.000187853968454829
 g__Hominilimicola,0.0007688105970167,0.0010183272870780999,0.0002816169934663,0.000689584959187,0.0003086881143556335
 g__Kerstersia,0.0005815625548389,0.0007929927407985243,0.0007433473803988408,0.0007059675586786999,0.00021741822278691645
 g__Sphingomicrobium_483192,0.0008038379112019,0.0007539157837597199,0.0006545870780095605,0.0007374469243237601,8.160958193662871e-05
 g__Ezakiella,0.0006858921986212484,0.0003396319990563,0.0009206510513213,0.0006487250829995976,0.00033468763612955535
 g__Pseudomonas_B_650326,0.0008414033264015,0.0007878083232801,0.0003149474179163,0.0006480530225325999,0.000327272323943954
 g__Caulobacter_487784,0.0010351008888706131,0.000606278399630636,0.000278048710402,0.0006398093329677831,0.0003114416569525328
 g__Vibrio_A_678206,0.0007382428747464,0.0007571765728931,0.0005974903141503,0.0006976365872633,7.123472114630512e-05
 g__Helcococcus,0.0006377235526864289,0.000463177374685358,0.0007148611445245,0.0006052540239654988,0.00043771396697865096
 g__Hominicoprocola,0.0006881323267303317,0.0009862991751706917,0.0001251465336502,0.000599859345183746,0.00041991687584040085
 g__Micromonospora_H_372070,0.0005661787234689,0.0003995265323267,0.0008717210277841,0.0006124754278599,0.00036589921588691
 g__Marmoricola_A_392027,0.0006313983999991,0.000717060506783781,0.0006145068301697089,0.0006543219123176027,0.00012837884680785765
 g__Parabacteroides_B_862066,0.0005785755449538,0.0007356285337357222,0.00046864616180957596,0.0005942834134996906,0.00033813939195678365
 g__Propioniciclava,0.0007085178952645,0.0008736282919336,0.0002167978311489,0.0005996480061157,0.0002789815443431
 g__Limosilactobacillus,0.0005097354666652487,0.000929361553116591,0.00022925780791334892,0.0005561182758984246,0.00037814971951597424
 g__CAG-217,0.0006220819384009,0.0005677076491321,0.0007060672728687,0.0006319522868006,5.6914639026533584e-05
 g__Bacillus_P_294101,0.00021685354409934867,0.0005712779281575,0.0008553561137530715,0.0005478291953366658,0.00038463111726844086
 g__Klebsiella_724518,0.0006158994322772929,0.00038928356692750606,0.0006967752777631386,0.0005673194256560233,0.0003065308574221476
 g__Phenylobacterium,0.0005328582580465545,0.0008161317537361784,0.0003659495915018,0.0005716465344281482,0.0002837187785726971
 g__Murdochiella,0.00046359202506000656,0.00012807309868649767,0.0009957283977226,0.0005291311738229969,0.00044145845518844676
 g__Fannyhessea,0.00035997606896542877,0.0008548271435547999,0.000537136294832481,0.0005839798357842069,0.00021742905806602589
 g__Clostridium_H_221916,0.00030582518742738624,0.0005553282042452999,0.0008531275595377,0.0005714269837368,0.0002433977465861
 g__Enterococcus_C,0.0006759341566948,0.0005770315806592,0.0006087400343318,0.0006205685905619,4.123401462778507e-05
 g__Paraclostridium,0.000500414988505677,0.00048004924787871384,0.0007958118711567,0.0005920920358470001,0.00014563867740020314
 g__Kingella_B_563201,0.0007273983758395,0.000592688488439,0.0003726547917282341,0.0005642472186689302,0.00017841586074440294
 g__Metallococcus,0.0004508750488721,0.0006950418568881,0.0005711219570872,0.000572346287615793,0.00012697149115741398
 g__Aeromicrobium,0.0002744892112342,0.0005747799401837682,0.0006818208493196078,0.0005103633335791545,0.0003407888910462767
 g__Intestinibacter,0.0005346752679284193,0.000676278503145932,0.0004929887773663446,0.000567980849480232,0.00010642942031547547
 g__Methylibium,0.000595008231877093,0.0006710637716724999,0.0004308843122507,0.0005656521052668583,0.0001004108601900527
 g__Hymenobacter_910554,8.355655908929955e-05,0.0006717311706191148,0.0007630552326280443,0.0005061143207788355,0.00031548431442340066
 g__Alistipes_A_871400,0.0008261935905443539,0.0005745858562895276,8.158084480543858e-05,0.0004941200972130969,0.00035766980697050167
 g__Anaeroglobus_38550,0.00048198945721317877,0.0001401415259467,0.0008365232686472,0.00048621808393562626,0.0002938115236365648
 g__Arsukibacterium_662823,0.0002097554551326,0.0005674513254223711,0.0007185693148442191,0.0004985920317997634,0.00022510709679484875
 g__Varibaculum,0.0007585746088710351,0.0003896462021252,0.0003294027287743733,0.000492541179923588,0.00023049943098436186
 g__Segetibacter,0.00019095554645776462,0.0003060469232212713,0.0008170688416789025,0.0004380237704526795,0.00038277248144629546
 g__Faecousia,0.0004322129494738964,0.00029021931105542315,0.0006143887672715923,0.00044560700926693465,0.0003220763397297427
 g__Moryella,0.0004535624126429,0.0003934746344469,0.0006367367776317,0.0004945912749072,0.000103462209625
 g__Pontibacter,0.00046059518509746817,0.0005711784362056169,0.000457414095646,0.0004963959056497283,8.741084951128402e-05
 g__Edaphocola_927328,0.0007766025303866,0.0,0.0005314823384596,0.0004360282896154,0.0003241516919913
 g__Pseudoroseomonas,0.000604927993634201,0.0004885834904076,0.000225501864971688,0.0004396711163378364,0.00028492712439653835
 g__Urinicoccus,0.0008294816948941852,9.034086461428316e-05,0.0003633142721658644,0.0004277122772247792,0.00031931896736121345
 g__Treponema_B_986142,0.0003656877210092,0.0007300806430128,0.0002206284545552,0.0004387989395257,0.0002553272796520276
 g__Sutterella,0.00011711452320188793,0.0007993382499028472,0.0003699871924476,0.0004288133218508114,0.00029300845208982834
 g__Cryptobacteroides,0.0006727190771757,0.00028925636651116413,0.00038118570486048495,0.00044772038284914223,0.0001965125045794858
 g__Variovorax,0.0003833541929278151,0.00027608423937930003,0.0005888525583028358,0.0004160969968700395,0.00025530091083858454
 g__Streptomyces_400150,0.00045304740563613025,0.0006208065974574633,0.00016092159150093004,0.00041159186486481247,0.0002688106667761281
 g__Carnobacterium_A_320743,0.000165164714897,0.0003382315717336,0.0007121174321904,0.000405171239607,0.0002282542560244
 g__Faecalibacillus,0.0001641098636423,0.000535442628326,0.0005307378464667,0.00041009677947840184,0.00020476079411024123
 g__Dermacoccus,0.00045425018910126927,0.00018483863213010794,0.0005904826771746,0.00040985716613532817,0.0002047921136093817
 g__Atopostipes,0.0006847172040979903,0.00010513937979778175,0.0003953800203905086,0.00039507886809533833,0.00026211161862101323
 g__Eremococcus,2.408189838435371e-05,0.0006632653225382,0.0004657388343632,0.00038436201842855124,0.0002894111151941146
 g__Agathobaculum,0.00030017150175799996,0.0007082896023039636,8.591854055342716e-05,0.00036479321487178657,0.0002828027066433406
 g__Treponema_B_986141,0.00036977792275679996,0.0,0.0006905922768362001,0.0003534567331976,0.0002827535823503351
 g__Berryella,0.0006288043465206,0.000262325797248,0.00020142213869948312,0.0003641840941560277,0.00022241424580625265
 g__Planococcus,0.0002056745454198,0.0001034852225148,0.0007378715045434,0.0003490104241594,0.0002781131296278
 g__Gordonia_B_376796,0.0005797325945903568,0.0001298747215453387,0.0003641009323273,0.00035790274948765673,0.00022844852786348154
 g__Lautropia,0.0,0.0007517472451872298,0.00022646298416216683,0.0003260700764497989,0.0003149067247444083
 g__Dermabacter,0.0001328436115275,0.0002452722384433,0.0006504972714846,0.0003428710404851,0.0002223143008396
 g__Pararheinheimera,0.0002779524875160559,0.0004013012505441,0.0003782915091350642,0.0003525150823984652,0.00013632202426307625
 g__Peptoanaerobacter_235883,0.0002748694508739635,0.0001101725340091,0.0005501599945403,0.0003117339931411,0.0002419149504845
 g__Arachnia,0.0001536444601999,0.0004718829518206,0.0003858930634551,0.0003371401584918,0.0001344161912221
 g__Lachnospira,0.0004376866479467243,6.895101093146232e-05,0.00046688177560965803,0.0003245064781625987,0.0001817011007779958
 g__Thiopseudomonas,0.0005129249827165,0.0002606273992651,0.000173632093728132,0.00031572815857001723,0.00019179554799993534
 g__Coprococcus_A_121497,0.0005699114725269999,7.769740920118075e-05,0.00025787741085151627,0.00030182876419314813,0.00024074792353048042
 g__Bradyrhizobium_503372,0.0004823513514437,0.00017186922290420858,0.00030849490600431544,0.00032090516011737467,0.00015525756898742446
 g__Pedobacter_B_887417,0.0005287697219238072,0.0002054050883265841,0.00011148528454988532,0.00028188669826676154,0.00030208003367828584
 g__Megasphaera_C,0.0002993462935063,0.00046544830123490305,0.0001866024959413465,0.0003171323635607832,0.00012283313705729141
 g__Catonella,0.0002736684872042258,0.00033734301282317247,0.0002145095169113,0.0002751736723129071,0.00024602536052675356
 g__Bariatricus,0.0003382055608985,0.0002944082603887,0.0003268235655017,0.0003198124622629,5.798297385015087e-05
 g__Phascolarctobacterium_A_40086,8.279406166730106e-06,0.0001620253629142,0.0006322477821788,0.0002675175170866,0.0002654311957422
 g__Gallicola,0.0001452194695646,0.00022620928619299324,0.0004624686725642699,0.0002779658094406328,0.00021978727129889423
 g__F0058,0.0004383532643514,0.00026326408470464123,0.0002053741008771,0.0003023304833111229,0.00011087687243329554
 g__Novosphingobium,0.0001885471890937,0.00010282570319921517,0.0004943000351718983,0.00026189097582165685,0.0002711013706613301
 g__Aedoeadaptatus_226158,0.00012492523577855734,0.0001919738895087,0.0005058235435664,0.00027424088961788574,0.00018541930103819118
 g__Acetobacter,0.0003752160088921,0.0003421805894769795,9.613279797128378e-05,0.00027117646544683427,0.00018500583547157
 g__Azonexus,0.000424372359992,0.00029523278355821834,7.586332077903725e-05,0.0002651561547763854,0.00020240548872901763
 g__Paratractidigestivibacter,0.000358451201156284,0.0,0.0004385051407438209,0.000265652113966735,0.00019342549749755885
 g__Lactococcus_A_343306,4.377069199066399e-05,0.0004247549763821359,0.0003415159750344,0.0002700138811357453,0.00016651432611840099
 g__Weissella,0.00022034841210731394,0.0004480745336654056,0.00011739031760536078,0.00026193775445937264,0.00016061065833942575
 g__Roseococcus,0.0003241086342024,5.6395140422755954e-05,0.0004087173565939,0.0002630737104063692,0.0001515827960204771
 g__Flavisolibacter_B,0.0002410784249564,0.0002567469290658685,0.00034132634924010003,0.00027971723442074716,7.353008468010556e-05
 g__CAG-269,0.0,0.00037582594351495257,0.0003636377464192925,0.000246487896644776,0.00018842823312174975
 g__Pseudorhodoferax,8.398733364619858e-05,0.0003562023384737,0.0003220413398795,0.0002540770039998,0.0001210774281936
 g__QHXM01,0.000330346494238,0.000370573490294,2.56477821695213e-05,0.0002421892555672,0.000153996125663
 g__Butyribacter,0.0,0.0003252846268012,0.0003811614795574,0.0002354820354529,0.0001680662516871
 g__Marinococcus,0.00017895356084051425,0.00022193923933610995,0.0003375493988419,0.0002461473996728747,0.00011432051232940842
 g__Gluconobacter_A_506042,0.00024218689850374667,0.0003140692134257947,0.00011189797695875302,0.00022271802962945907,0.00017740344059766924
 g__Cocleimonas,0.00039123161116582267,0.0,0.0002593046882556246,0.00021684543314051224,0.0002000720704819163
 g__Belnapia,0.0001867963163402,0.0004647740293437694,5.572444642915112e-07,0.0002173758633826898,0.00019284579159869136
 g__UMGS1994,0.00024985889164721347,0.0002978710890344,0.0001844679260168,0.00024406596889943783,7.959774681449015e-05
 g__OLB17_426821,0.00016747518526813007,0.00022224132273937657,0.0003237781352459,0.00023783154775110002,7.825610892536817e-05
 g__Paucilactobacillus,0.00036596354445620003,4.025655535295174e-05,0.0002322042873092,0.00021280812903947676,0.00015962715600954718
 g__Limivicinus,0.00021488227804204713,6.314639228322018e-05,0.0003439001429212,0.0002073096044154891,0.00018142408758862257
 g__Dyadobacter_906144,0.00029989492875092056,0.0,0.0002967467361334541,0.00019888055496150011,0.00019246316726649387
 g__Pseudoxanthomonas_A_615337,0.0002180411787403,8.779426571666753e-05,0.0003385861015042,0.00021480718198704752,0.00012483283530470498
 g__Sphingopyxis_485592,0.0003258950320441,0.000296949984633,0.0,0.000207615005559,0.0001472807904251
 g__Akkermansia,0.0003842396620168,3.596228694613123e-05,0.000203288463446,0.0002078301374696,0.0001422199062455
 g__Hominimerdicola,0.00017362942768368256,0.00033310624307784085,0.00014897063926780187,0.00021856877000973266,8.993257955784405e-05
 g__Peptoniphilus_B_226777,0.00016168734552933538,0.0002462313753305,0.000262692275342977,0.0002235369987342708,6.2498789392773e-05
 g__Oligella,0.0001801066577534,5.820123503947033e-05,0.0003750517672189,0.0002044532200039,0.0001304942687264
 g__Tannerella,0.00018546190911,0.00015684224313582842,0.0003129608685710454,0.00021842167360562462,6.994762558550503e-05
 g__F1-60-MAGs163,0.000281421042216,0.0,0.0003137356583375,0.0001983855668511,0.0001408987424947
 g__Oribacterium,0.0001769590694927,0.0001323972024386,0.0003231459323984,0.0002108340681099,8.147353821459266e-05
 g__Thiogranum,0.0001825258675127,0.0002271282943788,0.0002596078485017,0.0002230873367977,3.1598047955796274e-05
 g__Pseudoxanthomonas_A_615282,4.145448047887072e-05,0.00014804899808331735,0.0003866312668259069,0.0001920449151293647,0.00015350484436888303
 g__Enterovirga,0.000336711275417191,0.00011125424116475451,0.0001161578826749275,0.00018804113308558475,0.00015188556871799768
 g__Loigolactobacillus,7.321855684617995e-05,0.0002434492316419,0.0002640694535147,0.00019357908066762312,0.00012178369895546668
 g__KA00274,0.0001293600682415043,0.00033980562835240005,7.50321753965087e-05,0.00018139929066347612,0.0001370174608563678
 g__Pseudoglutamicibacter,7.956581233980873e-05,0.0001201900836581,0.0003441508917321,0.0001813022625766,0.0001163395601057
 g__Dysosmobacter,0.00010428092330854049,0.0003722790700343,3.3796296296296295e-05,0.00017011876321303785,0.00015798834225636327
 g__Gaiella,0.0002839335002707,0.00012924572788124809,0.00010657101333163745,0.00017325008049452422,0.00014167180957282732
 g__Salinicoccus,0.0002818008840345,0.0,0.0002320991854947,0.0001713000231764,0.0001228151406644
 g__Aliterella,0.0002001553448464,0.0,0.0003070124267785,0.0001690559238749,0.0001272518186842
 g__Fusobacterium_A,0.0001898545752147,0.0001768895934177,0.0002216762135847,0.0001961401274057,1.8816508022731803e-05
 g__Acetatifactor,0.0003297472474517,0.00012902403997815072,4.783275145584715e-05,0.00016886801296190715,0.00011907899783656563
 g__Geodermatophilus,5.1119250440942354e-05,0.00033814110020000116,9.27912220630789e-05,0.0001606838575680094,0.0001513029594147868
 g__Croceibacterium_484881,0.00023327916825368572,6.205957495293513e-05,0.0002189474471943,0.00017142873013369677,8.596262893397328e-05
 g__Gp6-AA45,9.01483614992008e-05,0.00032476385708989997,4.48594586900659e-05,0.00015325722575974717,0.00015635933038264844
 g__Selenomonas_A_42762,0.00019238012346974606,0.0002229198936755,0.0001039239734304,0.00017307466352522657,6.1985121664038e-05
 g__Fimenecus,0.00032651117205900965,4.168652093239886e-05,0.00010447927633923883,0.00015755898977684626,0.00012283248468845888
 g__Hydrogenophaga_590395,0.0,0.0003539920988671279,9.716790037451548e-05,0.00015038666641387598,0.00014977334513044288
 g__Modestobacter,0.0003143916716088307,5.182808214903425e-05,8.222750326540888e-05,0.00014948241900771114,0.00012187796413875505
 g__Senegalimassilia,0.0,0.0001508165443859,0.0002865577339603,0.0001457914261154,0.000117040655567
 g__Nosocomiicoccus,3.745072297008917e-05,0.0001269665361556,0.0002827956702675,0.0001490709764644,0.00010137386416
 g__Niastella,0.0002030596415813273,0.0,0.0002341137388079,0.00014572446012981147,0.00011470439049380598
 g__Xanthovirga,0.0,0.0001132656632208,0.0002971425907445,0.0001368027513218,0.0001224443429911
 g__Stutzerimonas_648792,0.0001545694643315406,0.0002149750744111843,8.375517114361461e-05,0.00015109990329544164,6.233339883392536e-05
 g__Gemmatirosa,0.0,0.0001601739026069,0.0002445031720512,0.0001348923582193,0.000101406172234
 g__VAYN01,0.0001516250982463,0.0002504715032749,0.0,0.0001340322005071,0.0001030084981165
 g__Rhodopila_506777,0.0,0.0002379830500468765,0.0001608453359103,0.00013294279531905884,0.00010661530869683212
 g__Dorea_D_146760,2.071428571428572e-05,0.0002598325261469,0.0001246275325895,0.0001350581148169,9.789784134871716e-05
 g__Acanthopleuribacter,0.0001977512767387,0.0002073978606031,0.0,0.0001350497124473,9.557573879439412e-05
 g__Alcaligenes,3.907552003211431e-05,0.0002641901276722,8.668658474815052e-05,0.0001299840774841,9.686812788928364e-05
 g__Bulleidia,0.0,0.0001382769180413,0.0002470926304226,0.0001284565161546,0.0001011138705361
 g__Nonomuraea_394555,4.9803099789211464e-05,0.0002991938430737436,0.0,0.00011633231428761028,0.0001359251560094563
 g__Hyphomicrobium_B_496627,0.0,0.0002006655825158,0.0001811105033607,0.0001272586952922,9.033892452241608e-05
 g__UBA1268,0.00018286453792224814,0.0,0.00019413847838292968,0.00012566767210174819,8.897989669056893e-05
 g__Advenella_A,0.0001286146789322,0.0002069738934565,5.597614101883706e-05,0.0001305215711358,6.165931932112885e-05
 g__Saccharopolyspora_D_379453,0.0002202383181353,0.0,0.0001455201664618,0.0001219194948657,9.144751853245172e-05
 g__Anaerotignum_189125,0.0002287737211581,0.0001343810460479,0.0,0.0001210515890686,9.387086765216566e-05
 g__GCA-002050365,0.0001422770675443,0.0002189605735934,0.0,0.0001204125470459,9.07174225808172e-05
 g__Lachnoclostridium_A_130679,0.00014590684397176854,9.309389729789256e-05,0.00013977608623097417,0.00012625894250022367,6.606696808318778e-05
 g__Aquabacterium_A_592457,0.0001486300816833,3.3461538461538457e-05,0.0001840376872539,0.0001220431024663,6.428294094189232e-05
 g__Paludisphaera,0.00020674366065119587,0.0,0.00012824617616463439,0.00011166327893862909,9.823124199180384e-05
 g__Ruminococcus_C_58660,7.146150682270684e-05,9.17760772806952e-05,0.0001894934062737975,0.00011757699679241326,7.068785005584067e-05
 g__Kineococcus,0.0,0.00019484623749708722,0.0001409706100202,0.00011193894917236241,8.564327433962072e-05
 g__Hominenteromicrobium,5.9080159413933534e-05,0.0002240478862501,2.2145397730758043e-05,0.0001017578144649,8.777695368781842e-05
 g__Petroclostridium,0.0001874064308862,0.0001222963570626,0.0,0.0001032342626496,7.768661474987128e-05
 g__Actinoplanes,1.997905643738975e-05,0.00014832393555839205,0.00014212917382534982,0.00010347738860704388,6.742728832934865e-05
 g__Negativicoccus,9.120019430101393e-05,7.935318975501716e-05,0.0001579739242263,0.0001095091027608,3.4609411715566045e-05
 g__Allosphingosinicella,0.0001167607816064,7.587700139122456e-05,0.0001366067623825,0.0001097481817934,2.5283833894662315e-05
 g__Chryseomicrobium_303841,0.0001518908360353,0.0001174398099696,4.554102827815567e-05,0.000104957224761,4.430524124460439e-05
 g__Rickettsia,0.000145605280085,1.8758417365228528e-05,0.0001381785474455,0.0001008474149652,5.812481819132247e-05
 g__UBA3402,4.625675639237546e-05,0.0002083475100738,2.47379010907551e-05,9.311405585233823e-05,8.195456876524072e-05
 g__W11650,0.0,0.0001056790370903,0.0001788918403441,9.485695914484894e-05,7.343210316896396e-05
 g__Clostridium_R_135822,2.936082318205328e-05,0.00016182107881572948,9.516933557292517e-05,9.545041252358348e-05,6.941353557926012e-05
 g__W5053,0.0001372080257405,2.6064797191557765e-05,0.000132712219665,9.866168086569264e-05,5.136655012401265e-05
 g__Limnohabitans_A,0.0001586997853365328,9.49664507381549e-05,0.0,8.455541202489591e-05,7.649355973786512e-05
 g__KBS-96,9.792424164362932e-05,4.922401609045444e-05,0.0001340769964676,9.374175140059384e-05,3.4767101194472385e-05
 g__Paraprevotella,5.553015399258848e-05,0.00013170353485605633,9.10959399753042e-05,9.277654294131634e-05,3.825885010079653e-05
 g__Tetragenococcus,0.0,0.00011988421601504708,0.00013481971710328804,8.490131103944503e-05,6.552554202942322e-05
 g__Campylobacter_B,0.0001135118292901,0.0001427023787299,0.0,8.540473600670183e-05,6.155484678144779e-05
 g__Blautia_A_141780,9.548355467641087e-05,7.001612644918983e-05,0.00010673466783853809,9.074478298804626e-05,3.771398123363144e-05
 g__Eubacterium_I,0.0,0.00018435322817871513,5.207453713825985e-05,7.880925510569056e-05,7.963552386298295e-05
 g__Bacillus_A,0.00016663199965310485,0.0,7.45315779602339e-05,8.038785920444624e-05,6.957193756139813e-05
 g__HOT-345,6.751348683898471e-05,1.840220090627601e-05,0.00015665868822532921,8.085812532356085e-05,6.50545198557085e-05
 g__Micavibrio_B_508655,0.000109302443608,0.0,0.0001372018332699,8.216809229268813e-05,5.9207491244160575e-05
 g__Gallibacter,0.00013629953037045558,4.224617511231432e-05,8.286753445684418e-05,8.713774664653803e-05,3.853014474942892e-05
 g__Rhizobium_C_501058,2.4817634601009105e-05,5.498922368931636e-05,0.00015015582294614354,7.665422707882893e-05,7.996133765096981e-05
 g__Arenimonas_613591,7.353286742395806e-05,0.00012120906245513575,6.988080314414304e-05,8.820757767441228e-05,2.3433351080910313e-05
 g__Chryseotalea,0.0001104164615751,3.445510022772864e-05,0.0001058388864937,8.357014943220207e-05,3.4779827411637395e-05
 g__Ilyomonas,0.0001264727480616,0.0,0.0001038287419733,7.676716334499137e-05,5.506411886131789e-05
 g__Photobacterium,8.217604277530265e-05,0.0001285971450881,2.4282744282744267e-05,7.835197738206474e-05,4.26719358278669e-05
 g__Nitrosocosmicus,7.845593457148755e-05,0.0001073683927284,6.574970791369209e-05,8.385801173789128e-05,1.7414851127936674e-05
 g__Paraburkholderia_580243,0.0001785908596939,1.5898702804499133e-05,0.0,6.48298541661419e-05,9.153467167602405e-05
 g__Evtepia,5.770837480919828e-05,3.85071142562012e-05,0.0001089574746204,6.83909878952997e-05,7.213494766975763e-05
 g__Eggerthella,5.618668368482025e-05,0.0001493088358069,0.0,6.84985064972552e-05,6.157362989803311e-05
 g__Actinotalea,9.43149467618833e-05,0.0,0.0001178568699621,7.072393890799852e-05,5.092453362894352e-05
 g__Alterileibacterium,0.0001301985249269238,4.5547131311716826e-05,3.509959768423117e-05,7.02817513076467e-05,4.262033302195349e-05
 g__UMGS1071,6.466213720963901e-05,0.0,0.0001318151036199,6.549241360984996e-05,5.398627005137843e-05
 g__Gulosibacter,9.916643300398052e-05,0.0,0.0001021922179799,6.711955032797912e-05,4.7476761830414126e-05
 g__Brotaphodocola,0.0,0.000120612028969,6.337864304524795e-05,6.133022400476078e-05,6.926239016817823e-05
 g__Marinomonas,0.0,8.476653544742177e-05,0.0001142038600787,6.632346517538308e-05,4.841308738357779e-05
 g__Chryseolinea_899021,0.0,4.410083757378043e-05,0.000142009397783776,6.203674511918548e-05,6.248426354078354e-05
 g__Gleimia,0.0,0.0001418272497632,4.679456786468067e-05,6.28739392093162e-05,5.900650716083276e-05
 g__Gluconobacter_C,1.9470664886854817e-05,0.0,0.0001567732579882,5.874797429168928e-05,6.976863612742725e-05
 g__Stoquefichus,1.373502815852026e-05,1.379901027788352e-05,0.0001514531628655559,5.966240043398656e-05,6.490588278370223e-05
 g__Azospirillum,0.000139961250865,4.1876459757217645e-05,0.0,6.061257020743567e-05,5.865474866841387e-05
 g__Lentihominibacter,0.00014699307236771433,0.0,2.7868193690978487e-05,5.8287088686230946e-05,6.45572189796347e-05
 g__Fluviicola,5.5369274158556945e-05,0.0001270217761541723,0.0,6.0797016770909755e-05,5.210018334391766e-05
 g__Wujia,0.0,0.0001038739475958,8.130358848693134e-05,6.172584536092872e-05,4.460878289244099e-05
 g__Alicyclobacillus_A_368256,4.966191024103313e-05,0.0,0.0001283418157125,5.933457531787718e-05,5.28398571305679e-05
 g__Criibacterium,2.87461818609022e-05,0.0,0.000140409519159,5.638523367332482e-05,6.0562068196948747e-05
 g__Camelimonas,0.0,0.00010005921596207176,8.108530908670302e-05,6.0381508349591605e-05,4.3627021485166735e-05
 g__Ruminiclostridium_E,0.0001090267347427,0.0,6.936277641137572e-05,5.946317038472318e-05,4.5057066569563256e-05
 g__Atopobium,8.039194468958391e-05,9.589216478896598e-05,0.0,5.87613698261833e-05,4.202965733597675e-05
 g__Pseudoleptotrichia,0.0,9.049014110183448e-05,7.791742534466328e-05,5.613585548216592e-05,4.8267540280885566e-05
 g__Paenibacillus_A,1.379901027788352e-05,0.0,0.0001413188125285,5.170594093549201e-05,6.361579068927998e-05
 g__Burkholderia,9.653295119971652e-05,2.0490602037916595e-05,4.715051139718694e-05,5.472468821160668e-05,4.959297628353886e-05
 g__Rhodocytophaga,0.0,8.238453273413399e-05,8.760851503094388e-05,5.666434925502596e-05,4.01244634865981e-05
 g__Macrococcus_B,0.0001108302687402,0.0,5.424827559806602e-05,5.502618144610772e-05,4.524961119826127e-05
 g__Halomonas_640244,7.785451857315103e-05,5.721402740930342e-05,5.3114286180116687e-05,6.272761072085705e-05,1.0826494520863111e-05
 g__Patulibacter,0.0,4.428229365635833e-05,0.00011374178464473224,5.2674692767030195e-05,4.864333610251779e-05
 g__Sarcina_201130,0.0,9.364091557451723e-05,6.746652654696764e-05,5.370248070716163e-05,3.944821065497291e-05
 g__Turicibacter,9.280054143119638e-05,5.361584592972114e-05,1.8333695095616582e-05,5.491669415217803e-05,3.0414875257184215e-05
 g__GWC2-73-18,5.7346526072511904e-05,7.388242405201817e-05,4.0411421485590295e-05,5.721345720337346e-05,1.366480354032226e-05
 g__Oerskovia,6.083482115350978e-05,9.21488133793357e-05,0.0,5.099454484428182e-05,3.825767226048805e-05
 g__Dysgonomonas,8.47116347698436e-05,5.7195960703015645e-05,0.0,4.7302531824286414e-05,4.7473195843205976e-05
 g__Nakamurella,7.626534438237029e-05,0.0,7.354397621415511e-05,4.99364401988418e-05,3.532786913072191e-05
 g__Tardiphaga,4.907601705814663e-05,9.504902269440448e-05,0.0,4.804167991751704e-05,3.881049315825743e-05
 g__Granulicella_C_416634,0.0001095976154361,0.0,2.4282744282744267e-05,4.462678657295568e-05,4.699871891765063e-05
 g__Haloferula_776278,7.639661669898104e-05,6.54374643484528e-05,0.0,4.727802701581128e-05,3.372866865582214e-05
 g__Enterococcus_E,0.0,0.0,0.0001208294313369,4.02764771123179e-05,5.695954017684953e-05
 g__Herbaspirillum,0.0,0.0001039179221036,2.5440313111545992e-05,4.311941173838831e-05,4.422779314546203e-05
 g__VFJQ01,0.0,9.196618153809484e-05,4.066067260107058e-05,4.420895137972181e-05,3.7628777536992656e-05
 g__Nitrospira_D,5.923636930057809e-05,6.817631651308773e-05,0.0,4.247089527122194e-05,3.943804561939735e-05
 g__Shinella,8.309901342094353e-05,4.532276995804382e-05,0.0,4.2807261126329115e-05,3.620676208310836e-05
 g__Singulisphaera,0.0,4.172470998280432e-05,8.459330123421994e-05,4.2106003739008086e-05,3.4536123041652675e-05
 g__Thermicanus,7.44848378461773e-05,0.0,5.358484400419672e-05,4.268989395012467e-05,3.157617288772383e-05
 g__Thermoanaerobacterium,3.0982905982905995e-05,0.0,8.11722704464034e-05,3.73850588097698e-05,3.344622592530587e-05
 g__Eubacterium_B,0.0,4.599042251449231e-05,6.523798838931379e-05,3.707613696793537e-05,2.8314829598100408e-05
 g__Thomasclavelia,0.0,2.2698377557453307e-05,8.331433749540866e-05,3.533757168428732e-05,3.5167519381825055e-05
 g__Enterenecus,0.0,7.914024754976654e-05,2.5575575575575572e-05,3.490527437511404e-05,3.297551773995534e-05
 g__Cellvibrio,0.0,4.551130031449317e-05,5.859238435943276e-05,3.4701228224641976e-05,2.511188457247165e-05
 g__Schaedlerella,3.392770079645223e-05,1.6273849607182945e-05,4.615016907974656e-05,3.211723982779391e-05,3.5105246714347624e-05
 g__JAACVK01,0.0,0.0,8.982408816132623e-05,2.994136272044208e-05,4.2343481235181375e-05
 g__RUG350,2.828840235225731e-05,4.85223357762346e-05,3.813758198406828e-05,3.831610670418673e-05,8.26143323958809e-06
 g__Clostridium_A_51961,2.0928369385719695e-05,1.3793759512937594e-05,6.513230663592435e-05,3.3284811844860545e-05,2.8378571360447952e-05
 g__Cohnella,0.0,0.0,8.156010675500737e-05,2.718670225166912e-05,3.844780304050964e-05
 g__Spirosoma,5.025839935579142e-05,3.64100161545247e-05,0.0,2.8889471836772033e-05,3.0073152657757314e-05
 g__Barnesiella_B,4.267972872324205e-05,0.0,4.985444540863639e-05,3.0844724710626143e-05,2.2006316089320844e-05
 g__Limivivens,5.115069794623088e-05,0.0,4.07802627630861e-05,3.064365356977233e-05,2.2078067692472803e-05
 g__Filifactor,1.681286549707601e-05,2.7476650431216075e-05,4.746354093881779e-05,3.0584352289036624e-05,2.194463484626329e-05
 g__Bdellovibrio,2.26139416939864e-05,6.415411851178701e-05,0.0,2.8922686735257804e-05,2.656799990593857e-05
 g__Gemmobacter_C,2.96634746313056e-05,5.851359214517372e-05,0.0,2.939235559215977e-05,2.388884321997718e-05
 g__Peredibacter,5.344281364108105e-05,2.312157162903432e-05,0.0,2.5521461756705123e-05,3.609279734791866e-05
 g__Mobilitalea_183372,0.0,0.0,7.646133352920215e-05,2.548711117640072e-05,3.604421829137679e-05
 g__Paenalcaligenes,2.182071852421277e-05,5.931243822162574e-05,2.3108578664134237e-06,2.7814671537417316e-05,2.365362051626642e-05
 g__Blastomonas_485421,3.837110614566192e-05,4.6937926327957945e-05,0.0,2.843634415787329e-05,2.0409423539265865e-05
 g__Solirubrum,4.284443439826381e-05,0.0,3.415204678362577e-05,2.5665493727296523e-05,1.8491936563634094e-05
 g__Chroococcidiopsis,5.3190625829455937e-05,0.0,1.831984440680093e-05,2.3836823412085623e-05,2.491460803991403e-05
 g__Tepidiphilus,2.2998350463139217e-06,0.0,6.522161250468474e-05,2.2507149183666217e-05,3.021827640035128e-05
 g__UBA3282,0.0,3.261874096981925e-05,4.304118607031232e-05,2.521997568004385e-05,1.8333797941592293e-05
 g__Eubacterium_R,0.0,0.0,6.32423153500505e-05,2.1080771783350168e-05,2.9812713361305863e-05
 g__Bittarella,4.7301738075020846e-05,0.0,2.130190796857465e-05,2.2867882014531832e-05,1.934257501409654e-05
 g__Erythrobacter_484373,2.207001522070015e-05,0.0,4.670984109806783e-05,2.2926618772922658e-05,1.907883017178895e-05
 g__Olegusella,0.0,6.0727993158293395e-05,0.0,2.0242664386097797e-05,2.862745051338635e-05
 g__UBA1351,3.5017612823845435e-05,0.0,3.005601716017307e-05,2.1691209994672838e-05,1.5471173218972743e-05
 g__Rhizobacter_590950,0.0,0.0,5.633865458378311e-05,1.8779551527927702e-05,2.6558296466079732e-05
 g__Desulfovibrio_446353,9.19934018525568e-06,0.0,4.990757415535753e-05,1.9702304780204406e-05,2.2015106317057658e-05
 g__VXNJ01,5.372987841592234e-05,0.0,0.0,1.790995947197411e-05,2.5328507586818265e-05
 g__Aneurinibacillus_A,5.192798507339857e-05,3.514867485455708e-07,0.0,1.7426490607314715e-05,2.4396662695657262e-05
 g__Oligoflexus,3.571811564161504e-05,2.3673469387755117e-05,0.0,1.979719500979005e-05,1.483722960521713e-05
 g__Lentilactobacillus,5.026960093797519e-05,0.0,0.0,1.675653364599173e-05,2.369731714052259e-05
 g__Demequina,2.496420375935316e-05,0.0,3.2333955719543494e-05,1.909938649296555e-05,1.3836382819567608e-05
 g__Paludihabitans,0.0,3.73747396101716e-05,1.4636591478696749e-05,1.7337110362956116e-05,1.5377199396405347e-05
 g__Jutongia,4.6856340007024936e-05,0.0,0.0,1.5618780002341645e-05,2.208829050703324e-05
 g__Rodentibacter_A_734545,0.0,0.0,4.623557438947803e-05,1.541185812982601e-05,2.1795658788569992e-05
 g__Hyphomicrobium_C,0.0,4.47787768795028e-05,0.0,1.4926258959834266e-05,2.1108917856490545e-05
 g__Ruoffia,0.0,4.3713629689743314e-05,0.0,1.4571209896581103e-05,2.0606802655930066e-05
 g__Paenibacillus_J_366884,2.2619122343800216e-05,0.0,2.5647782169521304e-05,1.608896817110717e-05,1.1443611542199984e-05
 g__CAG-349,0.0,0.0,4.03174839926276e-05,1.3439161330875869e-05,1.9005844221044703e-05
 g__Cupidesulfovibrio,0.0,0.0,3.973975405611555e-05,1.324658468537185e-05,1.8733499717176606e-05
 g__UBA952,0.0,0.0,3.945968905646325e-05,1.3153229685487748e-05,1.860147581022517e-05
 g__Lichenihabitans_504419,3.936140505584952e-05,0.0,0.0,1.3120468351949838e-05,1.8555144288014436e-05
 g__Aliarcobacter_475806,3.81952011671692e-05,0.0,0.0,1.2731733722389732e-05,1.8005390502726446e-05
 g__CAG-273,1.737276840505705e-05,2.307741278329515e-06,2.323127058510125e-05,1.4303926756162604e-05,8.81331800789108e-06
 g__Eubacterium_G_180878,0.0,2.0603685411252276e-05,1.9509177665216712e-05,1.3370954358822996e-05,9.465245274188751e-06
 g__Adhaeribacter_A,0.0,0.0,3.448646581176701e-05,1.1495488603922336e-05,1.6257075889772324e-05
 g__CAJPSE01,2.804363997024544e-05,0.0,0.0,9.347879990081813e-06,1.3219898661409771e-05
 g__Palsa-739,0.0,2.6669335262331597e-05,0.0,8.889778420777199e-06,1.2572045209154789e-05
 g__Flexibacter,0.0,0.0,2.579049637873168e-05,8.596832126243892e-06,1.2157756586378846e-05
 g__VFJN01,0.0,0.0,2.332726854465984e-05,7.775756181553278e-06,1.0996579849659076e-05
 g__SCN-69-37,0.0,2.29962325996664e-05,0.0,7.665410866555466e-06,1.084052800864484e-05
 g__Armatimonas,2.1787634804282345e-05,0.0,0.0,7.262544934760781e-06,1.0270789544082725e-05
 g__Limnovirga,2.071428571428572e-05,0.0,0.0,6.904761904761906e-06,9.764807930671372e-06
 g__F1-20-MAGs016,0.0,0.0,1.831984440680093e-05,6.106614802266976e-06,8.636057473554253e-06
 g__Paenibacillus_T_364413,3.742418376564715e-06,1.4730158730158731e-05,0.0,6.15752570224115e-06,6.251343940829569e-06
 g__Allosalinactinospora,1.4367816091954024e-05,0.0,0.0,4.789272030651342e-06,6.77305345964126e-06
 g__Udaeobacter,0.0,0.0,1.3791800491214812e-05,4.597266830404937e-06,6.501517101406634e-06
 g__UBA11740,0.0,0.0,0.0,0.0,0.0
 g__Abditibacterium,0.0,0.0,0.0,0.0,0.0
 g__UMGS872,0.0,0.0,0.0,0.0,0.0
 g__Alkalibacterium,0.0,0.0,0.0,0.0,0.0
 g__Kribbella,0.0,0.0,0.0,0.0,0.0
 g__Haematospirillum,0.0,0.0,0.0,0.0,0.0
 g__Aequorivita,0.0,0.0,0.0,0.0,0.0
 g__UBA994,0.0,0.0,0.0,0.0,0.0
 g__Jatrophihabitans_A_372606,0.0,0.0,0.0,0.0,0.0
 g__Alistipes_A_871404,0.0,0.0,0.0,0.0,0.0
 g__JAACSU01,0.0,0.0,0.0,0.0,0.0
 g__Treponema_C,0.0,0.0,0.0,0.0,0.0
 g__Geobacillus,0.0,0.0,0.0,0.0,0.0
 g__Lactiplantibacillus,0.0,0.0,0.0,0.0,0.0
 g__Alicyclobacillus_I,0.0,0.0,0.0,0.0,0.0
 g__Gordonibacter,0.0,0.0,0.0,0.0,0.0
 g__UBA4285,0.0,0.0,0.0,0.0,0.0
 g__Suilimivivens,0.0,0.0,0.0,0.0,0.0
 g__KBS-83,0.0,0.0,0.0,0.0,0.0
 g__Alicyclobacillus_B_368313,0.0,0.0,0.0,0.0,0.0
 g__Terriglobus_A,0.0,0.0,0.0,0.0,0.0
 g__Khoudiadiopia,0.0,0.0,0.0,0.0,0.0
 g__Victivallis,0.0,0.0,0.0,0.0,0.0
 g__Tautonia,0.0,0.0,0.0,0.0,0.0
 g__Truepera,0.0,0.0,0.0,0.0,0.0
 g__Aerococcus,0.0,0.0,0.0,0.0,0.0
 g__Harryflintia,0.0,0.0,0.0,0.0,0.0
 g__Dactylopiibacterium,0.0,0.0,0.0,0.0,0.0
 g__G11,0.0,0.0,0.0,0.0,0.0
 g__Pseudobutyricicoccus,0.0,0.0,0.0,0.0,0.0
 g__Prosthecobacter,0.0,0.0,0.0,0.0,0.0
 g__CADDYX01,0.0,0.0,0.0,0.0,0.0
 g__CAG-177,0.0,0.0,0.0,0.0,0.0
 g__Poseidonocella_488769,0.0,0.0,0.0,0.0,0.0
 g__Planctomicrobium,0.0,0.0,0.0,0.0,0.0
 g__Phreatobacter,0.0,0.0,0.0,0.0,0.0
 g__Micavibrio_B_508717,0.0,0.0,0.0,0.0,0.0
 g__Cellulomonas_A,0.0,0.0,0.0,0.0,0.0
 g__Edaphobacter_415416,0.0,0.0,0.0,0.0,0.0
 g__Cereibacter_A_494292,0.0,0.0,0.0,0.0,0.0
 g__Pediococcus,0.0,0.0,0.0,0.0,0.0
 g__Miltoncostaea,0.0,0.0,0.0,0.0,0.0
 g__Paucibacter_A,0.0,0.0,0.0,0.0,0.0
 g__Moheibacter,0.0,0.0,0.0,0.0,0.0
 g__Dyella_B,0.0,0.0,0.0,0.0,0.0
 g__Cnuella,0.0,0.0,0.0,0.0,0.0
 g__Dulcicalothrix,0.0,0.0,0.0,0.0,0.0
 g__Parafilimonas,0.0,0.0,0.0,0.0,0.0
 g__Devosia_A_501803,0.0,0.0,0.0,0.0,0.0
 g__Paenibacillus_J_366882,0.0,0.0,0.0,0.0,0.0
 g__Paenibacillus_AH,0.0,0.0,0.0,0.0,0.0
 g__Niveispirillum,0.0,0.0,0.0,0.0,0.0
 g__Ochrobactrum_A_499075,0.0,0.0,0.0,0.0,0.0
 g__Oceanisphaera,0.0,0.0,0.0,0.0,0.0
 g__Occallatibacter,0.0,0.0,0.0,0.0,0.0
 g__Pseudaminobacter_498387,0.0,0.0,0.0,0.0,0.0
 g__Metamycoplasma,0.0,0.0,0.0,0.0,0.0
 g__Alteraurantiacibacter_484829,0.0,0.0,0.0,0.0,0.0
 g__Pseudolabrys_502538,0.0,0.0,0.0,0.0,0.0
 g__AC-16,0.0,0.0,0.0,0.0,0.0
 g__Laedolimicola,0.0,0.0,0.0,0.0,0.0
 g__Seramator,0.0,0.0,0.0,0.0,0.0
 g__Scardovia,0.0,0.0,0.0,0.0,0.0
 g__Aquella,0.0,0.0,0.0,0.0,0.0
 g__Salmonella,0.0,0.0,0.0,0.0,0.0
 g__Flavipsychrobacter,0.0,0.0,0.0,0.0,0.0
 g__SCGC-AG-212-J23,0.0,0.0,0.0,0.0,0.0
 g__Leucobacter,0.0,0.0,0.0,0.0,0.0
 g__Ruthenibacterium,0.0,0.0,0.0,0.0,0.0
 g__Ruminococcus_C_59129,0.0,0.0,0.0,0.0,0.0
 g__Bacteroides_H_857955,0.0,0.0,0.0,0.0,0.0
 g__Nostoc_B_27156,0.0,0.0,0.0,0.0,0.0
 g__Bacteroides_I,0.0,0.0,0.0,0.0,0.0
 g__Limenecus,0.0,0.0,0.0,0.0,0.0
 g__Rhodovarius,0.0,0.0,0.0,0.0,0.0
 g__MWCO01,0.0,0.0,0.0,0.0,0.0
 g__Ramlibacter_588642,0.0,0.0,0.0,0.0,0.0
 g__REDI01,0.0,0.0,0.0,0.0,0.0
 g__Macellibacteroides,0.0,0.0,0.0,0.0,0.0
 g__QHVH01,0.0,0.0,0.0,0.0,0.0
 g__Pusillimonas_A,0.0,0.0,0.0,0.0,0.0
 g__Pseudoruminococcus,0.0,0.0,0.0,0.0,0.0
 g__Pseudomonas_S,0.0,0.0,0.0,0.0,0.0
 g__Pseudomonas_K,0.0,0.0,0.0,0.0,0.0
 g__Fen-455,0.0,0.0,0.0,0.0,0.0
