	 g__Streptococcus	 g__Staphylococcus	 g__Haemophilus_D_734546	 g__Corynebacterium	 g__	 g__Acinetobacter	 g__Prevotella	 g__Micrococcus	 g__Dolosigranulum	 g__Moraxella_A	 g__Veillonella_A	 g__Caldora	 g__Neisseria_563205	 g__Cutibacterium	 g__Psychrobacter	 g__Chryseobacterium_A_796612	 g__Granulicatella	 g__Gemella	 g__Bifidobacterium_388775	 g__Aeromonas	 g__F0422	 g__Paracoccus	 g__Haemophilus_D_735815	 g__Brevibacterium	 g__Brachybacterium	 g__Tersicoccus	 g__Faecalibacterium	 g__Escherichia	 g__Chishuiella	 g__Porphyromonas_A	 g__Actinomyces	 g__Fusobacterium_C	 g__Leptotrichia_A_993758	 g__Blautia_A_141781	 g__Rothia	 g__Capnocytophaga	 g__Anaerococcus	 g__Finegoldia	 g__Sphingomonas_L_486704	 g__Brevundimonas	 g__Alloprevotella	 g__Nocardioides_A_392796	 g__Telluria_573210	 g__Pauljensenia
900344	0.0	0.0	0.0	0.0	0.0	0.0	0.0	0.0	0.0	0.0	0.0	0.0	0.0	0.0	0.0	0.0	0.0	0.0	0.0	0.0	0.0	0.0	0.0	0.0	0.0	0.0	0.0	0.0	0.0	0.0	0.0	0.0	0.0	0.0	0.0	0.0	0.0	0.0	0.0	0.0	0.0	0.0	0.0	0.0
900459	0.0	0.0	0.0	0.0	0.0	0.0	0.0	0.0	0.0	0.0	0.0	0.0	0.0	0.0	0.0	0.0	0.0	0.0	0.0	0.0	0.0	0.0	0.0	0.0	0.0	0.0	0.0	0.0	0.0	0.0	0.0	0.0	0.0	0.0	0.0	0.0	0.0	0.0	0.0	0.0	0.0	0.0	0.0	0.0
900221	2.0	175.0	0.0	7.0	7.0	82.0	3.0	4.0	0.0	0.0	0.0	0.0	0.0	0.0	2712.0	0.0	0.0	0.0	0.0	0.0	0.0	0.0	0.0	0.0	0.0	0.0	1.0	0.0	0.0	1.0	0.0	0.0	0.0	0.0	0.0	0.0	0.0	0.0	0.0	0.0	2.0	0.0	0.0	0.0
900570	361.0	710.0	2.0	37.0	510.0	55.0	645.0	0.0	0.0	43.0	86.0	2.0	30.0	10.0	6.0	3.0	4.0	7.0	0.0	3.0	68.0	62.0	2.0	0.0	104.0	6.0	1.0	31.0	0.0	0.0	3.0	1.0	7.0	10.0	0.0	0.0	4.0	0.0	0.0	3.0	4.0	12.0	0.0	4.0
900092	2920.0	0.0	0.0	46.0	20.0	0.0	0.0	2.0	2.0	0.0	0.0	0.0	0.0	0.0	0.0	0.0	0.0	0.0	0.0	0.0	0.0	0.0	0.0	0.0	0.0	0.0	0.0	0.0	0.0	0.0	0.0	0.0	0.0	0.0	0.0	0.0	0.0	0.0	0.0	0.0	0.0	0.0	0.0	1.0
900129	0.0	0.0	0.0	0.0	0.0	0.0	0.0	0.0	0.0	0.0	0.0	0.0	0.0	0.0	0.0	0.0	0.0	0.0	0.0	0.0	0.0	0.0	0.0	0.0	0.0	0.0	0.0	0.0	0.0	0.0	0.0	0.0	0.0	0.0	0.0	0.0	0.0	0.0	0.0	0.0	0.0	0.0	0.0	0.0
900391	0.0	0.0	0.0	0.0	0.0	0.0	0.0	0.0	0.0	0.0	0.0	0.0	0.0	0.0	0.0	0.0	0.0	0.0	0.0	0.0	0.0	0.0	0.0	0.0	0.0	0.0	0.0	0.0	0.0	0.0	0.0	0.0	0.0	0.0	0.0	0.0	0.0	0.0	0.0	0.0	0.0	0.0	0.0	0.0
900321	0.0	0.0	0.0	0.0	0.0	0.0	0.0	0.0	0.0	0.0	0.0	0.0	0.0	0.0	0.0	0.0	0.0	0.0	0.0	0.0	0.0	0.0	0.0	0.0	0.0	0.0	0.0	0.0	0.0	0.0	0.0	0.0	0.0	0.0	0.0	0.0	0.0	0.0	0.0	0.0	0.0	0.0	0.0	0.0
900466	2915.0	3.0	0.0	1.0	1.0	0.0	1.0	0.0	67.0	0.0	3.0	4.0	0.0	1.0	0.0	0.0	0.0	0.0	1.0	0.0	0.0	1.0	0.0	0.0	0.0	0.0	0.0	0.0	0.0	0.0	0.0	0.0	0.0	1.0	0.0	0.0	0.0	0.0	0.0	0.0	0.0	0.0	0.0	0.0
9003932	2101.0	0.0	850.0	18.0	0.0	0.0	3.0	0.0	24.0	0.0	0.0	0.0	0.0	0.0	0.0	0.0	0.0	0.0	0.0	0.0	0.0	0.0	0.0	0.0	0.0	0.0	0.0	0.0	0.0	0.0	0.0	0.0	0.0	0.0	0.0	0.0	0.0	0.0	0.0	4.0	0.0	0.0	0.0	0.0
900091	52.0	243.0	0.0	270.0	606.0	58.0	86.0	942.0	0.0	645.0	0.0	0.0	0.0	0.0	0.0	0.0	0.0	0.0	0.0	1.0	0.0	1.0	0.0	0.0	52.0	0.0	0.0	0.0	0.0	0.0	0.0	0.0	0.0	0.0	0.0	0.0	0.0	0.0	0.0	0.0	0.0	0.0	12.0	0.0
900556	1898.0	5.0	756.0	109.0	67.0	0.0	31.0	3.0	34.0	0.0	50.0	0.0	9.0	0.0	0.0	0.0	0.0	6.0	0.0	0.0	0.0	0.0	0.0	7.0	0.0	0.0	0.0	0.0	0.0	0.0	5.0	1.0	2.0	0.0	6.0	0.0	0.0	0.0	0.0	0.0	0.0	0.0	0.0	0.0
900612	0.0	0.0	0.0	0.0	0.0	0.0	0.0	0.0	0.0	0.0	0.0	0.0	0.0	0.0	0.0	0.0	0.0	0.0	0.0	0.0	0.0	0.0	0.0	0.0	0.0	0.0	0.0	0.0	0.0	0.0	0.0	0.0	0.0	0.0	0.0	0.0	0.0	0.0	0.0	0.0	0.0	0.0	0.0	0.0
900301	5.0	2942.0	0.0	37.0	8.0	0.0	0.0	0.0	0.0	1.0	5.0	0.0	0.0	0.0	0.0	0.0	0.0	0.0	0.0	0.0	1.0	0.0	0.0	0.0	0.0	0.0	0.0	0.0	0.0	0.0	0.0	0.0	0.0	0.0	0.0	0.0	0.0	0.0	0.0	0.0	0.0	0.0	0.0	0.0
900245	19.0	53.0	0.0	510.0	693.0	385.0	40.0	71.0	0.0	31.0	3.0	65.0	7.0	13.0	173.0	50.0	0.0	0.0	2.0	0.0	1.0	25.0	0.0	20.0	75.0	13.0	0.0	0.0	34.0	0.0	0.0	0.0	0.0	4.0	0.0	0.0	7.0	0.0	26.0	29.0	0.0	17.0	14.0	0.0
900423	0.0	0.0	0.0	0.0	0.0	0.0	0.0	0.0	0.0	0.0	0.0	0.0	0.0	0.0	0.0	0.0	0.0	0.0	0.0	0.0	0.0	0.0	0.0	0.0	0.0	0.0	0.0	0.0	0.0	0.0	0.0	0.0	0.0	0.0	0.0	0.0	0.0	0.0	0.0	0.0	0.0	0.0	0.0	0.0
900581	147.0	1552.0	24.0	30.0	284.0	45.0	198.0	56.0	0.0	31.0	17.0	3.0	190.0	50.0	0.0	31.0	8.0	0.0	7.0	6.0	18.0	3.0	28.0	3.0	0.0	0.0	24.0	7.0	0.0	17.0	28.0	7.0	6.0	0.0	0.0	16.0	2.0	36.0	0.0	5.0	21.0	0.0	4.0	1.0
900145	34.0	2.0	0.0	4.0	29.0	3.0	2159.0	3.0	0.0	0.0	5.0	0.0	0.0	1.0	0.0	0.0	1.0	0.0	0.0	0.0	0.0	0.0	5.0	0.0	0.0	1.0	218.0	0.0	0.0	0.0	0.0	0.0	0.0	125.0	0.0	0.0	0.0	0.0	0.0	0.0	0.0	0.0	0.0	0.0
900563	0.0	0.0	0.0	0.0	0.0	0.0	0.0	0.0	0.0	0.0	0.0	0.0	0.0	0.0	0.0	0.0	0.0	0.0	0.0	0.0	0.0	0.0	0.0	0.0	0.0	0.0	0.0	0.0	0.0	0.0	0.0	0.0	0.0	0.0	0.0	0.0	0.0	0.0	0.0	0.0	0.0	0.0	0.0	0.0
900364	0.0	0.0	0.0	0.0	0.0	0.0	0.0	0.0	0.0	0.0	0.0	0.0	0.0	0.0	0.0	0.0	0.0	0.0	0.0	0.0	0.0	0.0	0.0	0.0	0.0	0.0	0.0	0.0	0.0	0.0	0.0	0.0	0.0	0.0	0.0	0.0	0.0	0.0	0.0	0.0	0.0	0.0	0.0	0.0
900237	0.0	0.0	0.0	0.0	0.0	0.0	0.0	0.0	0.0	0.0	0.0	0.0	0.0	0.0	0.0	0.0	0.0	0.0	0.0	0.0	0.0	0.0	0.0	0.0	0.0	0.0	0.0	0.0	0.0	0.0	0.0	0.0	0.0	0.0	0.0	0.0	0.0	0.0	0.0	0.0	0.0	0.0	0.0	0.0
900422	0.0	0.0	0.0	0.0	0.0	0.0	0.0	0.0	0.0	0.0	0.0	0.0	0.0	0.0	0.0	0.0	0.0	0.0	0.0	0.0	0.0	0.0	0.0	0.0	0.0	0.0	0.0	0.0	0.0	0.0	0.0	0.0	0.0	0.0	0.0	0.0	0.0	0.0	0.0	0.0	0.0	0.0	0.0	0.0
900329	84.0	2156.0	5.0	6.0	102.0	2.0	240.0	78.0	0.0	55.0	12.0	1.0	7.0	3.0	0.0	0.0	0.0	0.0	1.0	0.0	12.0	0.0	0.0	2.0	12.0	16.0	13.0	1.0	0.0	10.0	0.0	0.0	0.0	12.0	0.0	24.0	12.0	7.0	11.0	0.0	0.0	2.0	14.0	6.0
900456	667.0	224.0	0.0	26.0	289.0	0.0	8.0	1.0	2.0	0.0	10.0	1663.0	0.0	20.0	0.0	0.0	2.0	0.0	3.0	0.0	9.0	0.0	4.0	0.0	1.0	0.0	1.0	0.0	0.0	9.0	0.0	9.0	2.0	0.0	0.0	3.0	0.0	0.0	0.0	0.0	0.0	0.0	0.0	0.0
900460	1271.0	252.0	20.0	10.0	440.0	32.0	206.0	26.0	0.0	0.0	181.0	0.0	35.0	59.0	0.0	0.0	105.0	14.0	0.0	0.0	18.0	0.0	4.0	0.0	8.0	5.0	15.0	14.0	9.0	27.0	20.0	0.0	0.0	9.0	17.0	0.0	0.0	0.0	0.0	0.0	0.0	0.0	0.0	0.0
900130	0.0	0.0	0.0	0.0	0.0	0.0	0.0	0.0	0.0	0.0	0.0	0.0	0.0	0.0	0.0	0.0	0.0	0.0	0.0	0.0	0.0	0.0	0.0	0.0	0.0	0.0	0.0	0.0	0.0	0.0	0.0	0.0	0.0	0.0	0.0	0.0	0.0	0.0	0.0	0.0	0.0	0.0	0.0	0.0
900378	0.0	0.0	0.0	0.0	0.0	0.0	0.0	0.0	0.0	0.0	0.0	0.0	0.0	0.0	0.0	0.0	0.0	0.0	0.0	0.0	0.0	0.0	0.0	0.0	0.0	0.0	0.0	0.0	0.0	0.0	0.0	0.0	0.0	0.0	0.0	0.0	0.0	0.0	0.0	0.0	0.0	0.0	0.0	0.0
900242	0.0	0.0	0.0	0.0	0.0	0.0	0.0	0.0	0.0	0.0	0.0	0.0	0.0	0.0	0.0	0.0	0.0	0.0	0.0	0.0	0.0	0.0	0.0	0.0	0.0	0.0	0.0	0.0	0.0	0.0	0.0	0.0	0.0	0.0	0.0	0.0	0.0	0.0	0.0	0.0	0.0	0.0	0.0	0.0
900601	827.0	0.0	1967.0	108.0	18.0	0.0	1.0	0.0	15.0	0.0	5.0	2.0	0.0	0.0	0.0	4.0	12.0	5.0	0.0	0.0	0.0	3.0	0.0	0.0	0.0	0.0	0.0	0.0	0.0	0.0	0.0	0.0	4.0	0.0	0.0	0.0	6.0	0.0	0.0	0.0	16.0	0.0	0.0	0.0
Ca009STPN	0.0	0.0	0.0	0.0	0.0	0.0	0.0	0.0	0.0	0.0	0.0	0.0	0.0	0.0	0.0	0.0	0.0	0.0	0.0	0.0	0.0	0.0	0.0	0.0	0.0	0.0	0.0	0.0	0.0	0.0	0.0	0.0	0.0	0.0	0.0	0.0	0.0	0.0	0.0	0.0	0.0	0.0	0.0	0.0
900293	2059.0	0.0	22.0	0.0	23.0	17.0	96.0	0.0	0.0	0.0	314.0	0.0	26.0	4.0	0.0	8.0	134.0	31.0	0.0	0.0	92.0	0.0	0.0	0.0	0.0	0.0	0.0	2.0	0.0	0.0	11.0	0.0	7.0	0.0	149.0	0.0	0.0	0.0	0.0	0.0	0.0	0.0	0.0	0.0
900366	0.0	0.0	0.0	0.0	0.0	0.0	0.0	0.0	0.0	0.0	0.0	0.0	0.0	0.0	0.0	0.0	0.0	0.0	0.0	0.0	0.0	0.0	0.0	0.0	0.0	0.0	0.0	0.0	0.0	0.0	0.0	0.0	0.0	0.0	0.0	0.0	0.0	0.0	0.0	0.0	0.0	0.0	0.0	0.0
900370	0.0	0.0	0.0	0.0	0.0	0.0	0.0	0.0	0.0	0.0	0.0	0.0	0.0	0.0	0.0	0.0	0.0	0.0	0.0	0.0	0.0	0.0	0.0	0.0	0.0	0.0	0.0	0.0	0.0	0.0	0.0	0.0	0.0	0.0	0.0	0.0	0.0	0.0	0.0	0.0	0.0	0.0	0.0	0.0
900544	38.0	239.0	7.0	102.0	158.0	47.0	41.0	6.0	0.0	423.0	5.0	0.0	11.0	0.0	0.0	1455.0	0.0	0.0	8.0	0.0	0.0	11.0	0.0	2.0	0.0	0.0	40.0	44.0	31.0	8.0	0.0	1.0	0.0	31.0	0.0	0.0	9.0	33.0	0.0	7.0	2.0	2.0	0.0	0.0
900110	0.0	0.0	0.0	0.0	0.0	0.0	0.0	0.0	0.0	0.0	0.0	0.0	0.0	0.0	0.0	0.0	0.0	0.0	0.0	0.0	0.0	0.0	0.0	0.0	0.0	0.0	0.0	0.0	0.0	0.0	0.0	0.0	0.0	0.0	0.0	0.0	0.0	0.0	0.0	0.0	0.0	0.0	0.0	0.0
900306	0.0	0.0	0.0	0.0	0.0	0.0	0.0	0.0	0.0	0.0	0.0	0.0	0.0	0.0	0.0	0.0	0.0	0.0	0.0	0.0	0.0	0.0	0.0	0.0	0.0	0.0	0.0	0.0	0.0	0.0	0.0	0.0	0.0	0.0	0.0	0.0	0.0	0.0	0.0	0.0	0.0	0.0	0.0	0.0
900247	58.0	64.0	5.0	910.0	258.0	10.0	193.0	932.0	0.0	2.0	11.0	108.0	6.0	8.0	24.0	0.0	1.0	0.0	7.0	1.0	2.0	0.0	5.0	15.0	93.0	0.0	28.0	12.0	0.0	1.0	0.0	0.0	1.0	6.0	0.0	3.0	1.0	3.0	12.0	0.0	0.0	0.0	8.0	0.0
900105	11.0	2698.0	4.0	60.0	31.0	20.0	45.0	0.0	0.0	0.0	0.0	4.0	4.0	12.0	2.0	0.0	0.0	0.0	0.0	0.0	0.0	12.0	3.0	0.0	0.0	0.0	5.0	0.0	0.0	0.0	0.0	3.0	0.0	8.0	0.0	0.0	0.0	2.0	9.0	0.0	0.0	0.0	0.0	0.0
900600	0.0	0.0	0.0	0.0	0.0	0.0	0.0	0.0	0.0	0.0	0.0	0.0	0.0	0.0	0.0	0.0	0.0	0.0	0.0	0.0	0.0	0.0	0.0	0.0	0.0	0.0	0.0	0.0	0.0	0.0	0.0	0.0	0.0	0.0	0.0	0.0	0.0	0.0	0.0	0.0	0.0	0.0	0.0	0.0
900243	175.0	1918.0	1.0	137.0	146.0	32.0	54.0	63.0	0.0	1.0	65.0	10.0	16.0	14.0	7.0	0.0	0.0	1.0	4.0	2.0	14.0	10.0	0.0	5.0	16.0	9.0	0.0	0.0	34.0	7.0	27.0	1.0	24.0	1.0	0.0	6.0	6.0	2.0	3.0	0.0	0.0	17.0	2.0	0.0
900577	2507.0	0.0	399.0	23.0	24.0	0.0	0.0	0.0	46.0	0.0	0.0	0.0	0.0	1.0	0.0	0.0	0.0	0.0	0.0	0.0	0.0	0.0	0.0	0.0	0.0	0.0	0.0	0.0	0.0	0.0	0.0	0.0	0.0	0.0	0.0	0.0	0.0	0.0	0.0	0.0	0.0	0.0	0.0	0.0
900371	0.0	0.0	0.0	0.0	0.0	0.0	0.0	0.0	0.0	0.0	0.0	0.0	0.0	0.0	0.0	0.0	0.0	0.0	0.0	0.0	0.0	0.0	0.0	0.0	0.0	0.0	0.0	0.0	0.0	0.0	0.0	0.0	0.0	0.0	0.0	0.0	0.0	0.0	0.0	0.0	0.0	0.0	0.0	0.0
900590	16.0	2716.0	4.0	111.0	3.0	16.0	10.0	17.0	0.0	21.0	1.0	0.0	9.0	10.0	0.0	11.0	0.0	0.0	1.0	0.0	0.0	5.0	0.0	0.0	0.0	0.0	2.0	0.0	0.0	0.0	0.0	0.0	0.0	1.0	0.0	0.0	12.0	0.0	0.0	0.0	0.0	0.0	0.0	0.0
900506	1106.0	88.0	12.0	726.0	173.0	37.0	13.0	71.0	20.0	0.0	2.0	0.0	8.0	4.0	74.0	0.0	0.0	0.0	0.0	0.0	0.0	5.0	0.0	220.0	78.0	242.0	0.0	0.0	0.0	0.0	0.0	0.0	0.0	0.0	0.0	0.0	1.0	3.0	0.0	0.0	0.0	0.0	0.0	0.0
900623	1385.0	60.0	700.0	305.0	327.0	0.0	12.0	1.0	14.0	0.0	51.0	1.0	37.0	0.0	0.0	1.0	46.0	19.0	0.0	0.0	0.0	2.0	0.0	0.0	4.0	0.0	0.0	0.0	0.0	4.0	0.0	0.0	10.0	0.0	15.0	0.0	0.0	0.0	0.0	0.0	0.0	0.0	0.0	0.0
900611	0.0	0.0	0.0	0.0	0.0	0.0	0.0	0.0	0.0	0.0	0.0	0.0	0.0	0.0	0.0	0.0	0.0	0.0	0.0	0.0	0.0	0.0	0.0	0.0	0.0	0.0	0.0	0.0	0.0	0.0	0.0	0.0	0.0	0.0	0.0	0.0	0.0	0.0	0.0	0.0	0.0	0.0	0.0	0.0
900369	2200.0	0.0	763.0	11.0	0.0	0.0	0.0	0.0	25.0	0.0	0.0	0.0	0.0	0.0	0.0	0.0	0.0	0.0	0.0	0.0	0.0	0.0	0.0	0.0	0.0	0.0	0.0	0.0	0.0	0.0	0.0	0.0	0.0	0.0	0.0	0.0	0.0	0.0	0.0	0.0	0.0	0.0	0.0	0.0
900060	0.0	0.0	0.0	0.0	0.0	0.0	0.0	0.0	0.0	0.0	0.0	0.0	0.0	0.0	0.0	0.0	0.0	0.0	0.0	0.0	0.0	0.0	0.0	0.0	0.0	0.0	0.0	0.0	0.0	0.0	0.0	0.0	0.0	0.0	0.0	0.0	0.0	0.0	0.0	0.0	0.0	0.0	0.0	0.0
900322	1299.0	3.0	111.0	144.0	265.0	28.0	78.0	9.0	7.0	8.0	75.0	0.0	201.0	3.0	0.0	0.0	135.0	171.0	0.0	0.0	42.0	1.0	53.0	0.0	3.0	0.0	0.0	0.0	2.0	108.0	45.0	41.0	26.0	0.0	20.0	29.0	0.0	0.0	3.0	0.0	9.0	0.0	0.0	12.0
900333	1075.0	0.0	0.0	9.0	285.0	23.0	197.0	22.0	0.0	0.0	201.0	26.0	313.0	5.0	0.0	0.0	168.0	107.0	3.0	0.0	152.0	0.0	104.0	4.0	0.0	0.0	4.0	0.0	0.0	88.0	41.0	24.0	0.0	0.0	0.0	25.0	0.0	0.0	0.0	0.0	0.0	0.0	0.0	0.0
900596	2.0	2670.0	0.0	94.0	30.0	4.0	0.0	11.0	0.0	0.0	0.0	5.0	0.0	10.0	0.0	0.0	0.0	0.0	2.0	0.0	0.0	0.0	0.0	0.0	0.0	0.0	0.0	29.0	0.0	0.0	0.0	0.0	0.0	0.0	0.0	0.0	98.0	17.0	0.0	0.0	0.0	0.0	0.0	0.0
900326	0.0	0.0	0.0	0.0	0.0	0.0	0.0	0.0	0.0	0.0	0.0	0.0	0.0	0.0	0.0	0.0	0.0	0.0	0.0	0.0	0.0	0.0	0.0	0.0	0.0	0.0	0.0	0.0	0.0	0.0	0.0	0.0	0.0	0.0	0.0	0.0	0.0	0.0	0.0	0.0	0.0	0.0	0.0	0.0
900387	0.0	0.0	0.0	0.0	0.0	0.0	0.0	0.0	0.0	0.0	0.0	0.0	0.0	0.0	0.0	0.0	0.0	0.0	0.0	0.0	0.0	0.0	0.0	0.0	0.0	0.0	0.0	0.0	0.0	0.0	0.0	0.0	0.0	0.0	0.0	0.0	0.0	0.0	0.0	0.0	0.0	0.0	0.0	0.0
900480	0.0	0.0	0.0	0.0	0.0	0.0	0.0	0.0	0.0	0.0	0.0	0.0	0.0	0.0	0.0	0.0	0.0	0.0	0.0	0.0	0.0	0.0	0.0	0.0	0.0	0.0	0.0	0.0	0.0	0.0	0.0	0.0	0.0	0.0	0.0	0.0	0.0	0.0	0.0	0.0	0.0	0.0	0.0	0.0
900543	0.0	0.0	0.0	0.0	0.0	0.0	0.0	0.0	0.0	0.0	0.0	0.0	0.0	0.0	0.0	0.0	0.0	0.0	0.0	0.0	0.0	0.0	0.0	0.0	0.0	0.0	0.0	0.0	0.0	0.0	0.0	0.0	0.0	0.0	0.0	0.0	0.0	0.0	0.0	0.0	0.0	0.0	0.0	0.0
900455	0.0	0.0	0.0	0.0	0.0	0.0	0.0	0.0	0.0	0.0	0.0	0.0	0.0	0.0	0.0	0.0	0.0	0.0	0.0	0.0	0.0	0.0	0.0	0.0	0.0	0.0	0.0	0.0	0.0	0.0	0.0	0.0	0.0	0.0	0.0	0.0	0.0	0.0	0.0	0.0	0.0	0.0	0.0	0.0
9003982	237.0	168.0	7.0	76.0	284.0	45.0	19.0	47.0	2.0	0.0	21.0	5.0	38.0	489.0	17.0	0.0	12.0	13.0	0.0	595.0	0.0	21.0	0.0	0.0	0.0	0.0	0.0	13.0	0.0	0.0	33.0	0.0	5.0	5.0	1.0	0.0	15.0	59.0	0.0	0.0	0.0	0.0	4.0	4.0
900144	2315.0	11.0	590.0	16.0	28.0	0.0	4.0	4.0	0.0	0.0	6.0	1.0	3.0	6.0	0.0	5.0	1.0	3.0	0.0	0.0	2.0	0.0	0.0	0.0	0.0	1.0	0.0	0.0	0.0	0.0	0.0	0.0	0.0	0.0	1.0	0.0	0.0	0.0	0.0	0.0	0.0	0.0	0.0	0.0
900085	0.0	0.0	0.0	0.0	0.0	0.0	0.0	0.0	0.0	0.0	0.0	0.0	0.0	0.0	0.0	0.0	0.0	0.0	0.0	0.0	0.0	0.0	0.0	0.0	0.0	0.0	0.0	0.0	0.0	0.0	0.0	0.0	0.0	0.0	0.0	0.0	0.0	0.0	0.0	0.0	0.0	0.0	0.0	0.0
900308	0.0	2922.0	6.0	0.0	9.0	0.0	23.0	7.0	0.0	2.0	3.0	6.0	9.0	1.0	0.0	0.0	0.0	0.0	0.0	0.0	0.0	0.0	0.0	0.0	0.0	0.0	2.0	0.0	0.0	0.0	0.0	0.0	0.0	0.0	0.0	0.0	0.0	0.0	0.0	5.0	0.0	5.0	0.0	0.0
900249	34.0	15.0	0.0	840.0	266.0	33.0	603.0	801.0	0.0	0.0	5.0	34.0	7.0	8.0	45.0	0.0	0.0	0.0	17.0	0.0	0.0	12.0	0.0	18.0	35.0	0.0	15.0	13.0	0.0	3.0	0.0	1.0	0.0	1.0	0.0	1.0	0.0	0.0	6.0	0.0	0.0	0.0	6.0	0.0
900397	0.0	0.0	0.0	0.0	0.0	0.0	0.0	0.0	0.0	0.0	0.0	0.0	0.0	0.0	0.0	0.0	0.0	0.0	0.0	0.0	0.0	0.0	0.0	0.0	0.0	0.0	0.0	0.0	0.0	0.0	0.0	0.0	0.0	0.0	0.0	0.0	0.0	0.0	0.0	0.0	0.0	0.0	0.0	0.0
900445	0.0	0.0	0.0	0.0	0.0	0.0	0.0	0.0	0.0	0.0	0.0	0.0	0.0	0.0	0.0	0.0	0.0	0.0	0.0	0.0	0.0	0.0	0.0	0.0	0.0	0.0	0.0	0.0	0.0	0.0	0.0	0.0	0.0	0.0	0.0	0.0	0.0	0.0	0.0	0.0	0.0	0.0	0.0	0.0
900292	2725.0	0.0	74.0	60.0	1.0	0.0	0.0	6.0	124.0	0.0	0.0	0.0	6.0	0.0	0.0	1.0	0.0	0.0	0.0	0.0	0.0	0.0	0.0	0.0	0.0	0.0	0.0	0.0	0.0	0.0	3.0	0.0	0.0	0.0	0.0	0.0	0.0	0.0	0.0	0.0	0.0	0.0	0.0	0.0
900367	0.0	0.0	0.0	0.0	0.0	0.0	0.0	0.0	0.0	0.0	0.0	0.0	0.0	0.0	0.0	0.0	0.0	0.0	0.0	0.0	0.0	0.0	0.0	0.0	0.0	0.0	0.0	0.0	0.0	0.0	0.0	0.0	0.0	0.0	0.0	0.0	0.0	0.0	0.0	0.0	0.0	0.0	0.0	0.0
900470	0.0	0.0	0.0	0.0	0.0	0.0	0.0	0.0	0.0	0.0	0.0	0.0	0.0	0.0	0.0	0.0	0.0	0.0	0.0	0.0	0.0	0.0	0.0	0.0	0.0	0.0	0.0	0.0	0.0	0.0	0.0	0.0	0.0	0.0	0.0	0.0	0.0	0.0	0.0	0.0	0.0	0.0	0.0	0.0
900065	2093.0	2.0	0.0	778.0	37.0	0.0	7.0	0.0	75.0	0.0	0.0	0.0	0.0	0.0	0.0	0.0	0.0	0.0	0.0	0.0	0.0	0.0	0.0	0.0	0.0	0.0	2.0	0.0	0.0	0.0	0.0	0.0	0.0	0.0	0.0	0.0	0.0	0.0	0.0	0.0	0.0	0.0	0.0	0.0
900478	61.0	2.0	1930.0	391.0	36.0	0.0	8.0	5.0	498.0	0.0	0.0	2.0	1.0	15.0	0.0	0.0	0.0	0.0	0.0	0.0	1.0	0.0	0.0	0.0	4.0	1.0	0.0	0.0	0.0	14.0	0.0	0.0	1.0	0.0	0.0	0.0	0.0	0.0	0.0	0.0	0.0	5.0	0.0	0.0
900424	0.0	0.0	0.0	0.0	0.0	0.0	0.0	0.0	0.0	0.0	0.0	0.0	0.0	0.0	0.0	0.0	0.0	0.0	0.0	0.0	0.0	0.0	0.0	0.0	0.0	0.0	0.0	0.0	0.0	0.0	0.0	0.0	0.0	0.0	0.0	0.0	0.0	0.0	0.0	0.0	0.0	0.0	0.0	0.0
900332	0.0	0.0	0.0	0.0	0.0	0.0	0.0	0.0	0.0	0.0	0.0	0.0	0.0	0.0	0.0	0.0	0.0	0.0	0.0	0.0	0.0	0.0	0.0	0.0	0.0	0.0	0.0	0.0	0.0	0.0	0.0	0.0	0.0	0.0	0.0	0.0	0.0	0.0	0.0	0.0	0.0	0.0	0.0	0.0
900469	2424.0	0.0	0.0	348.0	23.0	0.0	27.0	3.0	73.0	0.0	17.0	0.0	24.0	0.0	0.0	0.0	13.0	7.0	0.0	0.0	0.0	0.0	0.0	0.0	0.0	0.0	0.0	0.0	0.0	0.0	8.0	0.0	0.0	7.0	0.0	1.0	0.0	0.0	0.0	0.0	1.0	0.0	0.0	3.0
900385	0.0	0.0	0.0	0.0	0.0	0.0	0.0	0.0	0.0	0.0	0.0	0.0	0.0	0.0	0.0	0.0	0.0	0.0	0.0	0.0	0.0	0.0	0.0	0.0	0.0	0.0	0.0	0.0	0.0	0.0	0.0	0.0	0.0	0.0	0.0	0.0	0.0	0.0	0.0	0.0	0.0	0.0	0.0	0.0
900148	0.0	2994.0	0.0	0.0	2.0	0.0	0.0	2.0	0.0	0.0	0.0	0.0	0.0	0.0	0.0	0.0	0.0	0.0	0.0	0.0	0.0	0.0	0.0	0.0	0.0	0.0	0.0	0.0	0.0	0.0	0.0	0.0	0.0	0.0	0.0	0.0	0.0	0.0	0.0	0.0	0.0	0.0	0.0	0.0
900139	0.0	0.0	0.0	0.0	0.0	0.0	0.0	0.0	0.0	0.0	0.0	0.0	0.0	0.0	0.0	0.0	0.0	0.0	0.0	0.0	0.0	0.0	0.0	0.0	0.0	0.0	0.0	0.0	0.0	0.0	0.0	0.0	0.0	0.0	0.0	0.0	0.0	0.0	0.0	0.0	0.0	0.0	0.0	0.0
900438	0.0	0.0	0.0	0.0	0.0	0.0	0.0	0.0	0.0	0.0	0.0	0.0	0.0	0.0	0.0	0.0	0.0	0.0	0.0	0.0	0.0	0.0	0.0	0.0	0.0	0.0	0.0	0.0	0.0	0.0	0.0	0.0	0.0	0.0	0.0	0.0	0.0	0.0	0.0	0.0	0.0	0.0	0.0	0.0
900268	75.0	1054.0	0.0	666.0	156.0	207.0	100.0	83.0	0.0	0.0	0.0	2.0	7.0	4.0	35.0	3.0	0.0	0.0	296.0	0.0	0.0	1.0	0.0	26.0	37.0	16.0	0.0	27.0	24.0	0.0	2.0	0.0	0.0	6.0	0.0	9.0	1.0	0.0	3.0	0.0	0.0	0.0	0.0	0.0
900059	0.0	0.0	0.0	0.0	0.0	0.0	0.0	0.0	0.0	0.0	0.0	0.0	0.0	0.0	0.0	0.0	0.0	0.0	0.0	0.0	0.0	0.0	0.0	0.0	0.0	0.0	0.0	0.0	0.0	0.0	0.0	0.0	0.0	0.0	0.0	0.0	0.0	0.0	0.0	0.0	0.0	0.0	0.0	0.0
900248	2520.0	2.0	31.0	209.0	43.0	0.0	6.0	5.0	143.0	0.0	3.0	4.0	0.0	0.0	0.0	0.0	0.0	1.0	1.0	0.0	4.0	0.0	0.0	0.0	0.0	0.0	0.0	0.0	0.0	0.0	1.0	0.0	2.0	0.0	0.0	0.0	0.0	0.0	3.0	0.0	0.0	0.0	0.0	0.0
900122	0.0	2926.0	0.0	0.0	0.0	2.0	3.0	44.0	0.0	9.0	1.0	0.0	0.0	0.0	0.0	0.0	0.0	0.0	0.0	0.0	0.0	1.0	3.0	0.0	0.0	0.0	0.0	0.0	0.0	0.0	0.0	0.0	0.0	0.0	0.0	2.0	0.0	0.0	0.0	0.0	0.0	0.0	0.0	0.0
900068	98.0	720.0	0.0	497.0	193.0	332.0	298.0	78.0	0.0	12.0	5.0	46.0	4.0	28.0	19.0	0.0	0.0	0.0	22.0	0.0	0.0	5.0	20.0	37.0	33.0	57.0	142.0	0.0	17.0	1.0	0.0	0.0	4.0	26.0	0.0	0.0	0.0	3.0	0.0	0.0	6.0	0.0	13.0	4.0
900468	277.0	548.0	18.0	34.0	79.0	39.0	192.0	1384.0	0.0	4.0	15.0	19.0	73.0	21.0	0.0	0.0	8.0	0.0	0.0	6.0	0.0	0.0	14.0	0.0	3.0	4.0	20.0	12.0	12.0	5.0	0.0	4.0	6.0	13.0	0.0	0.0	6.0	6.0	6.0	0.0	2.0	0.0	0.0	0.0
900389	0.0	0.0	0.0	0.0	0.0	0.0	0.0	0.0	0.0	0.0	0.0	0.0	0.0	0.0	0.0	0.0	0.0	0.0	0.0	0.0	0.0	0.0	0.0	0.0	0.0	0.0	0.0	0.0	0.0	0.0	0.0	0.0	0.0	0.0	0.0	0.0	0.0	0.0	0.0	0.0	0.0	0.0	0.0	0.0
900541	2293.0	0.0	551.0	82.0	41.0	0.0	2.0	0.0	12.0	0.0	0.0	2.0	7.0	0.0	0.0	0.0	0.0	0.0	0.0	0.0	0.0	0.0	0.0	0.0	0.0	0.0	0.0	0.0	0.0	0.0	0.0	0.0	0.0	0.0	0.0	0.0	0.0	0.0	0.0	0.0	0.0	0.0	0.0	0.0
900486	0.0	0.0	0.0	0.0	0.0	0.0	0.0	0.0	0.0	0.0	0.0	0.0	0.0	0.0	0.0	0.0	0.0	0.0	0.0	0.0	0.0	0.0	0.0	0.0	0.0	0.0	0.0	0.0	0.0	0.0	0.0	0.0	0.0	0.0	0.0	0.0	0.0	0.0	0.0	0.0	0.0	0.0	0.0	0.0
900111	96.0	734.0	2.0	357.0	202.0	196.0	113.0	14.0	0.0	156.0	0.0	0.0	7.0	12.0	0.0	0.0	0.0	0.0	0.0	0.0	0.0	0.0	0.0	0.0	14.0	12.0	62.0	0.0	1.0	0.0	3.0	0.0	0.0	23.0	0.0	0.0	56.0	102.0	0.0	13.0	0.0	9.0	2.0	5.0
900120	0.0	0.0	0.0	0.0	0.0	0.0	0.0	0.0	0.0	0.0	0.0	0.0	0.0	0.0	0.0	0.0	0.0	0.0	0.0	0.0	0.0	0.0	0.0	0.0	0.0	0.0	0.0	0.0	0.0	0.0	0.0	0.0	0.0	0.0	0.0	0.0	0.0	0.0	0.0	0.0	0.0	0.0	0.0	0.0
900414	0.0	0.0	0.0	0.0	0.0	0.0	0.0	0.0	0.0	0.0	0.0	0.0	0.0	0.0	0.0	0.0	0.0	0.0	0.0	0.0	0.0	0.0	0.0	0.0	0.0	0.0	0.0	0.0	0.0	0.0	0.0	0.0	0.0	0.0	0.0	0.0	0.0	0.0	0.0	0.0	0.0	0.0	0.0	0.0
900457	0.0	0.0	0.0	0.0	0.0	0.0	0.0	0.0	0.0	0.0	0.0	0.0	0.0	0.0	0.0	0.0	0.0	0.0	0.0	0.0	0.0	0.0	0.0	0.0	0.0	0.0	0.0	0.0	0.0	0.0	0.0	0.0	0.0	0.0	0.0	0.0	0.0	0.0	0.0	0.0	0.0	0.0	0.0	0.0
900411	0.0	0.0	0.0	0.0	0.0	0.0	0.0	0.0	0.0	0.0	0.0	0.0	0.0	0.0	0.0	0.0	0.0	0.0	0.0	0.0	0.0	0.0	0.0	0.0	0.0	0.0	0.0	0.0	0.0	0.0	0.0	0.0	0.0	0.0	0.0	0.0	0.0	0.0	0.0	0.0	0.0	0.0	0.0	0.0
900147	0.0	0.0	0.0	0.0	0.0	0.0	0.0	0.0	0.0	0.0	0.0	0.0	0.0	0.0	0.0	0.0	0.0	0.0	0.0	0.0	0.0	0.0	0.0	0.0	0.0	0.0	0.0	0.0	0.0	0.0	0.0	0.0	0.0	0.0	0.0	0.0	0.0	0.0	0.0	0.0	0.0	0.0	0.0	0.0
900222	0.0	0.0	0.0	0.0	0.0	0.0	0.0	0.0	0.0	0.0	0.0	0.0	0.0	0.0	0.0	0.0	0.0	0.0	0.0	0.0	0.0	0.0	0.0	0.0	0.0	0.0	0.0	0.0	0.0	0.0	0.0	0.0	0.0	0.0	0.0	0.0	0.0	0.0	0.0	0.0	0.0	0.0	0.0	0.0
900510	508.0	0.0	2236.0	83.0	0.0	0.0	3.0	0.0	163.0	0.0	0.0	1.0	1.0	0.0	0.0	0.0	0.0	0.0	0.0	0.0	3.0	0.0	0.0	0.0	0.0	0.0	0.0	0.0	0.0	0.0	0.0	0.0	0.0	0.0	2.0	0.0	0.0	0.0	0.0	0.0	0.0	0.0	0.0	0.0
900305	104.0	1465.0	0.0	305.0	38.0	1.0	243.0	33.0	0.0	1.0	7.0	161.0	0.0	3.0	1.0	1.0	0.0	0.0	12.0	0.0	0.0	5.0	5.0	0.0	0.0	5.0	37.0	17.0	0.0	3.0	0.0	0.0	0.0	37.0	0.0	1.0	59.0	105.0	2.0	0.0	0.0	0.0	0.0	0.0
Co001SMPN	0.0	0.0	0.0	0.0	0.0	0.0	0.0	0.0	0.0	0.0	0.0	0.0	0.0	0.0	0.0	0.0	0.0	0.0	0.0	0.0	0.0	0.0	0.0	0.0	0.0	0.0	0.0	0.0	0.0	0.0	0.0	0.0	0.0	0.0	0.0	0.0	0.0	0.0	0.0	0.0	0.0	0.0	0.0	0.0
900453	1709.0	0.0	1284.0	0.0	0.0	0.0	0.0	0.0	2.0	0.0	0.0	0.0	0.0	0.0	0.0	0.0	0.0	0.0	0.0	0.0	0.0	0.0	0.0	0.0	0.0	0.0	0.0	0.0	0.0	0.0	0.0	0.0	0.0	0.0	0.0	0.0	0.0	0.0	0.0	0.0	0.0	0.0	0.0	0.0
900582	0.0	0.0	0.0	0.0	0.0	0.0	0.0	0.0	0.0	0.0	0.0	0.0	0.0	0.0	0.0	0.0	0.0	0.0	0.0	0.0	0.0	0.0	0.0	0.0	0.0	0.0	0.0	0.0	0.0	0.0	0.0	0.0	0.0	0.0	0.0	0.0	0.0	0.0	0.0	0.0	0.0	0.0	0.0	0.0
900399	33.0	1684.0	0.0	80.0	218.0	104.0	16.0	7.0	0.0	6.0	31.0	0.0	26.0	559.0	0.0	47.0	0.0	0.0	14.0	0.0	0.0	33.0	0.0	0.0	0.0	0.0	0.0	60.0	2.0	0.0	3.0	0.0	0.0	0.0	0.0	0.0	0.0	0.0	0.0	0.0	0.0	0.0	0.0	11.0
900393	10.0	2170.0	0.0	662.0	10.0	4.0	14.0	4.0	30.0	0.0	0.0	0.0	3.0	4.0	0.0	0.0	0.0	0.0	8.0	0.0	3.0	0.0	0.0	0.0	0.0	0.0	7.0	0.0	0.0	0.0	0.0	0.0	0.0	0.0	0.0	0.0	4.0	0.0	0.0	1.0	0.0	1.0	0.0	0.0
900379	0.0	0.0	0.0	0.0	0.0	0.0	0.0	0.0	0.0	0.0	0.0	0.0	0.0	0.0	0.0	0.0	0.0	0.0	0.0	0.0	0.0	0.0	0.0	0.0	0.0	0.0	0.0	0.0	0.0	0.0	0.0	0.0	0.0	0.0	0.0	0.0	0.0	0.0	0.0	0.0	0.0	0.0	0.0	0.0
900352	16.0	131.0	1.0	1516.0	193.0	167.0	394.0	24.0	0.0	0.0	0.0	9.0	0.0	1.0	56.0	0.0	0.0	0.0	0.0	0.0	0.0	3.0	0.0	307.0	9.0	35.0	17.0	0.0	12.0	0.0	7.0	0.0	0.0	0.0	0.0	0.0	4.0	0.0	0.0	0.0	0.0	0.0	0.0	0.0
900269	0.0	0.0	0.0	0.0	0.0	0.0	0.0	0.0	0.0	0.0	0.0	0.0	0.0	0.0	0.0	0.0	0.0	0.0	0.0	0.0	0.0	0.0	0.0	0.0	0.0	0.0	0.0	0.0	0.0	0.0	0.0	0.0	0.0	0.0	0.0	0.0	0.0	0.0	0.0	0.0	0.0	0.0	0.0	0.0
900254	2859.0	0.0	12.0	51.0	1.0	0.0	0.0	0.0	74.0	0.0	0.0	0.0	0.0	0.0	0.0	0.0	0.0	0.0	0.0	0.0	0.0	1.0	0.0	0.0	0.0	0.0	0.0	0.0	0.0	0.0	0.0	0.0	0.0	0.0	0.0	0.0	0.0	0.0	0.0	0.0	0.0	0.0	0.0	0.0
9003952	90.0	1625.0	17.0	83.0	271.0	145.0	114.0	102.0	0.0	10.0	41.0	66.0	14.0	38.0	20.0	3.0	0.0	0.0	6.0	0.0	1.0	26.0	0.0	5.0	11.0	48.0	29.0	3.0	4.0	0.0	3.0	0.0	2.0	8.0	3.0	0.0	33.0	1.0	8.0	0.0	0.0	1.0	0.0	0.0
900285	100.0	465.0	22.0	1167.0	168.0	109.0	21.0	213.0	0.0	18.0	0.0	0.0	49.0	31.0	90.0	20.0	11.0	12.0	57.0	0.0	10.0	35.0	10.0	10.0	39.0	52.0	9.0	5.0	0.0	27.0	2.0	0.0	6.0	0.0	0.0	3.0	50.0	0.0	5.0	0.0	0.0	0.0	19.0	0.0
900280	1191.0	0.0	1787.0	4.0	3.0	0.0	0.0	0.0	15.0	0.0	0.0	0.0	0.0	0.0	0.0	0.0	0.0	0.0	0.0	0.0	0.0	0.0	0.0	0.0	0.0	0.0	0.0	0.0	0.0	0.0	0.0	0.0	0.0	0.0	0.0	0.0	0.0	0.0	0.0	0.0	0.0	0.0	0.0	0.0
900080	318.0	8.0	1282.0	63.0	854.0	0.0	20.0	0.0	22.0	0.0	243.0	0.0	8.0	2.0	0.0	1.0	32.0	82.0	0.0	0.0	12.0	0.0	0.0	0.0	0.0	0.0	0.0	0.0	3.0	3.0	7.0	25.0	2.0	0.0	3.0	4.0	0.0	1.0	0.0	0.0	0.0	0.0	0.0	0.0
900241	37.0	68.0	23.0	299.0	240.0	77.0	692.0	862.0	0.0	0.0	11.0	79.0	8.0	6.0	11.0	5.0	0.0	0.0	6.0	11.0	0.0	0.0	0.0	8.0	49.0	2.0	64.0	9.0	61.0	1.0	0.0	3.0	0.0	9.0	0.0	0.0	0.0	0.0	7.0	2.0	0.0	1.0	12.0	0.0
900353	0.0	0.0	0.0	0.0	0.0	0.0	0.0	0.0	0.0	0.0	0.0	0.0	0.0	0.0	0.0	0.0	0.0	0.0	0.0	0.0	0.0	0.0	0.0	0.0	0.0	0.0	0.0	0.0	0.0	0.0	0.0	0.0	0.0	0.0	0.0	0.0	0.0	0.0	0.0	0.0	0.0	0.0	0.0	0.0
900074	1134.0	36.0	237.0	83.0	134.0	163.0	183.0	28.0	3.0	28.0	69.0	0.0	59.0	459.0	0.0	15.0	9.0	0.0	0.0	55.0	34.0	0.0	2.0	13.0	0.0	0.0	0.0	0.0	0.0	26.0	8.0	0.0	0.0	0.0	0.0	31.0	0.0	10.0	11.0	0.0	15.0	0.0	0.0	1.0
900340	1546.0	141.0	20.0	30.0	275.0	23.0	159.0	7.0	1.0	18.0	20.0	16.0	121.0	192.0	1.0	8.0	39.0	98.0	0.0	2.0	58.0	0.0	17.0	6.0	2.0	0.0	3.0	16.0	2.0	10.0	0.0	9.0	3.0	0.0	3.0	3.0	0.0	0.0	0.0	0.0	18.0	0.0	1.0	3.0
900072	502.0	0.0	2457.0	25.0	4.0	0.0	0.0	0.0	5.0	0.0	0.0	0.0	0.0	7.0	0.0	0.0	0.0	0.0	0.0	0.0	0.0	0.0	0.0	0.0	0.0	0.0	0.0	0.0	0.0	0.0	0.0	0.0	0.0	0.0	0.0	0.0	0.0	0.0	0.0	0.0	0.0	0.0	0.0	0.0
900125	80.0	103.0	0.0	51.0	232.0	146.0	1061.0	22.0	0.0	0.0	4.0	0.0	102.0	12.0	3.0	0.0	0.0	0.0	27.0	0.0	0.0	5.0	0.0	15.0	4.0	0.0	154.0	7.0	9.0	0.0	0.0	0.0	0.0	118.0	7.0	0.0	13.0	0.0	0.0	6.0	0.0	10.0	1.0	0.0
900554	0.0	0.0	0.0	0.0	0.0	0.0	0.0	0.0	0.0	0.0	0.0	0.0	0.0	0.0	0.0	0.0	0.0	0.0	0.0	0.0	0.0	0.0	0.0	0.0	0.0	0.0	0.0	0.0	0.0	0.0	0.0	0.0	0.0	0.0	0.0	0.0	0.0	0.0	0.0	0.0	0.0	0.0	0.0	0.0
900359	2790.0	5.0	0.0	136.0	21.0	0.0	0.0	5.0	15.0	0.0	0.0	0.0	0.0	6.0	0.0	0.0	0.0	6.0	1.0	0.0	0.0	3.0	0.0	0.0	0.0	0.0	0.0	0.0	0.0	0.0	2.0	1.0	1.0	0.0	2.0	0.0	0.0	0.0	0.0	0.0	0.0	2.0	0.0	0.0
900137	12.0	2905.0	0.0	15.0	6.0	5.0	2.0	0.0	0.0	9.0	0.0	3.0	0.0	2.0	0.0	1.0	0.0	0.0	1.0	2.0	0.0	16.0	0.0	3.0	0.0	0.0	0.0	0.0	0.0	0.0	0.0	0.0	0.0	0.0	0.0	0.0	0.0	0.0	0.0	0.0	0.0	0.0	0.0	0.0
9003912	2787.0	1.0	0.0	58.0	7.0	0.0	2.0	2.0	124.0	0.0	0.0	0.0	4.0	0.0	0.0	0.0	0.0	2.0	0.0	0.0	4.0	0.0	0.0	0.0	0.0	0.0	0.0	0.0	0.0	0.0	0.0	0.0	2.0	0.0	0.0	0.0	0.0	0.0	1.0	0.0	0.0	4.0	0.0	0.0
900382	21.0	236.0	0.0	1127.0	369.0	114.0	6.0	42.0	0.0	0.0	0.0	3.0	4.0	5.0	125.0	0.0	0.0	0.0	6.0	0.0	0.0	10.0	0.0	220.0	79.0	425.0	0.0	0.0	0.0	0.0	0.0	0.0	0.0	0.0	0.0	0.0	2.0	11.0	0.0	0.0	0.0	4.0	0.0	0.0
900109	0.0	0.0	0.0	0.0	0.0	0.0	0.0	0.0	0.0	0.0	0.0	0.0	0.0	0.0	0.0	0.0	0.0	0.0	0.0	0.0	0.0	0.0	0.0	0.0	0.0	0.0	0.0	0.0	0.0	0.0	0.0	0.0	0.0	0.0	0.0	0.0	0.0	0.0	0.0	0.0	0.0	0.0	0.0	0.0
900625	0.0	0.0	0.0	0.0	0.0	0.0	0.0	0.0	0.0	0.0	0.0	0.0	0.0	0.0	0.0	0.0	0.0	0.0	0.0	0.0	0.0	0.0	0.0	0.0	0.0	0.0	0.0	0.0	0.0	0.0	0.0	0.0	0.0	0.0	0.0	0.0	0.0	0.0	0.0	0.0	0.0	0.0	0.0	0.0
Ca007NKPN	0.0	0.0	0.0	0.0	0.0	0.0	0.0	0.0	0.0	0.0	0.0	0.0	0.0	0.0	0.0	0.0	0.0	0.0	0.0	0.0	0.0	0.0	0.0	0.0	0.0	0.0	0.0	0.0	0.0	0.0	0.0	0.0	0.0	0.0	0.0	0.0	0.0	0.0	0.0	0.0	0.0	0.0	0.0	0.0
900119	477.0	878.0	0.0	117.0	244.0	47.0	88.0	19.0	0.0	1.0	43.0	53.0	43.0	433.0	0.0	0.0	33.0	23.0	0.0	2.0	0.0	9.0	67.0	0.0	0.0	1.0	0.0	0.0	0.0	21.0	60.0	14.0	28.0	0.0	4.0	33.0	0.0	2.0	0.0	4.0	2.0	1.0	0.0	2.0
900303	306.0	243.0	23.0	34.0	358.0	47.0	120.0	213.0	0.0	176.0	131.0	432.0	55.0	126.0	9.0	105.0	101.0	0.0	66.0	8.0	2.0	11.0	35.0	7.0	0.0	0.0	20.0	0.0	16.0	25.0	7.0	3.0	10.0	13.0	10.0	0.0	8.0	10.0	10.0	3.0	0.0	13.0	0.0	4.0
Ca006ONPN	0.0	0.0	0.0	0.0	0.0	0.0	0.0	0.0	0.0	0.0	0.0	0.0	0.0	0.0	0.0	0.0	0.0	0.0	0.0	0.0	0.0	0.0	0.0	0.0	0.0	0.0	0.0	0.0	0.0	0.0	0.0	0.0	0.0	0.0	0.0	0.0	0.0	0.0	0.0	0.0	0.0	0.0	0.0	0.0
900408	0.0	0.0	0.0	0.0	0.0	0.0	0.0	0.0	0.0	0.0	0.0	0.0	0.0	0.0	0.0	0.0	0.0	0.0	0.0	0.0	0.0	0.0	0.0	0.0	0.0	0.0	0.0	0.0	0.0	0.0	0.0	0.0	0.0	0.0	0.0	0.0	0.0	0.0	0.0	0.0	0.0	0.0	0.0	0.0
900477	0.0	0.0	0.0	0.0	0.0	0.0	0.0	0.0	0.0	0.0	0.0	0.0	0.0	0.0	0.0	0.0	0.0	0.0	0.0	0.0	0.0	0.0	0.0	0.0	0.0	0.0	0.0	0.0	0.0	0.0	0.0	0.0	0.0	0.0	0.0	0.0	0.0	0.0	0.0	0.0	0.0	0.0	0.0	0.0
900509	0.0	0.0	0.0	0.0	0.0	0.0	0.0	0.0	0.0	0.0	0.0	0.0	0.0	0.0	0.0	0.0	0.0	0.0	0.0	0.0	0.0	0.0	0.0	0.0	0.0	0.0	0.0	0.0	0.0	0.0	0.0	0.0	0.0	0.0	0.0	0.0	0.0	0.0	0.0	0.0	0.0	0.0	0.0	0.0
900250	2310.0	1.0	471.0	9.0	12.0	0.0	10.0	7.0	6.0	0.0	0.0	107.0	20.0	0.0	0.0	0.0	0.0	0.0	0.0	0.0	0.0	0.0	0.0	2.0	0.0	0.0	0.0	0.0	0.0	0.0	1.0	0.0	1.0	0.0	0.0	0.0	0.0	0.0	2.0	0.0	0.0	0.0	0.0	0.0
900502	222.0	22.0	16.0	1361.0	700.0	2.0	8.0	16.0	587.0	0.0	18.0	0.0	0.0	2.0	0.0	0.0	0.0	0.0	0.0	0.0	8.0	0.0	0.0	0.0	0.0	0.0	0.0	0.0	0.0	0.0	9.0	0.0	0.0	0.0	7.0	0.0	3.0	0.0	0.0	0.0	0.0	4.0	0.0	0.0
900348	0.0	0.0	0.0	0.0	0.0	0.0	0.0	0.0	0.0	0.0	0.0	0.0	0.0	0.0	0.0	0.0	0.0	0.0	0.0	0.0	0.0	0.0	0.0	0.0	0.0	0.0	0.0	0.0	0.0	0.0	0.0	0.0	0.0	0.0	0.0	0.0	0.0	0.0	0.0	0.0	0.0	0.0	0.0	0.0
900487	0.0	0.0	0.0	0.0	0.0	0.0	0.0	0.0	0.0	0.0	0.0	0.0	0.0	0.0	0.0	0.0	0.0	0.0	0.0	0.0	0.0	0.0	0.0	0.0	0.0	0.0	0.0	0.0	0.0	0.0	0.0	0.0	0.0	0.0	0.0	0.0	0.0	0.0	0.0	0.0	0.0	0.0	0.0	0.0
900592	0.0	0.0	0.0	0.0	0.0	0.0	0.0	0.0	0.0	0.0	0.0	0.0	0.0	0.0	0.0	0.0	0.0	0.0	0.0	0.0	0.0	0.0	0.0	0.0	0.0	0.0	0.0	0.0	0.0	0.0	0.0	0.0	0.0	0.0	0.0	0.0	0.0	0.0	0.0	0.0	0.0	0.0	0.0	0.0
900229	0.0	0.0	0.0	0.0	0.0	0.0	0.0	0.0	0.0	0.0	0.0	0.0	0.0	0.0	0.0	0.0	0.0	0.0	0.0	0.0	0.0	0.0	0.0	0.0	0.0	0.0	0.0	0.0	0.0	0.0	0.0	0.0	0.0	0.0	0.0	0.0	0.0	0.0	0.0	0.0	0.0	0.0	0.0	0.0
900608	0.0	0.0	0.0	0.0	0.0	0.0	0.0	0.0	0.0	0.0	0.0	0.0	0.0	0.0	0.0	0.0	0.0	0.0	0.0	0.0	0.0	0.0	0.0	0.0	0.0	0.0	0.0	0.0	0.0	0.0	0.0	0.0	0.0	0.0	0.0	0.0	0.0	0.0	0.0	0.0	0.0	0.0	0.0	0.0
900317	0.0	0.0	0.0	0.0	0.0	0.0	0.0	0.0	0.0	0.0	0.0	0.0	0.0	0.0	0.0	0.0	0.0	0.0	0.0	0.0	0.0	0.0	0.0	0.0	0.0	0.0	0.0	0.0	0.0	0.0	0.0	0.0	0.0	0.0	0.0	0.0	0.0	0.0	0.0	0.0	0.0	0.0	0.0	0.0
900291	173.0	36.0	34.0	1370.0	258.0	40.0	14.0	148.0	0.0	0.0	0.0	4.0	6.0	8.0	367.0	0.0	7.0	22.0	0.0	5.0	0.0	10.0	0.0	155.0	34.0	89.0	1.0	33.0	18.0	0.0	0.0	0.0	0.0	0.0	0.0	0.0	0.0	0.0	0.0	0.0	0.0	2.0	7.0	3.0
900416	16.0	0.0	2964.0	3.0	4.0	0.0	0.0	1.0	2.0	0.0	0.0	0.0	0.0	0.0	0.0	0.0	3.0	1.0	0.0	0.0	2.0	0.0	0.0	0.0	0.0	0.0	0.0	0.0	0.0	1.0	0.0	2.0	0.0	0.0	0.0	0.0	0.0	0.0	0.0	0.0	0.0	0.0	0.0	0.0
900066	31.0	1910.0	0.0	57.0	73.0	133.0	316.0	29.0	0.0	0.0	2.0	1.0	5.0	5.0	28.0	1.0	0.0	0.0	6.0	0.0	0.0	21.0	0.0	9.0	33.0	41.0	71.0	0.0	28.0	0.0	0.0	3.0	0.0	46.0	0.0	0.0	0.0	0.0	0.0	2.0	2.0	5.0	7.0	0.0
900061	0.0	0.0	0.0	0.0	0.0	0.0	0.0	0.0	0.0	0.0	0.0	0.0	0.0	0.0	0.0	0.0	0.0	0.0	0.0	0.0	0.0	0.0	0.0	0.0	0.0	0.0	0.0	0.0	0.0	0.0	0.0	0.0	0.0	0.0	0.0	0.0	0.0	0.0	0.0	0.0	0.0	0.0	0.0	0.0
900323	16.0	63.0	0.0	4.0	241.0	1591.0	10.0	0.0	0.0	0.0	0.0	5.0	5.0	2.0	330.0	0.0	0.0	0.0	8.0	556.0	0.0	12.0	0.0	6.0	0.0	15.0	2.0	0.0	2.0	0.0	0.0	0.0	4.0	0.0	0.0	0.0	4.0	0.0	6.0	2.0	0.0	9.0	4.0	0.0
900314	2155.0	64.0	0.0	15.0	120.0	0.0	34.0	16.0	105.0	0.0	129.0	3.0	25.0	1.0	0.0	0.0	94.0	68.0	0.0	0.0	21.0	0.0	0.0	2.0	3.0	1.0	0.0	0.0	0.0	11.0	0.0	7.0	36.0	0.0	32.0	0.0	0.0	0.0	0.0	2.0	7.0	0.0	0.0	4.0
Ca006ONL	0.0	0.0	0.0	0.0	0.0	0.0	0.0	0.0	0.0	0.0	0.0	0.0	0.0	0.0	0.0	0.0	0.0	0.0	0.0	0.0	0.0	0.0	0.0	0.0	0.0	0.0	0.0	0.0	0.0	0.0	0.0	0.0	0.0	0.0	0.0	0.0	0.0	0.0	0.0	0.0	0.0	0.0	0.0	0.0
900475	0.0	0.0	0.0	0.0	0.0	0.0	0.0	0.0	0.0	0.0	0.0	0.0	0.0	0.0	0.0	0.0	0.0	0.0	0.0	0.0	0.0	0.0	0.0	0.0	0.0	0.0	0.0	0.0	0.0	0.0	0.0	0.0	0.0	0.0	0.0	0.0	0.0	0.0	0.0	0.0	0.0	0.0	0.0	0.0
900428	8.0	0.0	2929.0	15.0	0.0	0.0	0.0	0.0	44.0	0.0	0.0	0.0	0.0	0.0	0.0	0.0	0.0	0.0	0.0	0.0	1.0	0.0	0.0	0.0	0.0	0.0	0.0	0.0	0.0	0.0	0.0	0.0	1.0	0.0	0.0	0.0	0.0	0.0	0.0	0.0	0.0	0.0	0.0	0.0
900561	2136.0	3.0	826.0	10.0	3.0	0.0	0.0	2.0	0.0	0.0	2.0	0.0	0.0	1.0	0.0	0.0	0.0	0.0	0.0	0.0	0.0	0.0	0.0	0.0	0.0	0.0	0.0	0.0	3.0	0.0	0.0	0.0	0.0	0.0	0.0	3.0	0.0	1.0	0.0	0.0	0.0	0.0	0.0	0.0
900309	0.0	0.0	0.0	0.0	0.0	0.0	0.0	0.0	0.0	0.0	0.0	0.0	0.0	0.0	0.0	0.0	0.0	0.0	0.0	0.0	0.0	0.0	0.0	0.0	0.0	0.0	0.0	0.0	0.0	0.0	0.0	0.0	0.0	0.0	0.0	0.0	0.0	0.0	0.0	0.0	0.0	0.0	0.0	0.0
900620	0.0	0.0	0.0	0.0	0.0	0.0	0.0	0.0	0.0	0.0	0.0	0.0	0.0	0.0	0.0	0.0	0.0	0.0	0.0	0.0	0.0	0.0	0.0	0.0	0.0	0.0	0.0	0.0	0.0	0.0	0.0	0.0	0.0	0.0	0.0	0.0	0.0	0.0	0.0	0.0	0.0	0.0	0.0	0.0
900418	0.0	0.0	0.0	0.0	0.0	0.0	0.0	0.0	0.0	0.0	0.0	0.0	0.0	0.0	0.0	0.0	0.0	0.0	0.0	0.0	0.0	0.0	0.0	0.0	0.0	0.0	0.0	0.0	0.0	0.0	0.0	0.0	0.0	0.0	0.0	0.0	0.0	0.0	0.0	0.0	0.0	0.0	0.0	0.0
900283	81.0	534.0	13.0	87.0	403.0	661.0	92.0	258.0	2.0	105.0	13.0	32.0	8.0	109.0	0.0	0.0	5.0	0.0	0.0	0.0	1.0	33.0	0.0	10.0	16.0	35.0	5.0	0.0	103.0	10.0	0.0	4.0	0.0	11.0	0.0	0.0	0.0	0.0	118.0	0.0	3.0	5.0	26.0	5.0
900398	0.0	0.0	0.0	0.0	0.0	0.0	0.0	0.0	0.0	0.0	0.0	0.0	0.0	0.0	0.0	0.0	0.0	0.0	0.0	0.0	0.0	0.0	0.0	0.0	0.0	0.0	0.0	0.0	0.0	0.0	0.0	0.0	0.0	0.0	0.0	0.0	0.0	0.0	0.0	0.0	0.0	0.0	0.0	0.0
900494	1565.0	0.0	0.0	94.0	223.0	25.0	57.0	78.0	9.0	9.0	146.0	4.0	386.0	31.0	0.0	15.0	4.0	7.0	0.0	1.0	3.0	0.0	147.0	8.0	9.0	0.0	3.0	2.0	0.0	0.0	16.0	0.0	60.0	0.0	2.0	16.0	0.0	0.0	6.0	0.0	0.0	0.0	0.0	0.0
900454	0.0	0.0	0.0	0.0	0.0	0.0	0.0	0.0	0.0	0.0	0.0	0.0	0.0	0.0	0.0	0.0	0.0	0.0	0.0	0.0	0.0	0.0	0.0	0.0	0.0	0.0	0.0	0.0	0.0	0.0	0.0	0.0	0.0	0.0	0.0	0.0	0.0	0.0	0.0	0.0	0.0	0.0	0.0	0.0
900473	438.0	24.0	15.0	16.0	186.0	0.0	43.0	3.0	1.0	6.0	184.0	1654.0	57.0	108.0	0.0	0.0	38.0	31.0	0.0	0.0	23.0	0.0	38.0	0.0	0.0	0.0	0.0	0.0	0.0	14.0	27.0	6.0	24.0	0.0	3.0	8.0	0.0	0.0	0.0	0.0	2.0	0.0	0.0	10.0
900594	0.0	0.0	0.0	0.0	0.0	0.0	0.0	0.0	0.0	0.0	0.0	0.0	0.0	0.0	0.0	0.0	0.0	0.0	0.0	0.0	0.0	0.0	0.0	0.0	0.0	0.0	0.0	0.0	0.0	0.0	0.0	0.0	0.0	0.0	0.0	0.0	0.0	0.0	0.0	0.0	0.0	0.0	0.0	0.0
900607	1729.0	3.0	1195.0	0.0	13.0	4.0	9.0	0.0	0.0	0.0	5.0	0.0	7.0	0.0	0.0	0.0	4.0	3.0	0.0	0.0	6.0	4.0	0.0	0.0	0.0	0.0	0.0	0.0	0.0	2.0	2.0	0.0	0.0	0.0	8.0	0.0	0.0	0.0	0.0	0.0	3.0	0.0	0.0	0.0
900358	9.0	163.0	0.0	32.0	293.0	1930.0	57.0	19.0	0.0	0.0	0.0	0.0	0.0	14.0	80.0	0.0	0.0	0.0	0.0	17.0	0.0	87.0	0.0	8.0	21.0	1.0	6.0	12.0	87.0	0.0	0.0	0.0	0.0	2.0	0.0	0.0	0.0	0.0	8.0	0.0	0.0	0.0	0.0	0.0
900239	296.0	147.0	34.0	788.0	352.0	1.0	78.0	350.0	0.0	407.0	7.0	5.0	28.0	31.0	67.0	0.0	1.0	0.0	0.0	0.0	0.0	16.0	0.0	0.0	7.0	45.0	11.0	1.0	10.0	0.0	0.0	0.0	0.0	0.0	3.0	0.0	0.0	0.0	5.0	60.0	0.0	21.0	35.0	3.0
900231	0.0	0.0	0.0	0.0	0.0	0.0	0.0	0.0	0.0	0.0	0.0	0.0	0.0	0.0	0.0	0.0	0.0	0.0	0.0	0.0	0.0	0.0	0.0	0.0	0.0	0.0	0.0	0.0	0.0	0.0	0.0	0.0	0.0	0.0	0.0	0.0	0.0	0.0	0.0	0.0	0.0	0.0	0.0	0.0
900078	102.0	1875.0	4.0	14.0	27.0	24.0	378.0	62.0	0.0	146.0	46.0	0.0	7.0	15.0	0.0	21.0	5.0	0.0	42.0	23.0	7.0	2.0	9.0	0.0	3.0	5.0	16.0	2.0	11.0	0.0	1.0	1.0	0.0	15.0	0.0	2.0	7.0	5.0	0.0	6.0	0.0	0.0	0.0	0.0
900300	0.0	0.0	0.0	0.0	0.0	0.0	0.0	0.0	0.0	0.0	0.0	0.0	0.0	0.0	0.0	0.0	0.0	0.0	0.0	0.0	0.0	0.0	0.0	0.0	0.0	0.0	0.0	0.0	0.0	0.0	0.0	0.0	0.0	0.0	0.0	0.0	0.0	0.0	0.0	0.0	0.0	0.0	0.0	0.0
900569	1535.0	10.0	52.0	3.0	320.0	2.0	236.0	8.0	0.0	13.0	359.0	0.0	46.0	0.0	2.0	0.0	88.0	38.0	0.0	0.0	190.0	0.0	10.0	0.0	0.0	0.0	0.0	5.0	0.0	0.0	4.0	0.0	7.0	0.0	7.0	1.0	0.0	1.0	0.0	0.0	11.0	2.0	0.0	0.0
900593	0.0	0.0	0.0	0.0	0.0	0.0	0.0	0.0	0.0	0.0	0.0	0.0	0.0	0.0	0.0	0.0	0.0	0.0	0.0	0.0	0.0	0.0	0.0	0.0	0.0	0.0	0.0	0.0	0.0	0.0	0.0	0.0	0.0	0.0	0.0	0.0	0.0	0.0	0.0	0.0	0.0	0.0	0.0	0.0
900463	7.0	2913.0	0.0	2.0	3.0	37.0	0.0	6.0	0.0	0.0	0.0	2.0	0.0	3.0	0.0	0.0	0.0	0.0	0.0	0.0	0.0	4.0	0.0	0.0	0.0	0.0	0.0	15.0	0.0	0.0	0.0	0.0	0.0	0.0	0.0	0.0	0.0	3.0	0.0	0.0	0.0	0.0	0.0	0.0
900244	0.0	0.0	0.0	0.0	0.0	0.0	0.0	0.0	0.0	0.0	0.0	0.0	0.0	0.0	0.0	0.0	0.0	0.0	0.0	0.0	0.0	0.0	0.0	0.0	0.0	0.0	0.0	0.0	0.0	0.0	0.0	0.0	0.0	0.0	0.0	0.0	0.0	0.0	0.0	0.0	0.0	0.0	0.0	0.0
900278	0.0	0.0	0.0	0.0	0.0	0.0	0.0	0.0	0.0	0.0	0.0	0.0	0.0	0.0	0.0	0.0	0.0	0.0	0.0	0.0	0.0	0.0	0.0	0.0	0.0	0.0	0.0	0.0	0.0	0.0	0.0	0.0	0.0	0.0	0.0	0.0	0.0	0.0	0.0	0.0	0.0	0.0	0.0	0.0
900363	0.0	0.0	0.0	0.0	0.0	0.0	0.0	0.0	0.0	0.0	0.0	0.0	0.0	0.0	0.0	0.0	0.0	0.0	0.0	0.0	0.0	0.0	0.0	0.0	0.0	0.0	0.0	0.0	0.0	0.0	0.0	0.0	0.0	0.0	0.0	0.0	0.0	0.0	0.0	0.0	0.0	0.0	0.0	0.0
900330	0.0	0.0	0.0	0.0	0.0	0.0	0.0	0.0	0.0	0.0	0.0	0.0	0.0	0.0	0.0	0.0	0.0	0.0	0.0	0.0	0.0	0.0	0.0	0.0	0.0	0.0	0.0	0.0	0.0	0.0	0.0	0.0	0.0	0.0	0.0	0.0	0.0	0.0	0.0	0.0	0.0	0.0	0.0	0.0
900312	114.0	11.0	2344.0	176.0	89.0	0.0	2.0	6.0	56.0	0.0	0.0	0.0	53.0	2.0	0.0	0.0	59.0	3.0	0.0	0.0	0.0	0.0	0.0	0.0	0.0	0.0	0.0	0.0	0.0	0.0	8.0	0.0	0.0	0.0	10.0	4.0	0.0	0.0	1.0	0.0	0.0	0.0	0.0	11.0
Ca006ONNL2	0.0	0.0	0.0	0.0	0.0	0.0	0.0	0.0	0.0	0.0	0.0	0.0	0.0	0.0	0.0	0.0	0.0	0.0	0.0	0.0	0.0	0.0	0.0	0.0	0.0	0.0	0.0	0.0	0.0	0.0	0.0	0.0	0.0	0.0	0.0	0.0	0.0	0.0	0.0	0.0	0.0	0.0	0.0	0.0
900346	0.0	0.0	0.0	0.0	0.0	0.0	0.0	0.0	0.0	0.0	0.0	0.0	0.0	0.0	0.0	0.0	0.0	0.0	0.0	0.0	0.0	0.0	0.0	0.0	0.0	0.0	0.0	0.0	0.0	0.0	0.0	0.0	0.0	0.0	0.0	0.0	0.0	0.0	0.0	0.0	0.0	0.0	0.0	0.0
900572	1460.0	118.0	21.0	34.0	210.0	25.0	38.0	13.0	2.0	2.0	56.0	3.0	206.0	123.0	1.0	54.0	163.0	107.0	2.0	1.0	34.0	3.0	15.0	4.0	1.0	8.0	2.0	0.0	0.0	4.0	6.0	4.0	7.0	1.0	25.0	9.0	3.0	4.0	0.0	0.0	24.0	3.0	2.0	7.0
9004002	287.0	711.0	6.0	151.0	291.0	4.0	153.0	12.0	0.0	5.0	42.0	1.0	32.0	78.0	11.0	0.0	0.0	0.0	18.0	0.0	34.0	31.0	5.0	3.0	0.0	0.0	206.0	65.0	0.0	0.0	6.0	5.0	1.0	34.0	11.0	2.0	2.0	4.0	0.0	7.0	5.0	8.0	0.0	0.0
900331	381.0	134.0	7.0	58.0	227.0	1326.0	70.0	40.0	0.0	0.0	67.0	13.0	80.0	26.0	8.0	7.0	41.0	40.0	0.0	2.0	24.0	5.0	38.0	1.0	3.0	14.0	5.0	42.0	0.0	12.0	15.0	13.0	3.0	1.0	0.0	10.0	4.0	6.0	4.0	2.0	4.0	3.0	0.0	3.0
9004022	101.0	0.0	2508.0	90.0	143.0	0.0	27.0	0.0	28.0	0.0	22.0	0.0	5.0	8.0	0.0	1.0	11.0	3.0	1.0	0.0	12.0	2.0	0.0	0.0	0.0	0.0	0.0	0.0	0.0	2.0	8.0	0.0	2.0	0.0	2.0	0.0	0.0	0.0	1.0	4.0	0.0	0.0	0.0	0.0
900451	0.0	0.0	0.0	0.0	0.0	0.0	0.0	0.0	0.0	0.0	0.0	0.0	0.0	0.0	0.0	0.0	0.0	0.0	0.0	0.0	0.0	0.0	0.0	0.0	0.0	0.0	0.0	0.0	0.0	0.0	0.0	0.0	0.0	0.0	0.0	0.0	0.0	0.0	0.0	0.0	0.0	0.0	0.0	0.0
900126	1433.0	6.0	993.0	223.0	24.0	0.0	54.0	0.0	113.0	0.0	2.0	5.0	44.0	8.0	0.0	0.0	18.0	0.0	0.0	0.0	0.0	0.0	0.0	0.0	0.0	0.0	0.0	0.0	0.0	0.0	0.0	18.0	17.0	0.0	0.0	0.0	1.0	0.0	0.0	0.0	14.0	2.0	0.0	0.0
900141	0.0	0.0	0.0	0.0	0.0	0.0	0.0	0.0	0.0	0.0	0.0	0.0	0.0	0.0	0.0	0.0	0.0	0.0	0.0	0.0	0.0	0.0	0.0	0.0	0.0	0.0	0.0	0.0	0.0	0.0	0.0	0.0	0.0	0.0	0.0	0.0	0.0	0.0	0.0	0.0	0.0	0.0	0.0	0.0
900615	0.0	0.0	0.0	0.0	0.0	0.0	0.0	0.0	0.0	0.0	0.0	0.0	0.0	0.0	0.0	0.0	0.0	0.0	0.0	0.0	0.0	0.0	0.0	0.0	0.0	0.0	0.0	0.0	0.0	0.0	0.0	0.0	0.0	0.0	0.0	0.0	0.0	0.0	0.0	0.0	0.0	0.0	0.0	0.0
900307	281.0	2509.0	0.0	12.0	10.0	0.0	5.0	2.0	71.0	0.0	22.0	48.0	2.0	0.0	0.0	0.0	3.0	0.0	0.0	0.0	0.0	0.0	0.0	0.0	0.0	0.0	0.0	0.0	0.0	0.0	0.0	0.0	0.0	0.0	0.0	1.0	6.0	0.0	0.0	7.0	0.0	0.0	0.0	0.0
900583	841.0	148.0	898.0	43.0	203.0	5.0	244.0	3.0	46.0	0.0	8.0	1.0	138.0	14.0	0.0	0.0	30.0	64.0	0.0	0.0	15.0	5.0	0.0	0.0	0.0	0.0	51.0	0.0	0.0	57.0	22.0	5.0	1.0	5.0	0.0	0.0	20.0	35.0	0.0	3.0	7.0	0.0	0.0	4.0
Co003LTPN	0.0	0.0	0.0	0.0	0.0	0.0	0.0	0.0	0.0	0.0	0.0	0.0	0.0	0.0	0.0	0.0	0.0	0.0	0.0	0.0	0.0	0.0	0.0	0.0	0.0	0.0	0.0	0.0	0.0	0.0	0.0	0.0	0.0	0.0	0.0	0.0	0.0	0.0	0.0	0.0	0.0	0.0	0.0	0.0
900633	0.0	0.0	0.0	0.0	0.0	0.0	0.0	0.0	0.0	0.0	0.0	0.0	0.0	0.0	0.0	0.0	0.0	0.0	0.0	0.0	0.0	0.0	0.0	0.0	0.0	0.0	0.0	0.0	0.0	0.0	0.0	0.0	0.0	0.0	0.0	0.0	0.0	0.0	0.0	0.0	0.0	0.0	0.0	0.0
900578	0.0	0.0	0.0	0.0	0.0	0.0	0.0	0.0	0.0	0.0	0.0	0.0	0.0	0.0	0.0	0.0	0.0	0.0	0.0	0.0	0.0	0.0	0.0	0.0	0.0	0.0	0.0	0.0	0.0	0.0	0.0	0.0	0.0	0.0	0.0	0.0	0.0	0.0	0.0	0.0	0.0	0.0	0.0	0.0
900400	1901.0	1.0	1027.0	34.0	6.0	0.0	0.0	0.0	8.0	6.0	0.0	0.0	0.0	4.0	0.0	0.0	0.0	0.0	0.0	0.0	4.0	1.0	0.0	0.0	0.0	0.0	0.0	0.0	1.0	0.0	1.0	2.0	2.0	0.0	0.0	0.0	1.0	0.0	0.0	0.0	0.0	0.0	0.0	0.0
900599	993.0	3.0	927.0	583.0	7.0	0.0	0.0	1.0	469.0	0.0	2.0	6.0	0.0	0.0	0.0	0.0	0.0	0.0	0.0	0.0	0.0	0.0	0.0	0.0	0.0	0.0	0.0	0.0	1.0	0.0	0.0	0.0	0.0	0.0	1.0	0.0	0.0	0.0	0.0	1.0	0.0	0.0	1.0	0.0
900483	0.0	0.0	0.0	0.0	0.0	0.0	0.0	0.0	0.0	0.0	0.0	0.0	0.0	0.0	0.0	0.0	0.0	0.0	0.0	0.0	0.0	0.0	0.0	0.0	0.0	0.0	0.0	0.0	0.0	0.0	0.0	0.0	0.0	0.0	0.0	0.0	0.0	0.0	0.0	0.0	0.0	0.0	0.0	0.0
900360	384.0	206.0	153.0	207.0	247.0	137.0	98.0	432.0	2.0	8.0	11.0	33.0	114.0	24.0	104.0	0.0	9.0	44.0	15.0	1.0	0.0	3.0	10.0	219.0	146.0	96.0	28.0	3.0	7.0	8.0	23.0	11.0	2.0	2.0	0.0	2.0	10.0	8.0	0.0	2.0	0.0	4.0	6.0	2.0
900236	0.0	0.0	0.0	0.0	0.0	0.0	0.0	0.0	0.0	0.0	0.0	0.0	0.0	0.0	0.0	0.0	0.0	0.0	0.0	0.0	0.0	0.0	0.0	0.0	0.0	0.0	0.0	0.0	0.0	0.0	0.0	0.0	0.0	0.0	0.0	0.0	0.0	0.0	0.0	0.0	0.0	0.0	0.0	0.0
900430	1710.0	324.0	701.0	7.0	123.0	8.0	11.0	0.0	0.0	0.0	11.0	0.0	0.0	3.0	0.0	0.0	0.0	0.0	3.0	0.0	41.0	0.0	0.0	0.0	0.0	0.0	0.0	0.0	0.0	37.0	0.0	0.0	0.0	0.0	1.0	0.0	0.0	0.0	0.0	0.0	0.0	0.0	0.0	0.0
900573	195.0	86.0	0.0	863.0	207.0	292.0	16.0	12.0	0.0	29.0	43.0	21.0	16.0	23.0	0.0	128.0	27.0	30.0	53.0	0.0	0.0	26.0	3.0	330.0	26.0	8.0	0.0	254.0	8.0	0.0	4.0	0.0	0.0	0.0	0.0	1.0	0.0	5.0	0.0	2.0	12.0	0.0	0.0	0.0
900349	0.0	0.0	0.0	0.0	0.0	0.0	0.0	0.0	0.0	0.0	0.0	0.0	0.0	0.0	0.0	0.0	0.0	0.0	0.0	0.0	0.0	0.0	0.0	0.0	0.0	0.0	0.0	0.0	0.0	0.0	0.0	0.0	0.0	0.0	0.0	0.0	0.0	0.0	0.0	0.0	0.0	0.0	0.0	0.0
900320	0.0	0.0	0.0	0.0	0.0	0.0	0.0	0.0	0.0	0.0	0.0	0.0	0.0	0.0	0.0	0.0	0.0	0.0	0.0	0.0	0.0	0.0	0.0	0.0	0.0	0.0	0.0	0.0	0.0	0.0	0.0	0.0	0.0	0.0	0.0	0.0	0.0	0.0	0.0	0.0	0.0	0.0	0.0	0.0
900373	0.0	0.0	0.0	0.0	0.0	0.0	0.0	0.0	0.0	0.0	0.0	0.0	0.0	0.0	0.0	0.0	0.0	0.0	0.0	0.0	0.0	0.0	0.0	0.0	0.0	0.0	0.0	0.0	0.0	0.0	0.0	0.0	0.0	0.0	0.0	0.0	0.0	0.0	0.0	0.0	0.0	0.0	0.0	0.0
900058	0.0	0.0	0.0	0.0	0.0	0.0	0.0	0.0	0.0	0.0	0.0	0.0	0.0	0.0	0.0	0.0	0.0	0.0	0.0	0.0	0.0	0.0	0.0	0.0	0.0	0.0	0.0	0.0	0.0	0.0	0.0	0.0	0.0	0.0	0.0	0.0	0.0	0.0	0.0	0.0	0.0	0.0	0.0	0.0
900602	0.0	0.0	0.0	0.0	0.0	0.0	0.0	0.0	0.0	0.0	0.0	0.0	0.0	0.0	0.0	0.0	0.0	0.0	0.0	0.0	0.0	0.0	0.0	0.0	0.0	0.0	0.0	0.0	0.0	0.0	0.0	0.0	0.0	0.0	0.0	0.0	0.0	0.0	0.0	0.0	0.0	0.0	0.0	0.0
900631	9.0	101.0	0.0	67.0	459.0	2091.0	78.0	1.0	0.0	0.0	3.0	0.0	0.0	0.0	0.0	0.0	0.0	0.0	1.0	0.0	0.0	0.0	2.0	0.0	0.0	1.0	33.0	0.0	0.0	1.0	0.0	0.0	0.0	8.0	0.0	0.0	6.0	0.0	0.0	0.0	0.0	0.0	0.0	0.0
900507	0.0	0.0	0.0	0.0	0.0	0.0	0.0	0.0	0.0	0.0	0.0	0.0	0.0	0.0	0.0	0.0	0.0	0.0	0.0	0.0	0.0	0.0	0.0	0.0	0.0	0.0	0.0	0.0	0.0	0.0	0.0	0.0	0.0	0.0	0.0	0.0	0.0	0.0	0.0	0.0	0.0	0.0	0.0	0.0
900497	1040.0	5.0	0.0	4.0	49.0	2.0	152.0	8.0	0.0	0.0	289.0	277.0	298.0	0.0	0.0	0.0	119.0	45.0	0.0	0.0	0.0	1.0	451.0	4.0	0.0	0.0	0.0	0.0	0.0	0.0	9.0	37.0	0.0	0.0	175.0	0.0	0.0	0.0	0.0	0.0	3.0	0.0	0.0	16.0
900328b	211.0	1948.0	10.0	18.0	155.0	0.0	45.0	99.0	0.0	126.0	33.0	1.0	69.0	11.0	0.0	0.0	6.0	0.0	0.0	0.0	3.0	5.0	22.0	1.0	0.0	11.0	3.0	7.0	0.0	3.0	7.0	2.0	8.0	0.0	0.0	4.0	4.0	30.0	16.0	10.0	0.0	2.0	40.0	0.0
900425	0.0	0.0	0.0	0.0	0.0	0.0	0.0	0.0	0.0	0.0	0.0	0.0	0.0	0.0	0.0	0.0	0.0	0.0	0.0	0.0	0.0	0.0	0.0	0.0	0.0	0.0	0.0	0.0	0.0	0.0	0.0	0.0	0.0	0.0	0.0	0.0	0.0	0.0	0.0	0.0	0.0	0.0	0.0	0.0
900496	34.0	0.0	0.0	2262.0	7.0	0.0	7.0	0.0	685.0	0.0	0.0	0.0	0.0	0.0	0.0	0.0	0.0	0.0	0.0	0.0	0.0	0.0	0.0	0.0	0.0	0.0	0.0	0.0	0.0	0.0	1.0	0.0	0.0	0.0	0.0	4.0	0.0	0.0	0.0	0.0	0.0	0.0	0.0	0.0
900574	0.0	0.0	0.0	0.0	0.0	0.0	0.0	0.0	0.0	0.0	0.0	0.0	0.0	0.0	0.0	0.0	0.0	0.0	0.0	0.0	0.0	0.0	0.0	0.0	0.0	0.0	0.0	0.0	0.0	0.0	0.0	0.0	0.0	0.0	0.0	0.0	0.0	0.0	0.0	0.0	0.0	0.0	0.0	0.0
900318	0.0	0.0	0.0	0.0	0.0	0.0	0.0	0.0	0.0	0.0	0.0	0.0	0.0	0.0	0.0	0.0	0.0	0.0	0.0	0.0	0.0	0.0	0.0	0.0	0.0	0.0	0.0	0.0	0.0	0.0	0.0	0.0	0.0	0.0	0.0	0.0	0.0	0.0	0.0	0.0	0.0	0.0	0.0	0.0
900302	0.0	0.0	0.0	0.0	0.0	0.0	0.0	0.0	0.0	0.0	0.0	0.0	0.0	0.0	0.0	0.0	0.0	0.0	0.0	0.0	0.0	0.0	0.0	0.0	0.0	0.0	0.0	0.0	0.0	0.0	0.0	0.0	0.0	0.0	0.0	0.0	0.0	0.0	0.0	0.0	0.0	0.0	0.0	0.0
900108	32.0	973.0	0.0	168.0	123.0	637.0	11.0	0.0	0.0	105.0	9.0	0.0	3.0	8.0	0.0	650.0	0.0	0.0	10.0	2.0	0.0	0.0	0.0	0.0	0.0	0.0	6.0	36.0	30.0	12.0	0.0	0.0	0.0	6.0	0.0	0.0	9.0	12.0	0.0	0.0	0.0	0.0	0.0	0.0
9003992	197.0	80.0	0.0	1373.0	61.0	0.0	90.0	7.0	348.0	0.0	64.0	4.0	25.0	70.0	0.0	0.0	43.0	42.0	0.0	23.0	32.0	3.0	17.0	1.0	0.0	0.0	0.0	0.0	0.0	22.0	20.0	31.0	24.0	0.0	4.0	10.0	19.0	0.0	0.0	0.0	32.0	0.0	0.0	15.0
900403	0.0	0.0	0.0	0.0	0.0	0.0	0.0	0.0	0.0	0.0	0.0	0.0	0.0	0.0	0.0	0.0	0.0	0.0	0.0	0.0	0.0	0.0	0.0	0.0	0.0	0.0	0.0	0.0	0.0	0.0	0.0	0.0	0.0	0.0	0.0	0.0	0.0	0.0	0.0	0.0	0.0	0.0	0.0	0.0
900296	0.0	0.0	0.0	0.0	0.0	0.0	0.0	0.0	0.0	0.0	0.0	0.0	0.0	0.0	0.0	0.0	0.0	0.0	0.0	0.0	0.0	0.0	0.0	0.0	0.0	0.0	0.0	0.0	0.0	0.0	0.0	0.0	0.0	0.0	0.0	0.0	0.0	0.0	0.0	0.0	0.0	0.0	0.0	0.0
Ca007NKL	0.0	0.0	0.0	0.0	0.0	0.0	0.0	0.0	0.0	0.0	0.0	0.0	0.0	0.0	0.0	0.0	0.0	0.0	0.0	0.0	0.0	0.0	0.0	0.0	0.0	0.0	0.0	0.0	0.0	0.0	0.0	0.0	0.0	0.0	0.0	0.0	0.0	0.0	0.0	0.0	0.0	0.0	0.0	0.0
Ca009STNL	0.0	0.0	0.0	0.0	0.0	0.0	0.0	0.0	0.0	0.0	0.0	0.0	0.0	0.0	0.0	0.0	0.0	0.0	0.0	0.0	0.0	0.0	0.0	0.0	0.0	0.0	0.0	0.0	0.0	0.0	0.0	0.0	0.0	0.0	0.0	0.0	0.0	0.0	0.0	0.0	0.0	0.0	0.0	0.0
900617	0.0	0.0	0.0	0.0	0.0	0.0	0.0	0.0	0.0	0.0	0.0	0.0	0.0	0.0	0.0	0.0	0.0	0.0	0.0	0.0	0.0	0.0	0.0	0.0	0.0	0.0	0.0	0.0	0.0	0.0	0.0	0.0	0.0	0.0	0.0	0.0	0.0	0.0	0.0	0.0	0.0	0.0	0.0	0.0
900610	1434.0	5.0	459.0	0.0	218.0	3.0	8.0	13.0	0.0	21.0	551.0	0.0	13.0	3.0	0.0	0.0	58.0	75.0	1.0	0.0	55.0	8.0	0.0	0.0	0.0	2.0	0.0	0.0	0.0	0.0	0.0	3.0	1.0	0.0	22.0	0.0	0.0	0.0	0.0	0.0	0.0	3.0	0.0	0.0
900550	1059.0	832.0	60.0	210.0	70.0	37.0	96.0	17.0	0.0	19.0	34.0	104.0	102.0	5.0	0.0	27.0	25.0	61.0	0.0	0.0	5.0	0.0	14.0	0.0	4.0	0.0	21.0	1.0	0.0	26.0	6.0	0.0	6.0	0.0	29.0	20.0	0.0	0.0	0.0	0.0	0.0	1.0	0.0	5.0
900435	0.0	0.0	0.0	0.0	0.0	0.0	0.0	0.0	0.0	0.0	0.0	0.0	0.0	0.0	0.0	0.0	0.0	0.0	0.0	0.0	0.0	0.0	0.0	0.0	0.0	0.0	0.0	0.0	0.0	0.0	0.0	0.0	0.0	0.0	0.0	0.0	0.0	0.0	0.0	0.0	0.0	0.0	0.0	0.0
900356	0.0	0.0	0.0	0.0	0.0	0.0	0.0	0.0	0.0	0.0	0.0	0.0	0.0	0.0	0.0	0.0	0.0	0.0	0.0	0.0	0.0	0.0	0.0	0.0	0.0	0.0	0.0	0.0	0.0	0.0	0.0	0.0	0.0	0.0	0.0	0.0	0.0	0.0	0.0	0.0	0.0	0.0	0.0	0.0
900622	15.0	2604.0	0.0	36.0	79.0	7.0	0.0	0.0	0.0	52.0	0.0	0.0	0.0	35.0	51.0	0.0	9.0	0.0	0.0	30.0	0.0	4.0	0.0	0.0	0.0	5.0	0.0	11.0	12.0	0.0	0.0	0.0	0.0	0.0	0.0	0.0	0.0	18.0	0.0	0.0	0.0	8.0	0.0	0.0
900240	0.0	0.0	0.0	0.0	0.0	0.0	0.0	0.0	0.0	0.0	0.0	0.0	0.0	0.0	0.0	0.0	0.0	0.0	0.0	0.0	0.0	0.0	0.0	0.0	0.0	0.0	0.0	0.0	0.0	0.0	0.0	0.0	0.0	0.0	0.0	0.0	0.0	0.0	0.0	0.0	0.0	0.0	0.0	0.0
900376	0.0	0.0	0.0	0.0	0.0	0.0	0.0	0.0	0.0	0.0	0.0	0.0	0.0	0.0	0.0	0.0	0.0	0.0	0.0	0.0	0.0	0.0	0.0	0.0	0.0	0.0	0.0	0.0	0.0	0.0	0.0	0.0	0.0	0.0	0.0	0.0	0.0	0.0	0.0	0.0	0.0	0.0	0.0	0.0
900482	1182.0	252.0	27.0	23.0	196.0	75.0	124.0	83.0	5.0	21.0	91.0	0.0	38.0	102.0	0.0	0.0	64.0	30.0	70.0	20.0	45.0	13.0	19.0	0.0	0.0	0.0	18.0	5.0	56.0	30.0	2.0	12.0	77.0	19.0	0.0	21.0	0.0	0.0	0.0	38.0	7.0	0.0	1.0	16.0
Ca006ONL2	0.0	0.0	0.0	0.0	0.0	0.0	0.0	0.0	0.0	0.0	0.0	0.0	0.0	0.0	0.0	0.0	0.0	0.0	0.0	0.0	0.0	0.0	0.0	0.0	0.0	0.0	0.0	0.0	0.0	0.0	0.0	0.0	0.0	0.0	0.0	0.0	0.0	0.0	0.0	0.0	0.0	0.0	0.0	0.0
900548	0.0	2605.0	0.0	127.0	142.0	38.0	0.0	20.0	0.0	0.0	0.0	0.0	7.0	3.0	0.0	6.0	0.0	0.0	1.0	0.0	0.0	0.0	0.0	7.0	6.0	0.0	0.0	4.0	0.0	0.0	0.0	0.0	0.0	0.0	0.0	0.0	21.0	0.0	0.0	0.0	0.0	0.0	0.0	0.0
900390	35.0	11.0	0.0	538.0	770.0	379.0	88.0	392.0	0.0	37.0	0.0	13.0	17.0	14.0	2.0	0.0	3.0	2.0	0.0	217.0	0.0	11.0	7.0	73.0	38.0	5.0	12.0	1.0	12.0	0.0	0.0	0.0	0.0	12.0	0.0	0.0	0.0	0.0	7.0	2.0	0.0	4.0	0.0	0.0
900446	322.0	268.0	0.0	325.0	337.0	39.0	73.0	62.0	0.0	0.0	60.0	0.0	6.0	17.0	0.0	1080.0	0.0	2.0	12.0	20.0	0.0	33.0	18.0	2.0	2.0	12.0	0.0	17.0	0.0	15.0	8.0	0.0	8.0	0.0	0.0	0.0	0.0	0.0	22.0	0.0	19.0	14.0	15.0	12.0
900342	2078.0	6.0	0.0	722.0	13.0	0.0	0.0	0.0	146.0	0.0	3.0	0.0	4.0	4.0	0.0	0.0	0.0	0.0	0.0	0.0	0.0	0.0	0.0	0.0	0.0	0.0	3.0	0.0	0.0	0.0	0.0	0.0	0.0	0.0	0.0	0.0	0.0	0.0	0.0	0.0	0.0	0.0	0.0	0.0
900365	2889.0	19.0	0.0	12.0	27.0	0.0	17.0	0.0	31.0	0.0	0.0	0.0	0.0	4.0	0.0	0.0	0.0	0.0	0.0	0.0	0.0	0.0	0.0	0.0	0.0	0.0	0.0	0.0	0.0	0.0	0.0	0.0	0.0	0.0	0.0	0.0	0.0	0.0	0.0	0.0	0.0	0.0	0.0	0.0
900395	90.0	588.0	0.0	104.0	203.0	122.0	825.0	12.0	0.0	3.0	6.0	12.0	0.0	44.0	5.0	37.0	0.0	0.0	186.0	17.0	0.0	2.0	3.0	19.0	21.0	27.0	97.0	19.0	0.0	0.0	1.0	0.0	8.0	44.0	2.0	0.0	0.0	0.0	5.0	0.0	0.0	2.0	6.0	0.0
Co002MPNL	0.0	0.0	0.0	0.0	0.0	0.0	0.0	0.0	0.0	0.0	0.0	0.0	0.0	0.0	0.0	0.0	0.0	0.0	0.0	0.0	0.0	0.0	0.0	0.0	0.0	0.0	0.0	0.0	0.0	0.0	0.0	0.0	0.0	0.0	0.0	0.0	0.0	0.0	0.0	0.0	0.0	0.0	0.0	0.0
900150	0.0	0.0	0.0	0.0	0.0	0.0	0.0	0.0	0.0	0.0	0.0	0.0	0.0	0.0	0.0	0.0	0.0	0.0	0.0	0.0	0.0	0.0	0.0	0.0	0.0	0.0	0.0	0.0	0.0	0.0	0.0	0.0	0.0	0.0	0.0	0.0	0.0	0.0	0.0	0.0	0.0	0.0	0.0	0.0
900588	0.0	0.0	0.0	0.0	0.0	0.0	0.0	0.0	0.0	0.0	0.0	0.0	0.0	0.0	0.0	0.0	0.0	0.0	0.0	0.0	0.0	0.0	0.0	0.0	0.0	0.0	0.0	0.0	0.0	0.0	0.0	0.0	0.0	0.0	0.0	0.0	0.0	0.0	0.0	0.0	0.0	0.0	0.0	0.0
900256	119.0	1928.0	14.0	15.0	117.0	52.0	12.0	111.0	0.0	26.0	2.0	0.0	12.0	37.0	0.0	59.0	5.0	0.0	0.0	4.0	4.0	7.0	1.0	0.0	0.0	0.0	1.0	0.0	9.0	0.0	0.0	0.0	0.0	0.0	0.0	0.0	0.0	2.0	2.0	0.0	0.0	0.0	0.0	0.0
900450	0.0	0.0	0.0	0.0	0.0	0.0	0.0	0.0	0.0	0.0	0.0	0.0	0.0	0.0	0.0	0.0	0.0	0.0	0.0	0.0	0.0	0.0	0.0	0.0	0.0	0.0	0.0	0.0	0.0	0.0	0.0	0.0	0.0	0.0	0.0	0.0	0.0	0.0	0.0	0.0	0.0	0.0	0.0	0.0
900286	1604.0	16.0	254.0	177.0	106.0	0.0	27.0	3.0	61.0	0.0	0.0	0.0	334.0	1.0	0.0	0.0	61.0	48.0	7.0	0.0	0.0	0.0	11.0	7.0	0.0	5.0	3.0	0.0	0.0	43.0	0.0	15.0	1.0	0.0	14.0	0.0	0.0	0.0	1.0	0.0	9.0	0.0	0.0	4.0
900351	2230.0	0.0	0.0	30.0	28.0	0.0	6.0	0.0	5.0	0.0	3.0	643.0	22.0	1.0	0.0	0.0	0.0	6.0	0.0	0.0	0.0	0.0	0.0	0.0	2.0	0.0	0.0	0.0	0.0	0.0	0.0	0.0	0.0	0.0	11.0	2.0	0.0	0.0	0.0	0.0	0.0	0.0	0.0	0.0
900495	0.0	0.0	0.0	0.0	0.0	0.0	0.0	0.0	0.0	0.0	0.0	0.0	0.0	0.0	0.0	0.0	0.0	0.0	0.0	0.0	0.0	0.0	0.0	0.0	0.0	0.0	0.0	0.0	0.0	0.0	0.0	0.0	0.0	0.0	0.0	0.0	0.0	0.0	0.0	0.0	0.0	0.0	0.0	0.0
Ca006ONNL	0.0	0.0	0.0	0.0	0.0	0.0	0.0	0.0	0.0	0.0	0.0	0.0	0.0	0.0	0.0	0.0	0.0	0.0	0.0	0.0	0.0	0.0	0.0	0.0	0.0	0.0	0.0	0.0	0.0	0.0	0.0	0.0	0.0	0.0	0.0	0.0	0.0	0.0	0.0	0.0	0.0	0.0	0.0	0.0
900386	0.0	0.0	0.0	0.0	0.0	0.0	0.0	0.0	0.0	0.0	0.0	0.0	0.0	0.0	0.0	0.0	0.0	0.0	0.0	0.0	0.0	0.0	0.0	0.0	0.0	0.0	0.0	0.0	0.0	0.0	0.0	0.0	0.0	0.0	0.0	0.0	0.0	0.0	0.0	0.0	0.0	0.0	0.0	0.0
900452	0.0	0.0	0.0	0.0	0.0	0.0	0.0	0.0	0.0	0.0	0.0	0.0	0.0	0.0	0.0	0.0	0.0	0.0	0.0	0.0	0.0	0.0	0.0	0.0	0.0	0.0	0.0	0.0	0.0	0.0	0.0	0.0	0.0	0.0	0.0	0.0	0.0	0.0	0.0	0.0	0.0	0.0	0.0	0.0
900441	2696.0	0.0	135.0	12.0	51.0	0.0	7.0	0.0	16.0	0.0	0.0	0.0	15.0	1.0	0.0	0.0	17.0	32.0	0.0	0.0	5.0	0.0	0.0	0.0	0.0	0.0	0.0	0.0	0.0	10.0	0.0	0.0	0.0	0.0	1.0	0.0	0.0	0.0	0.0	0.0	2.0	0.0	0.0	0.0
900113	23.0	43.0	0.0	67.0	2477.0	43.0	42.0	20.0	0.0	0.0	0.0	0.0	0.0	15.0	0.0	0.0	0.0	0.0	0.0	0.0	0.0	5.0	0.0	3.0	9.0	0.0	1.0	0.0	31.0	0.0	0.0	0.0	0.0	4.0	0.0	0.0	0.0	0.0	0.0	0.0	0.0	0.0	0.0	0.0
900095	0.0	0.0	0.0	0.0	0.0	0.0	0.0	0.0	0.0	0.0	0.0	0.0	0.0	0.0	0.0	0.0	0.0	0.0	0.0	0.0	0.0	0.0	0.0	0.0	0.0	0.0	0.0	0.0	0.0	0.0	0.0	0.0	0.0	0.0	0.0	0.0	0.0	0.0	0.0	0.0	0.0	0.0	0.0	0.0
900325	42.0	71.0	0.0	571.0	431.0	699.0	332.0	209.0	0.0	72.0	4.0	9.0	7.0	1.0	13.0	0.0	3.0	0.0	0.0	13.0	4.0	4.0	0.0	42.0	22.0	17.0	24.0	14.0	60.0	0.0	0.0	0.0	0.0	11.0	0.0	1.0	0.0	0.0	4.0	0.0	0.0	0.0	0.0	0.0
900542	0.0	0.0	0.0	0.0	0.0	0.0	0.0	0.0	0.0	0.0	0.0	0.0	0.0	0.0	0.0	0.0	0.0	0.0	0.0	0.0	0.0	0.0	0.0	0.0	0.0	0.0	0.0	0.0	0.0	0.0	0.0	0.0	0.0	0.0	0.0	0.0	0.0	0.0	0.0	0.0	0.0	0.0	0.0	0.0
900492	533.0	635.0	3.0	33.0	118.0	1304.0	18.0	0.0	0.0	0.0	2.0	2.0	3.0	12.0	0.0	0.0	9.0	0.0	14.0	0.0	9.0	0.0	6.0	0.0	1.0	0.0	6.0	174.0	0.0	0.0	1.0	0.0	0.0	0.0	1.0	0.0	2.0	5.0	0.0	2.0	4.0	1.0	0.0	5.0
900383	0.0	0.0	0.0	0.0	0.0	0.0	0.0	0.0	0.0	0.0	0.0	0.0	0.0	0.0	0.0	0.0	0.0	0.0	0.0	0.0	0.0	0.0	0.0	0.0	0.0	0.0	0.0	0.0	0.0	0.0	0.0	0.0	0.0	0.0	0.0	0.0	0.0	0.0	0.0	0.0	0.0	0.0	0.0	0.0
900357	0.0	0.0	0.0	0.0	0.0	0.0	0.0	0.0	0.0	0.0	0.0	0.0	0.0	0.0	0.0	0.0	0.0	0.0	0.0	0.0	0.0	0.0	0.0	0.0	0.0	0.0	0.0	0.0	0.0	0.0	0.0	0.0	0.0	0.0	0.0	0.0	0.0	0.0	0.0	0.0	0.0	0.0	0.0	0.0
900264	88.0	18.0	0.0	1677.0	48.0	0.0	19.0	2.0	1065.0	0.0	3.0	2.0	34.0	5.0	0.0	0.0	0.0	0.0	0.0	0.0	0.0	0.0	0.0	0.0	9.0	0.0	1.0	0.0	0.0	7.0	0.0	2.0	0.0	1.0	1.0	4.0	0.0	0.0	0.0	0.0	0.0	0.0	0.0	0.0
900626	0.0	0.0	0.0	0.0	0.0	0.0	0.0	0.0	0.0	0.0	0.0	0.0	0.0	0.0	0.0	0.0	0.0	0.0	0.0	0.0	0.0	0.0	0.0	0.0	0.0	0.0	0.0	0.0	0.0	0.0	0.0	0.0	0.0	0.0	0.0	0.0	0.0	0.0	0.0	0.0	0.0	0.0	0.0	0.0
900258	307.0	1501.0	16.0	48.0	152.0	32.0	14.0	390.0	0.0	7.0	2.0	3.0	0.0	32.0	0.0	89.0	38.0	0.0	0.0	0.0	4.0	2.0	4.0	0.0	0.0	0.0	3.0	0.0	0.0	0.0	0.0	0.0	1.0	9.0	0.0	0.0	0.0	8.0	2.0	0.0	2.0	0.0	0.0	0.0
900334	553.0	43.0	18.0	50.0	118.0	41.0	48.0	26.0	5.0	19.0	38.0	1399.0	183.0	18.0	0.0	0.0	73.0	64.0	8.0	0.0	6.0	9.0	24.0	1.0	1.0	4.0	0.0	0.0	5.0	46.0	11.0	10.0	19.0	2.0	17.0	21.0	0.0	5.0	1.0	3.0	0.0	4.0	0.0	3.0
900350	0.0	0.0	0.0	0.0	0.0	0.0	0.0	0.0	0.0	0.0	0.0	0.0	0.0	0.0	0.0	0.0	0.0	0.0	0.0	0.0	0.0	0.0	0.0	0.0	0.0	0.0	0.0	0.0	0.0	0.0	0.0	0.0	0.0	0.0	0.0	0.0	0.0	0.0	0.0	0.0	0.0	0.0	0.0	0.0
900394	208.0	839.0	5.0	47.0	401.0	61.0	323.0	94.0	0.0	23.0	125.0	87.0	15.0	17.0	33.0	0.0	0.0	10.0	9.0	5.0	5.0	63.0	13.0	12.0	37.0	72.0	20.0	6.0	5.0	6.0	10.0	2.0	3.0	6.0	5.0	1.0	2.0	4.0	13.0	19.0	5.0	48.0	16.0	0.0
900227	0.0	951.0	0.0	16.0	1345.0	17.0	0.0	4.0	0.0	0.0	0.0	0.0	0.0	0.0	557.0	0.0	0.0	0.0	0.0	0.0	0.0	0.0	0.0	13.0	4.0	57.0	0.0	0.0	0.0	0.0	0.0	0.0	0.0	0.0	0.0	0.0	0.0	0.0	0.0	0.0	0.0	0.0	0.0	0.0
900053	1637.0	0.0	1135.0	3.0	12.0	0.0	7.0	0.0	16.0	0.0	13.0	0.0	79.0	6.0	0.0	0.0	24.0	10.0	0.0	0.0	0.0	0.0	0.0	0.0	0.0	0.0	0.0	0.0	0.0	9.0	4.0	4.0	15.0	0.0	5.0	18.0	0.0	0.0	0.0	0.0	0.0	0.0	0.0	0.0
900499	429.0	40.0	0.0	87.0	1540.0	73.0	13.0	32.0	2.0	0.0	1.0	631.0	0.0	5.0	0.0	4.0	5.0	0.0	0.0	0.0	6.0	0.0	13.0	0.0	0.0	1.0	0.0	0.0	23.0	0.0	1.0	4.0	0.0	0.0	0.0	0.0	2.0	0.0	0.0	13.0	0.0	2.0	0.0	0.0
900315	0.0	0.0	0.0	0.0	0.0	0.0	0.0	0.0	0.0	0.0	0.0	0.0	0.0	0.0	0.0	0.0	0.0	0.0	0.0	0.0	0.0	0.0	0.0	0.0	0.0	0.0	0.0	0.0	0.0	0.0	0.0	0.0	0.0	0.0	0.0	0.0	0.0	0.0	0.0	0.0	0.0	0.0	0.0	0.0
900101	0.0	0.0	0.0	0.0	0.0	0.0	0.0	0.0	0.0	0.0	0.0	0.0	0.0	0.0	0.0	0.0	0.0	0.0	0.0	0.0	0.0	0.0	0.0	0.0	0.0	0.0	0.0	0.0	0.0	0.0	0.0	0.0	0.0	0.0	0.0	0.0	0.0	0.0	0.0	0.0	0.0	0.0	0.0	0.0
900609	1145.0	0.0	1611.0	83.0	0.0	0.0	1.0	0.0	141.0	0.0	0.0	0.0	0.0	0.0	0.0	0.0	0.0	0.0	0.0	0.0	0.0	4.0	0.0	0.0	0.0	0.0	0.0	0.0	0.0	0.0	0.0	0.0	9.0	0.0	0.0	0.0	1.0	0.0	0.0	0.0	0.0	3.0	0.0	0.0
900476	616.0	359.0	0.0	0.0	161.0	69.0	106.0	255.0	10.0	68.0	36.0	3.0	57.0	387.0	0.0	0.0	64.0	0.0	5.0	15.0	30.0	55.0	32.0	0.0	12.0	7.0	0.0	0.0	0.0	95.0	72.0	31.0	1.0	0.0	2.0	22.0	0.0	0.0	39.0	0.0	0.0	41.0	10.0	0.0
900557	421.0	497.0	14.0	43.0	749.0	281.0	53.0	101.0	0.0	0.0	82.0	0.0	104.0	5.0	104.0	0.0	8.0	16.0	0.0	29.0	15.0	2.0	20.0	2.0	1.0	0.0	3.0	0.0	18.0	11.0	54.0	2.0	12.0	3.0	0.0	0.0	4.0	5.0	0.0	5.0	1.0	0.0	0.0	0.0
900404	0.0	0.0	0.0	0.0	0.0	0.0	0.0	0.0	0.0	0.0	0.0	0.0	0.0	0.0	0.0	0.0	0.0	0.0	0.0	0.0	0.0	0.0	0.0	0.0	0.0	0.0	0.0	0.0	0.0	0.0	0.0	0.0	0.0	0.0	0.0	0.0	0.0	0.0	0.0	0.0	0.0	0.0	0.0	0.0
900128	0.0	0.0	0.0	0.0	0.0	0.0	0.0	0.0	0.0	0.0	0.0	0.0	0.0	0.0	0.0	0.0	0.0	0.0	0.0	0.0	0.0	0.0	0.0	0.0	0.0	0.0	0.0	0.0	0.0	0.0	0.0	0.0	0.0	0.0	0.0	0.0	0.0	0.0	0.0	0.0	0.0	0.0	0.0	0.0
900392	0.0	2995.0	0.0	0.0	0.0	2.0	1.0	1.0	0.0	0.0	0.0	0.0	0.0	0.0	0.0	0.0	0.0	0.0	0.0	0.0	0.0	0.0	0.0	0.0	0.0	0.0	1.0	0.0	0.0	0.0	0.0	0.0	0.0	0.0	0.0	0.0	0.0	0.0	0.0	0.0	0.0	0.0	0.0	0.0
9004032	0.0	0.0	0.0	0.0	0.0	0.0	0.0	0.0	0.0	0.0	0.0	0.0	0.0	0.0	0.0	0.0	0.0	0.0	0.0	0.0	0.0	0.0	0.0	0.0	0.0	0.0	0.0	0.0	0.0	0.0	0.0	0.0	0.0	0.0	0.0	0.0	0.0	0.0	0.0	0.0	0.0	0.0	0.0	0.0
Ca007NKNL	0.0	0.0	0.0	0.0	0.0	0.0	0.0	0.0	0.0	0.0	0.0	0.0	0.0	0.0	0.0	0.0	0.0	0.0	0.0	0.0	0.0	0.0	0.0	0.0	0.0	0.0	0.0	0.0	0.0	0.0	0.0	0.0	0.0	0.0	0.0	0.0	0.0	0.0	0.0	0.0	0.0	0.0	0.0	0.0
900380	0.0	0.0	0.0	0.0	0.0	0.0	0.0	0.0	0.0	0.0	0.0	0.0	0.0	0.0	0.0	0.0	0.0	0.0	0.0	0.0	0.0	0.0	0.0	0.0	0.0	0.0	0.0	0.0	0.0	0.0	0.0	0.0	0.0	0.0	0.0	0.0	0.0	0.0	0.0	0.0	0.0	0.0	0.0	0.0
900465	0.0	0.0	0.0	0.0	0.0	0.0	0.0	0.0	0.0	0.0	0.0	0.0	0.0	0.0	0.0	0.0	0.0	0.0	0.0	0.0	0.0	0.0	0.0	0.0	0.0	0.0	0.0	0.0	0.0	0.0	0.0	0.0	0.0	0.0	0.0	0.0	0.0	0.0	0.0	0.0	0.0	0.0	0.0	0.0
900613	91.0	266.0	10.0	60.0	941.0	952.0	336.0	10.0	0.0	1.0	26.0	4.0	0.0	15.0	0.0	2.0	11.0	10.0	16.0	0.0	2.0	1.0	3.0	0.0	0.0	1.0	21.0	0.0	83.0	0.0	3.0	0.0	0.0	1.0	0.0	7.0	1.0	0.0	0.0	2.0	0.0	8.0	10.0	0.0
900267	1710.0	4.0	405.0	41.0	67.0	17.0	11.0	38.0	21.0	0.0	41.0	0.0	334.0	8.0	0.0	0.0	27.0	128.0	0.0	0.0	0.0	0.0	0.0	0.0	4.0	0.0	0.0	0.0	0.0	5.0	30.0	5.0	12.0	0.0	7.0	5.0	0.0	0.0	9.0	0.0	4.0	8.0	0.0	0.0
900595	0.0	0.0	0.0	0.0	0.0	0.0	0.0	0.0	0.0	0.0	0.0	0.0	0.0	0.0	0.0	0.0	0.0	0.0	0.0	0.0	0.0	0.0	0.0	0.0	0.0	0.0	0.0	0.0	0.0	0.0	0.0	0.0	0.0	0.0	0.0	0.0	0.0	0.0	0.0	0.0	0.0	0.0	0.0	0.0
900381	0.0	0.0	0.0	0.0	0.0	0.0	0.0	0.0	0.0	0.0	0.0	0.0	0.0	0.0	0.0	0.0	0.0	0.0	0.0	0.0	0.0	0.0	0.0	0.0	0.0	0.0	0.0	0.0	0.0	0.0	0.0	0.0	0.0	0.0	0.0	0.0	0.0	0.0	0.0	0.0	0.0	0.0	0.0	0.0
900116	201.0	1862.0	193.0	102.0	81.0	53.0	82.0	0.0	0.0	12.0	46.0	32.0	64.0	10.0	0.0	0.0	17.0	0.0	1.0	0.0	28.0	20.0	8.0	0.0	0.0	0.0	0.0	0.0	0.0	14.0	37.0	7.0	17.0	0.0	0.0	0.0	15.0	2.0	0.0	0.0	0.0	0.0	0.0	3.0
900444	2956.0	0.0	0.0	0.0	10.0	0.0	2.0	0.0	0.0	0.0	0.0	0.0	0.0	1.0	0.0	0.0	0.0	4.0	0.0	0.0	0.0	0.0	0.0	0.0	0.0	0.0	0.0	0.0	0.0	0.0	11.0	2.0	0.0	0.0	0.0	5.0	0.0	0.0	0.0	0.0	0.0	0.0	0.0	0.0
900089	0.0	0.0	0.0	0.0	0.0	0.0	0.0	0.0	0.0	0.0	0.0	0.0	0.0	0.0	0.0	0.0	0.0	0.0	0.0	0.0	0.0	0.0	0.0	0.0	0.0	0.0	0.0	0.0	0.0	0.0	0.0	0.0	0.0	0.0	0.0	0.0	0.0	0.0	0.0	0.0	0.0	0.0	0.0	0.0
900064	0.0	0.0	0.0	0.0	0.0	0.0	0.0	0.0	0.0	0.0	0.0	0.0	0.0	0.0	0.0	0.0	0.0	0.0	0.0	0.0	0.0	0.0	0.0	0.0	0.0	0.0	0.0	0.0	0.0	0.0	0.0	0.0	0.0	0.0	0.0	0.0	0.0	0.0	0.0	0.0	0.0	0.0	0.0	0.0
9004012	29.0	1938.0	0.0	570.0	142.0	0.0	40.0	5.0	0.0	0.0	0.0	33.0	0.0	106.0	0.0	0.0	0.0	0.0	12.0	0.0	0.0	21.0	0.0	0.0	0.0	0.0	5.0	5.0	0.0	0.0	0.0	0.0	0.0	14.0	0.0	0.0	22.0	20.0	0.0	0.0	19.0	0.0	0.0	0.0
900545	708.0	0.0	2271.0	0.0	0.0	0.0	0.0	0.0	8.0	0.0	0.0	0.0	0.0	0.0	0.0	9.0	1.0	0.0	0.0	0.0	0.0	0.0	0.0	0.0	0.0	0.0	0.0	0.0	0.0	0.0	1.0	0.0	0.0	0.0	0.0	0.0	0.0	0.0	0.0	0.0	0.0	0.0	0.0	0.0
900226	14.0	16.0	8.0	40.0	2047.0	16.0	1.0	12.0	0.0	0.0	0.0	0.0	3.0	41.0	752.0	0.0	0.0	0.0	0.0	0.0	0.0	3.0	1.0	0.0	4.0	1.0	2.0	0.0	0.0	0.0	0.0	0.0	0.0	0.0	0.0	0.0	1.0	4.0	2.0	0.0	0.0	0.0	3.0	0.0
900143	0.0	0.0	0.0	0.0	0.0	0.0	0.0	0.0	0.0	0.0	0.0	0.0	0.0	0.0	0.0	0.0	0.0	0.0	0.0	0.0	0.0	0.0	0.0	0.0	0.0	0.0	0.0	0.0	0.0	0.0	0.0	0.0	0.0	0.0	0.0	0.0	0.0	0.0	0.0	0.0	0.0	0.0	0.0	0.0
900440	12.0	2938.0	0.0	1.0	5.0	2.0	0.0	0.0	0.0	0.0	0.0	0.0	0.0	17.0	0.0	0.0	0.0	0.0	0.0	5.0	0.0	0.0	0.0	0.0	0.0	0.0	1.0	0.0	0.0	0.0	0.0	0.0	0.0	0.0	0.0	0.0	0.0	0.0	0.0	0.0	0.0	0.0	0.0	0.0
900586	60.0	0.0	0.0	2668.0	64.0	0.0	0.0	6.0	106.0	10.0	4.0	0.0	0.0	12.0	0.0	0.0	17.0	0.0	0.0	0.0	18.0	0.0	1.0	0.0	0.0	0.0	0.0	0.0	0.0	1.0	0.0	5.0	2.0	0.0	0.0	0.0	0.0	0.0	0.0	0.0	0.0	0.0	0.0	2.0
900374	23.0	0.0	0.0	182.0	1259.0	1182.0	59.0	68.0	3.0	17.0	3.0	1.0	10.0	5.0	0.0	0.0	0.0	0.0	0.0	0.0	3.0	0.0	0.0	0.0	38.0	1.0	2.0	0.0	9.0	0.0	0.0	0.0	3.0	0.0	0.0	0.0	2.0	0.0	2.0	37.0	3.0	0.0	0.0	0.0
900474	0.0	0.0	0.0	0.0	0.0	0.0	0.0	0.0	0.0	0.0	0.0	0.0	0.0	0.0	0.0	0.0	0.0	0.0	0.0	0.0	0.0	0.0	0.0	0.0	0.0	0.0	0.0	0.0	0.0	0.0	0.0	0.0	0.0	0.0	0.0	0.0	0.0	0.0	0.0	0.0	0.0	0.0	0.0	0.0
900082	93.0	162.0	0.0	191.0	120.0	58.0	265.0	456.0	0.0	1069.0	0.0	0.0	0.0	36.0	0.0	0.0	0.0	0.0	44.0	27.0	0.0	0.0	0.0	21.0	12.0	41.0	0.0	82.0	18.0	0.0	0.0	0.0	0.0	90.0	0.0	0.0	0.0	0.0	0.0	0.0	0.0	0.0	0.0	0.0
900401	1112.0	35.0	2.0	66.0	261.0	32.0	114.0	74.0	8.0	0.0	200.0	5.0	283.0	165.0	2.0	0.0	118.0	80.0	0.0	0.0	46.0	3.0	138.0	0.0	7.0	0.0	0.0	0.0	0.0	56.0	34.0	19.0	25.0	0.0	8.0	36.0	0.0	0.0	0.0	0.0	11.0	0.0	7.0	14.0
Ca010EBL	0.0	0.0	0.0	0.0	0.0	0.0	0.0	0.0	0.0	0.0	0.0	0.0	0.0	0.0	0.0	0.0	0.0	0.0	0.0	0.0	0.0	0.0	0.0	0.0	0.0	0.0	0.0	0.0	0.0	0.0	0.0	0.0	0.0	0.0	0.0	0.0	0.0	0.0	0.0	0.0	0.0	0.0	0.0	0.0
900579	0.0	0.0	0.0	0.0	0.0	0.0	0.0	0.0	0.0	0.0	0.0	0.0	0.0	0.0	0.0	0.0	0.0	0.0	0.0	0.0	0.0	0.0	0.0	0.0	0.0	0.0	0.0	0.0	0.0	0.0	0.0	0.0	0.0	0.0	0.0	0.0	0.0	0.0	0.0	0.0	0.0	0.0	0.0	0.0
900432	17.0	396.0	2419.0	144.0	3.0	9.0	0.0	0.0	0.0	0.0	1.0	0.0	0.0	0.0	4.0	0.0	0.0	0.0	0.0	0.0	0.0	0.0	0.0	0.0	0.0	0.0	2.0	0.0	0.0	0.0	0.0	0.0	0.0	0.0	0.0	0.0	0.0	0.0	0.0	0.0	0.0	0.0	1.0	0.0
900118	515.0	17.0	2256.0	0.0	13.0	0.0	2.0	0.0	180.0	0.0	0.0	2.0	6.0	0.0	0.0	0.0	0.0	0.0	0.0	0.0	0.0	0.0	0.0	0.0	0.0	0.0	0.0	0.0	0.0	1.0	2.0	2.0	0.0	0.0	0.0	0.0	0.0	0.0	0.0	0.0	1.0	0.0	0.0	0.0
900071	0.0	0.0	0.0	0.0	0.0	0.0	0.0	0.0	0.0	0.0	0.0	0.0	0.0	0.0	0.0	0.0	0.0	0.0	0.0	0.0	0.0	0.0	0.0	0.0	0.0	0.0	0.0	0.0	0.0	0.0	0.0	0.0	0.0	0.0	0.0	0.0	0.0	0.0	0.0	0.0	0.0	0.0	0.0	0.0
900500	0.0	0.0	0.0	0.0	0.0	0.0	0.0	0.0	0.0	0.0	0.0	0.0	0.0	0.0	0.0	0.0	0.0	0.0	0.0	0.0	0.0	0.0	0.0	0.0	0.0	0.0	0.0	0.0	0.0	0.0	0.0	0.0	0.0	0.0	0.0	0.0	0.0	0.0	0.0	0.0	0.0	0.0	0.0	0.0
900341	0.0	0.0	0.0	0.0	0.0	0.0	0.0	0.0	0.0	0.0	0.0	0.0	0.0	0.0	0.0	0.0	0.0	0.0	0.0	0.0	0.0	0.0	0.0	0.0	0.0	0.0	0.0	0.0	0.0	0.0	0.0	0.0	0.0	0.0	0.0	0.0	0.0	0.0	0.0	0.0	0.0	0.0	0.0	0.0
900439	618.0	628.0	14.0	42.0	225.0	23.0	187.0	23.0	11.0	0.0	137.0	3.0	224.0	182.0	0.0	0.0	61.0	73.0	0.0	4.0	34.0	5.0	52.0	0.0	0.0	3.0	10.0	2.0	4.0	48.0	6.0	91.0	21.0	0.0	6.0	45.0	0.0	0.0	2.0	0.0	18.0	6.0	0.0	4.0
900458	0.0	0.0	0.0	0.0	0.0	0.0	0.0	0.0	0.0	0.0	0.0	0.0	0.0	0.0	0.0	0.0	0.0	0.0	0.0	0.0	0.0	0.0	0.0	0.0	0.0	0.0	0.0	0.0	0.0	0.0	0.0	0.0	0.0	0.0	0.0	0.0	0.0	0.0	0.0	0.0	0.0	0.0	0.0	0.0
900562	36.0	59.0	0.0	1251.0	638.0	253.0	3.0	422.0	0.0	60.0	0.0	24.0	0.0	4.0	0.0	0.0	0.0	0.0	0.0	0.0	0.0	0.0	0.0	0.0	0.0	0.0	0.0	0.0	0.0	13.0	0.0	0.0	0.0	4.0	0.0	0.0	7.0	0.0	0.0	0.0	0.0	0.0	0.0	0.0
900140	0.0	0.0	0.0	0.0	0.0	0.0	0.0	0.0	0.0	0.0	0.0	0.0	0.0	0.0	0.0	0.0	0.0	0.0	0.0	0.0	0.0	0.0	0.0	0.0	0.0	0.0	0.0	0.0	0.0	0.0	0.0	0.0	0.0	0.0	0.0	0.0	0.0	0.0	0.0	0.0	0.0	0.0	0.0	0.0
900540	0.0	0.0	0.0	0.0	0.0	0.0	0.0	0.0	0.0	0.0	0.0	0.0	0.0	0.0	0.0	0.0	0.0	0.0	0.0	0.0	0.0	0.0	0.0	0.0	0.0	0.0	0.0	0.0	0.0	0.0	0.0	0.0	0.0	0.0	0.0	0.0	0.0	0.0	0.0	0.0	0.0	0.0	0.0	0.0
Ca010EBNL	19.0	497.0	0.0	75.0	534.0	78.0	1189.0	4.0	0.0	0.0	3.0	0.0	7.0	6.0	0.0	0.0	0.0	0.0	0.0	51.0	0.0	0.0	10.0	0.0	0.0	0.0	58.0	26.0	0.0	0.0	0.0	0.0	0.0	46.0	0.0	0.0	0.0	0.0	0.0	0.0	0.0	0.0	6.0	0.0
900062	2604.0	25.0	0.0	13.0	158.0	0.0	54.0	21.0	1.0	0.0	18.0	0.0	6.0	2.0	0.0	0.0	3.0	8.0	0.0	0.0	31.0	0.0	0.0	0.0	0.0	0.0	7.0	0.0	0.0	2.0	0.0	0.0	0.0	0.0	0.0	0.0	0.0	0.0	1.0	12.0	0.0	0.0	0.0	0.0
900299	1610.0	219.0	0.0	38.0	419.0	5.0	3.0	70.0	0.0	21.0	227.0	2.0	7.0	44.0	0.0	0.0	7.0	14.0	0.0	0.0	153.0	2.0	10.0	5.0	25.0	1.0	0.0	0.0	1.0	0.0	0.0	0.0	6.0	0.0	12.0	3.0	0.0	0.0	0.0	5.0	0.0	0.0	0.0	0.0
900413	0.0	0.0	0.0	0.0	0.0	0.0	0.0	0.0	0.0	0.0	0.0	0.0	0.0	0.0	0.0	0.0	0.0	0.0	0.0	0.0	0.0	0.0	0.0	0.0	0.0	0.0	0.0	0.0	0.0	0.0	0.0	0.0	0.0	0.0	0.0	0.0	0.0	0.0	0.0	0.0	0.0	0.0	0.0	0.0
Ca008HNPN	2891.0	3.0	99.0	1.0	0.0	0.0	0.0	0.0	6.0	0.0	0.0	0.0	0.0	0.0	0.0	0.0	0.0	0.0	0.0	0.0	0.0	0.0	0.0	0.0	0.0	0.0	0.0	0.0	0.0	0.0	0.0	0.0	0.0	0.0	0.0	0.0	0.0	0.0	0.0	0.0	0.0	0.0	0.0	0.0
900253	102.0	66.0	3.0	3.0	157.0	19.0	1433.0	504.0	0.0	308.0	25.0	0.0	18.0	20.0	0.0	0.0	6.0	0.0	20.0	0.0	0.0	0.0	7.0	0.0	34.0	0.0	37.0	0.0	4.0	0.0	0.0	0.0	1.0	28.0	0.0	0.0	18.0	0.0	3.0	0.0	0.0	2.0	7.0	0.0
900277	0.0	0.0	0.0	0.0	0.0	0.0	0.0	0.0	0.0	0.0	0.0	0.0	0.0	0.0	0.0	0.0	0.0	0.0	0.0	0.0	0.0	0.0	0.0	0.0	0.0	0.0	0.0	0.0	0.0	0.0	0.0	0.0	0.0	0.0	0.0	0.0	0.0	0.0	0.0	0.0	0.0	0.0	0.0	0.0
900146	0.0	0.0	0.0	0.0	0.0	0.0	0.0	0.0	0.0	0.0	0.0	0.0	0.0	0.0	0.0	0.0	0.0	0.0	0.0	0.0	0.0	0.0	0.0	0.0	0.0	0.0	0.0	0.0	0.0	0.0	0.0	0.0	0.0	0.0	0.0	0.0	0.0	0.0	0.0	0.0	0.0	0.0	0.0	0.0
900589	0.0	0.0	0.0	0.0	0.0	0.0	0.0	0.0	0.0	0.0	0.0	0.0	0.0	0.0	0.0	0.0	0.0	0.0	0.0	0.0	0.0	0.0	0.0	0.0	0.0	0.0	0.0	0.0	0.0	0.0	0.0	0.0	0.0	0.0	0.0	0.0	0.0	0.0	0.0	0.0	0.0	0.0	0.0	0.0
900336	0.0	0.0	0.0	0.0	0.0	0.0	0.0	0.0	0.0	0.0	0.0	0.0	0.0	0.0	0.0	0.0	0.0	0.0	0.0	0.0	0.0	0.0	0.0	0.0	0.0	0.0	0.0	0.0	0.0	0.0	0.0	0.0	0.0	0.0	0.0	0.0	0.0	0.0	0.0	0.0	0.0	0.0	0.0	0.0
900124	18.0	64.0	2765.0	1.0	126.0	0.0	0.0	0.0	0.0	0.0	13.0	0.0	2.0	0.0	0.0	4.0	0.0	0.0	0.0	0.0	0.0	2.0	0.0	0.0	0.0	0.0	0.0	0.0	0.0	0.0	0.0	0.0	0.0	0.0	0.0	0.0	0.0	0.0	0.0	0.0	0.0	0.0	0.0	0.0
900576	0.0	0.0	0.0	0.0	0.0	0.0	0.0	0.0	0.0	0.0	0.0	0.0	0.0	0.0	0.0	0.0	0.0	0.0	0.0	0.0	0.0	0.0	0.0	0.0	0.0	0.0	0.0	0.0	0.0	0.0	0.0	0.0	0.0	0.0	0.0	0.0	0.0	0.0	0.0	0.0	0.0	0.0	0.0	0.0
Co002MPPN	2245.0	37.0	497.0	58.0	18.0	0.0	0.0	0.0	4.0	0.0	52.0	0.0	39.0	0.0	0.0	0.0	0.0	4.0	0.0	0.0	0.0	0.0	0.0	0.0	0.0	0.0	0.0	0.0	0.0	0.0	0.0	2.0	0.0	0.0	22.0	12.0	0.0	0.0	0.0	0.0	0.0	0.0	0.0	0.0
900429	43.0	2854.0	4.0	4.0	3.0	8.0	0.0	9.0	0.0	3.0	1.0	0.0	7.0	16.0	0.0	3.0	0.0	0.0	0.0	0.0	7.0	6.0	0.0	0.0	0.0	0.0	2.0	5.0	0.0	2.0	0.0	0.0	3.0	0.0	0.0	0.0	0.0	0.0	0.0	0.0	0.0	0.0	0.0	0.0
900138	4.0	2987.0	3.0	6.0	0.0	0.0	0.0	0.0	0.0	0.0	0.0	0.0	0.0	0.0	0.0	0.0	0.0	0.0	0.0	0.0	0.0	0.0	0.0	0.0	0.0	0.0	0.0	0.0	0.0	0.0	0.0	0.0	0.0	0.0	0.0	0.0	0.0	0.0	0.0	0.0	0.0	0.0	0.0	0.0
900388	0.0	0.0	0.0	0.0	0.0	0.0	0.0	0.0	0.0	0.0	0.0	0.0	0.0	0.0	0.0	0.0	0.0	0.0	0.0	0.0	0.0	0.0	0.0	0.0	0.0	0.0	0.0	0.0	0.0	0.0	0.0	0.0	0.0	0.0	0.0	0.0	0.0	0.0	0.0	0.0	0.0	0.0	0.0	0.0
900088	0.0	2393.0	0.0	523.0	10.0	31.0	0.0	0.0	0.0	0.0	0.0	0.0	0.0	0.0	0.0	0.0	0.0	0.0	8.0	1.0	0.0	0.0	0.0	0.0	0.0	0.0	0.0	0.0	14.0	0.0	0.0	0.0	0.0	0.0	0.0	0.0	10.0	0.0	0.0	5.0	0.0	0.0	0.0	0.0
900132	0.0	0.0	0.0	0.0	0.0	0.0	0.0	0.0	0.0	0.0	0.0	0.0	0.0	0.0	0.0	0.0	0.0	0.0	0.0	0.0	0.0	0.0	0.0	0.0	0.0	0.0	0.0	0.0	0.0	0.0	0.0	0.0	0.0	0.0	0.0	0.0	0.0	0.0	0.0	0.0	0.0	0.0	0.0	0.0
900135	85.0	87.0	14.0	18.0	811.0	109.0	274.0	1085.0	0.0	93.0	4.0	5.0	14.0	36.0	36.0	0.0	0.0	0.0	0.0	0.0	0.0	0.0	19.0	0.0	10.0	0.0	17.0	0.0	0.0	20.0	0.0	0.0	0.0	3.0	0.0	0.0	0.0	5.0	0.0	0.0	0.0	1.0	0.0	0.0
Ca009STL	0.0	0.0	0.0	0.0	0.0	0.0	0.0	0.0	0.0	0.0	0.0	0.0	0.0	0.0	0.0	0.0	0.0	0.0	0.0	0.0	0.0	0.0	0.0	0.0	0.0	0.0	0.0	0.0	0.0	0.0	0.0	0.0	0.0	0.0	0.0	0.0	0.0	0.0	0.0	0.0	0.0	0.0	0.0	0.0
900259	396.0	86.0	23.0	0.0	159.0	148.0	36.0	0.0	0.0	10.0	27.0	4.0	4.0	9.0	0.0	246.0	33.0	11.0	0.0	0.0	8.0	0.0	26.0	0.0	0.0	0.0	0.0	0.0	0.0	1.0	0.0	3.0	0.0	0.0	0.0	0.0	0.0	0.0	0.0	0.0	0.0	0.0	0.0	0.0
900235	1435.0	336.0	0.0	0.0	131.0	8.0	81.0	133.0	0.0	16.0	381.0	41.0	0.0	13.0	4.0	20.0	22.0	0.0	0.0	0.0	0.0	25.0	30.0	0.0	6.0	31.0	16.0	13.0	0.0	0.0	44.0	0.0	0.0	3.0	0.0	0.0	0.0	0.0	0.0	1.0	0.0	8.0	13.0	0.0
900338	0.0	0.0	0.0	0.0	0.0	0.0	0.0	0.0	0.0	0.0	0.0	0.0	0.0	0.0	0.0	0.0	0.0	0.0	0.0	0.0	0.0	0.0	0.0	0.0	0.0	0.0	0.0	0.0	0.0	0.0	0.0	0.0	0.0	0.0	0.0	0.0	0.0	0.0	0.0	0.0	0.0	0.0	0.0	0.0
9003922	0.0	0.0	0.0	0.0	0.0	0.0	0.0	0.0	0.0	0.0	0.0	0.0	0.0	0.0	0.0	0.0	0.0	0.0	0.0	0.0	0.0	0.0	0.0	0.0	0.0	0.0	0.0	0.0	0.0	0.0	0.0	0.0	0.0	0.0	0.0	0.0	0.0	0.0	0.0	0.0	0.0	0.0	0.0	0.0
900079	0.0	0.0	0.0	0.0	0.0	0.0	0.0	0.0	0.0	0.0	0.0	0.0	0.0	0.0	0.0	0.0	0.0	0.0	0.0	0.0	0.0	0.0	0.0	0.0	0.0	0.0	0.0	0.0	0.0	0.0	0.0	0.0	0.0	0.0	0.0	0.0	0.0	0.0	0.0	0.0	0.0	0.0	0.0	0.0
900481	0.0	0.0	0.0	0.0	0.0	0.0	0.0	0.0	0.0	0.0	0.0	0.0	0.0	0.0	0.0	0.0	0.0	0.0	0.0	0.0	0.0	0.0	0.0	0.0	0.0	0.0	0.0	0.0	0.0	0.0	0.0	0.0	0.0	0.0	0.0	0.0	0.0	0.0	0.0	0.0	0.0	0.0	0.0	0.0
900402	210.0	579.0	0.0	980.0	216.0	158.0	15.0	150.0	0.0	76.0	11.0	23.0	34.0	57.0	1.0	149.0	5.0	0.0	0.0	65.0	0.0	38.0	0.0	15.0	2.0	0.0	0.0	55.0	0.0	0.0	20.0	0.0	0.0	0.0	0.0	0.0	5.0	0.0	0.0	0.0	0.0	17.0	0.0	3.0
900485	597.0	65.0	24.0	62.0	503.0	92.0	25.0	75.0	0.0	2.0	111.0	101.0	70.0	380.0	0.0	0.0	56.0	27.0	0.0	68.0	50.0	3.0	9.0	2.0	5.0	0.0	0.0	0.0	26.0	39.0	68.0	22.0	21.0	0.0	7.0	0.0	2.0	0.0	7.0	1.0	11.0	0.0	0.0	0.0
900409	0.0	0.0	0.0	0.0	0.0	0.0	0.0	0.0	0.0	0.0	0.0	0.0	0.0	0.0	0.0	0.0	0.0	0.0	0.0	0.0	0.0	0.0	0.0	0.0	0.0	0.0	0.0	0.0	0.0	0.0	0.0	0.0	0.0	0.0	0.0	0.0	0.0	0.0	0.0	0.0	0.0	0.0	0.0	0.0
900096	0.0	0.0	0.0	0.0	0.0	0.0	0.0	0.0	0.0	0.0	0.0	0.0	0.0	0.0	0.0	0.0	0.0	0.0	0.0	0.0	0.0	0.0	0.0	0.0	0.0	0.0	0.0	0.0	0.0	0.0	0.0	0.0	0.0	0.0	0.0	0.0	0.0	0.0	0.0	0.0	0.0	0.0	0.0	0.0
900134	2912.0	4.0	0.0	34.0	10.0	0.0	2.0	0.0	5.0	0.0	2.0	0.0	1.0	13.0	0.0	0.0	0.0	0.0	0.0	0.0	0.0	0.0	0.0	0.0	0.0	0.0	0.0	0.0	0.0	0.0	0.0	0.0	0.0	0.0	0.0	0.0	4.0	3.0	0.0	0.0	0.0	0.0	0.0	0.0
900115	1430.0	59.0	376.0	171.0	526.0	35.0	72.0	0.0	45.0	0.0	47.0	9.0	59.0	13.0	0.0	0.0	0.0	0.0	0.0	0.0	0.0	7.0	0.0	0.0	0.0	2.0	0.0	0.0	0.0	0.0	29.0	0.0	1.0	10.0	4.0	0.0	0.0	0.0	0.0	0.0	0.0	12.0	9.0	0.0
900238	408.0	185.0	63.0	533.0	198.0	35.0	113.0	566.0	0.0	188.0	30.0	0.0	0.0	25.0	21.0	0.0	44.0	0.0	0.0	0.0	0.0	14.0	0.0	13.0	54.0	7.0	0.0	0.0	0.0	0.0	0.0	0.0	12.0	0.0	0.0	56.0	15.0	0.0	0.0	86.0	0.0	33.0	15.0	0.0
900505	2916.0	21.0	0.0	3.0	17.0	0.0	0.0	4.0	31.0	0.0	0.0	0.0	1.0	0.0	0.0	0.0	0.0	3.0	0.0	0.0	0.0	0.0	0.0	0.0	0.0	0.0	0.0	0.0	0.0	0.0	0.0	0.0	0.0	0.0	0.0	0.0	0.0	0.0	0.0	0.0	0.0	0.0	0.0	0.0
9000107	0.0	0.0	0.0	0.0	0.0	0.0	0.0	0.0	0.0	0.0	0.0	0.0	0.0	0.0	0.0	0.0	0.0	0.0	0.0	0.0	0.0	0.0	0.0	0.0	0.0	0.0	0.0	0.0	0.0	0.0	0.0	0.0	0.0	0.0	0.0	0.0	0.0	0.0	0.0	0.0	0.0	0.0	0.0	0.0
900131	0.0	0.0	0.0	0.0	0.0	0.0	0.0	0.0	0.0	0.0	0.0	0.0	0.0	0.0	0.0	0.0	0.0	0.0	0.0	0.0	0.0	0.0	0.0	0.0	0.0	0.0	0.0	0.0	0.0	0.0	0.0	0.0	0.0	0.0	0.0	0.0	0.0	0.0	0.0	0.0	0.0	0.0	0.0	0.0
900431	0.0	2982.0	0.0	0.0	4.0	3.0	0.0	0.0	0.0	0.0	0.0	2.0	1.0	0.0	0.0	0.0	0.0	0.0	0.0	0.0	0.0	6.0	0.0	0.0	0.0	0.0	0.0	0.0	0.0	0.0	0.0	0.0	0.0	0.0	0.0	0.0	0.0	0.0	0.0	0.0	0.0	0.0	0.0	1.0
900232	1128.0	148.0	69.0	76.0	615.0	51.0	89.0	53.0	0.0	0.0	52.0	0.0	146.0	10.0	0.0	0.0	101.0	33.0	0.0	26.0	171.0	3.0	0.0	1.0	3.0	0.0	0.0	28.0	0.0	50.0	4.0	2.0	34.0	1.0	5.0	2.0	4.0	16.0	0.0	0.0	8.0	0.0	0.0	0.0
900419	0.0	0.0	0.0	0.0	0.0	0.0	0.0	0.0	0.0	0.0	0.0	0.0	0.0	0.0	0.0	0.0	0.0	0.0	0.0	0.0	0.0	0.0	0.0	0.0	0.0	0.0	0.0	0.0	0.0	0.0	0.0	0.0	0.0	0.0	0.0	0.0	0.0	0.0	0.0	0.0	0.0	0.0	0.0	0.0
900084	0.0	553.0	0.0	1014.0	272.0	34.0	52.0	112.0	0.0	371.0	0.0	0.0	0.0	0.0	0.0	0.0	0.0	0.0	0.0	0.0	0.0	0.0	0.0	63.0	43.0	38.0	0.0	7.0	327.0	0.0	0.0	0.0	0.0	3.0	0.0	0.0	7.0	0.0	0.0	0.0	0.0	0.0	0.0	0.0
900121	0.0	0.0	0.0	0.0	0.0	0.0	0.0	0.0	0.0	0.0	0.0	0.0	0.0	0.0	0.0	0.0	0.0	0.0	0.0	0.0	0.0	0.0	0.0	0.0	0.0	0.0	0.0	0.0	0.0	0.0	0.0	0.0	0.0	0.0	0.0	0.0	0.0	0.0	0.0	0.0	0.0	0.0	0.0	0.0
900099	1275.0	146.0	137.0	13.0	137.0	0.0	174.0	0.0	0.0	1.0	297.0	29.0	327.0	3.0	0.0	0.0	134.0	43.0	0.0	0.0	12.0	0.0	76.0	0.0	0.0	0.0	1.0	0.0	1.0	10.0	34.0	27.0	35.0	0.0	30.0	15.0	0.0	0.0	0.0	0.0	5.0	0.0	0.0	12.0
Ca006ONPN2	0.0	0.0	0.0	0.0	0.0	0.0	0.0	0.0	0.0	0.0	0.0	0.0	0.0	0.0	0.0	0.0	0.0	0.0	0.0	0.0	0.0	0.0	0.0	0.0	0.0	0.0	0.0	0.0	0.0	0.0	0.0	0.0	0.0	0.0	0.0	0.0	0.0	0.0	0.0	0.0	0.0	0.0	0.0	0.0
900571	961.0	26.0	0.0	269.0	356.0	0.0	130.0	15.0	690.0	42.0	210.0	0.0	26.0	3.0	0.0	25.0	32.0	25.0	0.0	0.0	105.0	3.0	21.0	0.0	4.0	0.0	0.0	0.0	0.0	0.0	5.0	4.0	0.0	0.0	3.0	0.0	0.0	0.0	0.0	0.0	0.0	0.0	0.0	0.0
900618	0.0	0.0	0.0	0.0	0.0	0.0	0.0	0.0	0.0	0.0	0.0	0.0	0.0	0.0	0.0	0.0	0.0	0.0	0.0	0.0	0.0	0.0	0.0	0.0	0.0	0.0	0.0	0.0	0.0	0.0	0.0	0.0	0.0	0.0	0.0	0.0	0.0	0.0	0.0	0.0	0.0	0.0	0.0	0.0
900223	21.0	0.0	0.0	134.0	1.0	0.0	0.0	0.0	24.0	0.0	0.0	0.0	0.0	0.0	0.0	0.0	0.0	0.0	0.0	0.0	3.0	0.0	0.0	0.0	0.0	0.0	0.0	215.0	0.0	0.0	0.0	0.0	0.0	0.0	0.0	0.0	0.0	0.0	0.0	0.0	0.0	0.0	0.0	0.0
900343	0.0	0.0	0.0	0.0	0.0	0.0	0.0	0.0	0.0	0.0	0.0	0.0	0.0	0.0	0.0	0.0	0.0	0.0	0.0	0.0	0.0	0.0	0.0	0.0	0.0	0.0	0.0	0.0	0.0	0.0	0.0	0.0	0.0	0.0	0.0	0.0	0.0	0.0	0.0	0.0	0.0	0.0	0.0	0.0
900462	0.0	0.0	0.0	0.0	0.0	0.0	0.0	0.0	0.0	0.0	0.0	0.0	0.0	0.0	0.0	0.0	0.0	0.0	0.0	0.0	0.0	0.0	0.0	0.0	0.0	0.0	0.0	0.0	0.0	0.0	0.0	0.0	0.0	0.0	0.0	0.0	0.0	0.0	0.0	0.0	0.0	0.0	0.0	0.0
900461	0.0	0.0	0.0	0.0	0.0	0.0	0.0	0.0	0.0	0.0	0.0	0.0	0.0	0.0	0.0	0.0	0.0	0.0	0.0	0.0	0.0	0.0	0.0	0.0	0.0	0.0	0.0	0.0	0.0	0.0	0.0	0.0	0.0	0.0	0.0	0.0	0.0	0.0	0.0	0.0	0.0	0.0	0.0	0.0
900228	806.0	2.0	1651.0	138.0	8.0	0.0	1.0	0.0	385.0	0.0	0.0	1.0	1.0	0.0	0.0	0.0	0.0	1.0	0.0	0.0	0.0	0.0	0.0	0.0	0.0	0.0	0.0	0.0	0.0	0.0	0.0	0.0	0.0	0.0	0.0	0.0	0.0	0.0	0.0	0.0	0.0	0.0	0.0	0.0
900361	731.0	42.0	1872.0	71.0	54.0	0.0	0.0	4.0	18.0	0.0	9.0	3.0	113.0	0.0	0.0	0.0	17.0	7.0	0.0	0.0	0.0	3.0	0.0	0.0	2.0	0.0	0.0	0.0	0.0	6.0	2.0	13.0	2.0	0.0	11.0	0.0	0.0	0.0	0.0	0.0	5.0	0.0	0.0	0.0
900052	0.0	0.0	0.0	0.0	0.0	0.0	0.0	0.0	0.0	0.0	0.0	0.0	0.0	0.0	0.0	0.0	0.0	0.0	0.0	0.0	0.0	0.0	0.0	0.0	0.0	0.0	0.0	0.0	0.0	0.0	0.0	0.0	0.0	0.0	0.0	0.0	0.0	0.0	0.0	0.0	0.0	0.0	0.0	0.0
900262	199.0	2317.0	4.0	56.0	66.0	43.0	33.0	27.0	0.0	0.0	57.0	21.0	5.0	32.0	5.0	0.0	0.0	0.0	1.0	0.0	1.0	7.0	7.0	7.0	0.0	2.0	0.0	0.0	5.0	15.0	30.0	9.0	11.0	0.0	1.0	7.0	0.0	0.0	2.0	0.0	0.0	5.0	0.0	3.0
Co004LNNL	0.0	0.0	0.0	0.0	0.0	0.0	0.0	0.0	0.0	0.0	0.0	0.0	0.0	0.0	0.0	0.0	0.0	0.0	0.0	0.0	0.0	0.0	0.0	0.0	0.0	0.0	0.0	0.0	0.0	0.0	0.0	0.0	0.0	0.0	0.0	0.0	0.0	0.0	0.0	0.0	0.0	0.0	0.0	0.0
900447	0.0	0.0	0.0	0.0	0.0	0.0	0.0	0.0	0.0	0.0	0.0	0.0	0.0	0.0	0.0	0.0	0.0	0.0	0.0	0.0	0.0	0.0	0.0	0.0	0.0	0.0	0.0	0.0	0.0	0.0	0.0	0.0	0.0	0.0	0.0	0.0	0.0	0.0	0.0	0.0	0.0	0.0	0.0	0.0
900472	0.0	0.0	0.0	0.0	0.0	0.0	0.0	0.0	0.0	0.0	0.0	0.0	0.0	0.0	0.0	0.0	0.0	0.0	0.0	0.0	0.0	0.0	0.0	0.0	0.0	0.0	0.0	0.0	0.0	0.0	0.0	0.0	0.0	0.0	0.0	0.0	0.0	0.0	0.0	0.0	0.0	0.0	0.0	0.0
900493	1901.0	19.0	0.0	497.0	20.0	7.0	11.0	0.0	494.0	1.0	13.0	0.0	2.0	0.0	0.0	0.0	0.0	0.0	0.0	0.0	9.0	1.0	6.0	0.0	0.0	0.0	0.0	1.0	0.0	6.0	0.0	5.0	3.0	0.0	0.0	0.0	0.0	0.0	0.0	0.0	0.0	0.0	0.0	0.0
900255	142.0	1615.0	1.0	24.0	46.0	45.0	3.0	23.0	0.0	19.0	0.0	2.0	8.0	22.0	0.0	193.0	4.0	0.0	0.0	0.0	6.0	0.0	0.0	0.0	0.0	0.0	0.0	1.0	0.0	6.0	0.0	1.0	0.0	3.0	0.0	2.0	1.0	4.0	0.0	0.0	0.0	0.0	8.0	0.0
Co005SNPN	2551.0	1.0	426.0	6.0	0.0	0.0	3.0	0.0	0.0	0.0	0.0	0.0	0.0	2.0	0.0	1.0	1.0	0.0	0.0	0.0	2.0	0.0	0.0	0.0	0.0	0.0	0.0	0.0	0.0	4.0	0.0	0.0	0.0	0.0	0.0	0.0	0.0	0.0	0.0	0.0	0.0	0.0	0.0	0.0
Co001SMNL	0.0	0.0	0.0	0.0	0.0	0.0	0.0	0.0	0.0	0.0	0.0	0.0	0.0	0.0	0.0	0.0	0.0	0.0	0.0	0.0	0.0	0.0	0.0	0.0	0.0	0.0	0.0	0.0	0.0	0.0	0.0	0.0	0.0	0.0	0.0	0.0	0.0	0.0	0.0	0.0	0.0	0.0	0.0	0.0
900319	31.0	130.0	0.0	169.0	472.0	310.0	8.0	618.0	0.0	65.0	2.0	7.0	2.0	10.0	1.0	0.0	2.0	5.0	0.0	25.0	0.0	607.0	0.0	8.0	62.0	0.0	0.0	4.0	0.0	0.0	3.0	0.0	5.0	0.0	0.0	0.0	0.0	0.0	0.0	10.0	0.0	3.0	2.0	1.0
900552	0.0	0.0	0.0	0.0	0.0	0.0	0.0	0.0	0.0	0.0	0.0	0.0	0.0	0.0	0.0	0.0	0.0	0.0	0.0	0.0	0.0	0.0	0.0	0.0	0.0	0.0	0.0	0.0	0.0	0.0	0.0	0.0	0.0	0.0	0.0	0.0	0.0	0.0	0.0	0.0	0.0	0.0	0.0	0.0
900549	1141.0	12.0	1574.0	218.0	8.0	0.0	1.0	1.0	13.0	0.0	2.0	0.0	0.0	0.0	0.0	8.0	3.0	0.0	0.0	0.0	0.0	0.0	0.0	0.0	3.0	0.0	0.0	0.0	0.0	0.0	0.0	2.0	0.0	0.0	0.0	0.0	0.0	0.0	0.0	0.0	0.0	0.0	0.0	0.0
900272	0.0	0.0	0.0	0.0	0.0	0.0	0.0	0.0	0.0	0.0	0.0	0.0	0.0	0.0	0.0	0.0	0.0	0.0	0.0	0.0	0.0	0.0	0.0	0.0	0.0	0.0	0.0	0.0	0.0	0.0	0.0	0.0	0.0	0.0	0.0	0.0	0.0	0.0	0.0	0.0	0.0	0.0	0.0	0.0
900339	2695.0	0.0	130.0	58.0	18.0	0.0	9.0	1.0	46.0	0.0	21.0	3.0	0.0	0.0	0.0	0.0	0.0	0.0	0.0	0.0	0.0	0.0	0.0	0.0	0.0	0.0	0.0	0.0	0.0	0.0	0.0	5.0	3.0	0.0	0.0	0.0	0.0	0.0	0.0	0.0	0.0	1.0	0.0	0.0
900114	21.0	40.0	0.0	44.0	2554.0	102.0	12.0	18.0	0.0	0.0	0.0	2.0	0.0	46.0	0.0	0.0	0.0	0.0	0.0	0.0	1.0	1.0	0.0	18.0	0.0	3.0	1.0	0.0	13.0	0.0	4.0	0.0	0.0	1.0	0.0	0.0	0.0	0.0	0.0	0.0	0.0	0.0	0.0	0.0
900591	0.0	0.0	0.0	0.0	0.0	0.0	0.0	0.0	0.0	0.0	0.0	0.0	0.0	0.0	0.0	0.0	0.0	0.0	0.0	0.0	0.0	0.0	0.0	0.0	0.0	0.0	0.0	0.0	0.0	0.0	0.0	0.0	0.0	0.0	0.0	0.0	0.0	0.0	0.0	0.0	0.0	0.0	0.0	0.0
900587	0.0	0.0	0.0	0.0	0.0	0.0	0.0	0.0	0.0	0.0	0.0	0.0	0.0	0.0	0.0	0.0	0.0	0.0	0.0	0.0	0.0	0.0	0.0	0.0	0.0	0.0	0.0	0.0	0.0	0.0	0.0	0.0	0.0	0.0	0.0	0.0	0.0	0.0	0.0	0.0	0.0	0.0	0.0	0.0
900628	0.0	0.0	0.0	0.0	0.0	0.0	0.0	0.0	0.0	0.0	0.0	0.0	0.0	0.0	0.0	0.0	0.0	0.0	0.0	0.0	0.0	0.0	0.0	0.0	0.0	0.0	0.0	0.0	0.0	0.0	0.0	0.0	0.0	0.0	0.0	0.0	0.0	0.0	0.0	0.0	0.0	0.0	0.0	0.0
900420	0.0	0.0	0.0	0.0	0.0	0.0	0.0	0.0	0.0	0.0	0.0	0.0	0.0	0.0	0.0	0.0	0.0	0.0	0.0	0.0	0.0	0.0	0.0	0.0	0.0	0.0	0.0	0.0	0.0	0.0	0.0	0.0	0.0	0.0	0.0	0.0	0.0	0.0	0.0	0.0	0.0	0.0	0.0	0.0
900449	447.0	0.0	2128.0	309.0	0.0	0.0	0.0	0.0	116.0	0.0	0.0	0.0	0.0	0.0	0.0	0.0	0.0	0.0	0.0	0.0	0.0	0.0	0.0	0.0	0.0	0.0	0.0	0.0	0.0	0.0	0.0	0.0	0.0	0.0	0.0	0.0	0.0	0.0	0.0	0.0	0.0	0.0	0.0	0.0
900426	113.0	283.0	5.0	3.0	409.0	91.0	1189.0	38.0	0.0	32.0	2.0	20.0	3.0	49.0	18.0	116.0	8.0	6.0	13.0	21.0	6.0	26.0	10.0	3.0	1.0	14.0	53.0	0.0	4.0	0.0	12.0	0.0	2.0	37.0	0.0	0.0	0.0	0.0	15.0	0.0	0.0	0.0	2.0	0.0
900491	1739.0	170.0	60.0	7.0	141.0	53.0	87.0	1.0	0.0	0.0	231.0	0.0	38.0	1.0	0.0	0.0	93.0	49.0	0.0	0.0	117.0	1.0	46.0	0.0	0.0	0.0	0.0	9.0	0.0	12.0	6.0	27.0	41.0	0.0	5.0	4.0	0.0	7.0	0.0	0.0	14.0	0.0	0.0	19.0
900288	2950.0	0.0	30.0	2.0	3.0	0.0	0.0	0.0	0.0	0.0	0.0	0.0	7.0	0.0	0.0	0.0	3.0	0.0	0.0	0.0	0.0	0.0	0.0	0.0	0.0	2.0	0.0	0.0	0.0	0.0	0.0	0.0	2.0	0.0	0.0	0.0	0.0	0.0	0.0	0.0	0.0	0.0	0.0	0.0
900290	0.0	0.0	0.0	0.0	0.0	0.0	0.0	0.0	0.0	0.0	0.0	0.0	0.0	0.0	0.0	0.0	0.0	0.0	0.0	0.0	0.0	0.0	0.0	0.0	0.0	0.0	0.0	0.0	0.0	0.0	0.0	0.0	0.0	0.0	0.0	0.0	0.0	0.0	0.0	0.0	0.0	0.0	0.0	0.0
900417	1855.0	0.0	1122.0	12.0	2.0	0.0	1.0	0.0	8.0	0.0	0.0	0.0	0.0	0.0	0.0	0.0	0.0	0.0	0.0	0.0	0.0	0.0	0.0	0.0	0.0	0.0	0.0	0.0	0.0	0.0	0.0	0.0	0.0	0.0	0.0	0.0	0.0	0.0	0.0	0.0	0.0	0.0	0.0	0.0
900605	0.0	0.0	0.0	0.0	0.0	0.0	0.0	0.0	0.0	0.0	0.0	0.0	0.0	0.0	0.0	0.0	0.0	0.0	0.0	0.0	0.0	0.0	0.0	0.0	0.0	0.0	0.0	0.0	0.0	0.0	0.0	0.0	0.0	0.0	0.0	0.0	0.0	0.0	0.0	0.0	0.0	0.0	0.0	0.0
900421	0.0	0.0	0.0	0.0	0.0	0.0	0.0	0.0	0.0	0.0	0.0	0.0	0.0	0.0	0.0	0.0	0.0	0.0	0.0	0.0	0.0	0.0	0.0	0.0	0.0	0.0	0.0	0.0	0.0	0.0	0.0	0.0	0.0	0.0	0.0	0.0	0.0	0.0	0.0	0.0	0.0	0.0	0.0	0.0
900051	0.0	0.0	0.0	0.0	0.0	0.0	0.0	0.0	0.0	0.0	0.0	0.0	0.0	0.0	0.0	0.0	0.0	0.0	0.0	0.0	0.0	0.0	0.0	0.0	0.0	0.0	0.0	0.0	0.0	0.0	0.0	0.0	0.0	0.0	0.0	0.0	0.0	0.0	0.0	0.0	0.0	0.0	0.0	0.0
900149	0.0	0.0	0.0	0.0	0.0	0.0	0.0	0.0	0.0	0.0	0.0	0.0	0.0	0.0	0.0	0.0	0.0	0.0	0.0	0.0	0.0	0.0	0.0	0.0	0.0	0.0	0.0	0.0	0.0	0.0	0.0	0.0	0.0	0.0	0.0	0.0	0.0	0.0	0.0	0.0	0.0	0.0	0.0	0.0
900558	40.0	1452.0	0.0	216.0	198.0	196.0	352.0	113.0	0.0	0.0	5.0	2.0	16.0	2.0	27.0	0.0	0.0	0.0	0.0	2.0	0.0	2.0	0.0	1.0	5.0	0.0	9.0	0.0	10.0	0.0	2.0	0.0	0.0	3.0	0.0	0.0	12.0	3.0	0.0	2.0	0.0	2.0	0.0	0.0
900252	940.0	0.0	59.0	1568.0	16.0	0.0	48.0	1.0	107.0	0.0	20.0	2.0	64.0	0.0	0.0	0.0	18.0	25.0	0.0	0.0	6.0	0.0	0.0	0.0	0.0	0.0	0.0	0.0	0.0	17.0	5.0	60.0	5.0	0.0	5.0	6.0	0.0	0.0	0.0	0.0	13.0	0.0	0.0	1.0
900508	1824.0	132.0	297.0	11.0	36.0	8.0	4.0	4.0	0.0	31.0	30.0	14.0	140.0	67.0	1.0	0.0	84.0	80.0	48.0	0.0	89.0	0.0	0.0	1.0	0.0	3.0	0.0	6.0	0.0	0.0	5.0	3.0	0.0	0.0	12.0	1.0	0.0	0.0	6.0	1.0	6.0	2.0	0.0	2.0
900117	0.0	1730.0	0.0	976.0	6.0	1.0	226.0	0.0	0.0	0.0	1.0	0.0	0.0	0.0	0.0	0.0	0.0	0.0	5.0	0.0	0.0	0.0	0.0	0.0	0.0	0.0	4.0	0.0	0.0	0.0	0.0	0.0	0.0	2.0	0.0	0.0	0.0	0.0	0.0	0.0	0.0	0.0	0.0	0.0
900396	91.0	568.0	13.0	166.0	489.0	349.0	347.0	2.0	0.0	47.0	13.0	0.0	13.0	22.0	9.0	165.0	0.0	0.0	68.0	83.0	5.0	29.0	8.0	14.0	31.0	23.0	19.0	0.0	4.0	0.0	5.0	1.0	0.0	26.0	0.0	0.0	1.0	6.0	0.0	0.0	4.0	3.0	1.0	0.0
900112	293.0	65.0	826.0	146.0	259.0	319.0	34.0	43.0	50.0	427.0	24.0	8.0	70.0	2.0	0.0	0.0	17.0	55.0	0.0	0.0	9.0	0.0	0.0	20.0	6.0	11.0	4.0	0.0	0.0	6.0	16.0	31.0	45.0	0.0	10.0	23.0	0.0	9.0	0.0	0.0	0.0	2.0	0.0	5.0
900275	1451.0	0.0	0.0	562.0	12.0	0.0	0.0	1.0	585.0	0.0	4.0	1.0	1.0	8.0	0.0	0.0	0.0	0.0	0.0	0.0	0.0	0.0	1.0	0.0	0.0	0.0	0.0	0.0	0.0	0.0	0.0	0.0	0.0	0.0	2.0	0.0	0.0	0.0	0.0	0.0	0.0	0.0	0.0	0.0
900230	0.0	0.0	0.0	0.0	0.0	0.0	0.0	0.0	0.0	0.0	0.0	0.0	0.0	0.0	0.0	0.0	0.0	0.0	0.0	0.0	0.0	0.0	0.0	0.0	0.0	0.0	0.0	0.0	0.0	0.0	0.0	0.0	0.0	0.0	0.0	0.0	0.0	0.0	0.0	0.0	0.0	0.0	0.0	0.0
9003962	16.0	6.0	1644.0	933.0	2.0	0.0	8.0	1.0	280.0	0.0	8.0	87.0	2.0	0.0	0.0	0.0	0.0	1.0	0.0	0.0	0.0	0.0	0.0	0.0	0.0	0.0	0.0	0.0	0.0	0.0	3.0	0.0	0.0	0.0	1.0	0.0	0.0	0.0	0.0	0.0	1.0	2.0	0.0	0.0
900284	0.0	0.0	0.0	0.0	0.0	0.0	0.0	0.0	0.0	0.0	0.0	0.0	0.0	0.0	0.0	0.0	0.0	0.0	0.0	0.0	0.0	0.0	0.0	0.0	0.0	0.0	0.0	0.0	0.0	0.0	0.0	0.0	0.0	0.0	0.0	0.0	0.0	0.0	0.0	0.0	0.0	0.0	0.0	0.0
900433	0.0	0.0	0.0	0.0	0.0	0.0	0.0	0.0	0.0	0.0	0.0	0.0	0.0	0.0	0.0	0.0	0.0	0.0	0.0	0.0	0.0	0.0	0.0	0.0	0.0	0.0	0.0	0.0	0.0	0.0	0.0	0.0	0.0	0.0	0.0	0.0	0.0	0.0	0.0	0.0	0.0	0.0	0.0	0.0
900598	6.0	2506.0	0.0	176.0	83.0	181.0	0.0	1.0	0.0	0.0	0.0	0.0	0.0	0.0	0.0	3.0	0.0	0.0	0.0	19.0	1.0	5.0	0.0	0.0	0.0	11.0	0.0	5.0	3.0	0.0	0.0	0.0	0.0	0.0	0.0	0.0	0.0	0.0	0.0	0.0	0.0	0.0	0.0	0.0
900070	0.0	0.0	0.0	0.0	0.0	0.0	0.0	0.0	0.0	0.0	0.0	0.0	0.0	0.0	0.0	0.0	0.0	0.0	0.0	0.0	0.0	0.0	0.0	0.0	0.0	0.0	0.0	0.0	0.0	0.0	0.0	0.0	0.0	0.0	0.0	0.0	0.0	0.0	0.0	0.0	0.0	0.0	0.0	0.0
900427	0.0	0.0	0.0	0.0	0.0	0.0	0.0	0.0	0.0	0.0	0.0	0.0	0.0	0.0	0.0	0.0	0.0	0.0	0.0	0.0	0.0	0.0	0.0	0.0	0.0	0.0	0.0	0.0	0.0	0.0	0.0	0.0	0.0	0.0	0.0	0.0	0.0	0.0	0.0	0.0	0.0	0.0	0.0	0.0
900377	0.0	0.0	0.0	0.0	0.0	0.0	0.0	0.0	0.0	0.0	0.0	0.0	0.0	0.0	0.0	0.0	0.0	0.0	0.0	0.0	0.0	0.0	0.0	0.0	0.0	0.0	0.0	0.0	0.0	0.0	0.0	0.0	0.0	0.0	0.0	0.0	0.0	0.0	0.0	0.0	0.0	0.0	0.0	0.0
900271	21.0	410.0	0.0	285.0	477.0	91.0	195.0	575.0	0.0	92.0	0.0	2.0	0.0	67.0	0.0	0.0	40.0	0.0	91.0	61.0	0.0	28.0	1.0	10.0	28.0	1.0	2.0	15.0	0.0	4.0	7.0	0.0	31.0	49.0	0.0	0.0	4.0	0.0	0.0	0.0	0.0	0.0	0.0	0.0
900384	58.0	85.0	2.0	15.0	1187.0	140.0	44.0	687.0	0.0	342.0	2.0	10.0	9.0	13.0	60.0	0.0	6.0	0.0	20.0	0.0	0.0	4.0	7.0	0.0	149.0	0.0	0.0	2.0	0.0	0.0	0.0	6.0	0.0	0.0	0.0	0.0	2.0	0.0	7.0	0.0	0.0	10.0	13.0	0.0
900289	0.0	0.0	0.0	0.0	0.0	0.0	0.0	0.0	0.0	0.0	0.0	0.0	0.0	0.0	0.0	0.0	0.0	0.0	0.0	0.0	0.0	0.0	0.0	0.0	0.0	0.0	0.0	0.0	0.0	0.0	0.0	0.0	0.0	0.0	0.0	0.0	0.0	0.0	0.0	0.0	0.0	0.0	0.0	0.0
900265	0.0	0.0	0.0	0.0	0.0	0.0	0.0	0.0	0.0	0.0	0.0	0.0	0.0	0.0	0.0	0.0	0.0	0.0	0.0	0.0	0.0	0.0	0.0	0.0	0.0	0.0	0.0	0.0	0.0	0.0	0.0	0.0	0.0	0.0	0.0	0.0	0.0	0.0	0.0	0.0	0.0	0.0	0.0	0.0
900614	43.0	60.0	2668.0	51.0	3.0	0.0	39.0	0.0	23.0	0.0	45.0	28.0	15.0	0.0	0.0	0.0	0.0	0.0	0.0	0.0	0.0	0.0	0.0	0.0	2.0	12.0	0.0	0.0	0.0	0.0	4.0	0.0	0.0	0.0	0.0	0.0	0.0	0.0	0.0	0.0	0.0	1.0	0.0	0.0
900246	2988.0	0.0	0.0	1.0	2.0	0.0	1.0	0.0	6.0	0.0	0.0	2.0	0.0	0.0	0.0	0.0	0.0	0.0	0.0	0.0	0.0	0.0	0.0	0.0	0.0	0.0	0.0	0.0	0.0	0.0	0.0	0.0	0.0	0.0	0.0	0.0	0.0	0.0	0.0	0.0	0.0	0.0	0.0	0.0
900251	0.0	0.0	0.0	0.0	0.0	0.0	0.0	0.0	0.0	0.0	0.0	0.0	0.0	0.0	0.0	0.0	0.0	0.0	0.0	0.0	0.0	0.0	0.0	0.0	0.0	0.0	0.0	0.0	0.0	0.0	0.0	0.0	0.0	0.0	0.0	0.0	0.0	0.0	0.0	0.0	0.0	0.0	0.0	0.0
900597	2843.0	4.0	108.0	3.0	33.0	0.0	0.0	0.0	0.0	0.0	0.0	0.0	0.0	2.0	0.0	0.0	0.0	0.0	0.0	0.0	0.0	0.0	0.0	0.0	0.0	2.0	0.0	0.0	0.0	1.0	0.0	0.0	0.0	0.0	0.0	0.0	0.0	1.0	0.0	0.0	2.0	0.0	1.0	0.0
900375	0.0	0.0	0.0	0.0	0.0	0.0	0.0	0.0	0.0	0.0	0.0	0.0	0.0	0.0	0.0	0.0	0.0	0.0	0.0	0.0	0.0	0.0	0.0	0.0	0.0	0.0	0.0	0.0	0.0	0.0	0.0	0.0	0.0	0.0	0.0	0.0	0.0	0.0	0.0	0.0	0.0	0.0	0.0	0.0
900437	0.0	0.0	0.0	0.0	0.0	0.0	0.0	0.0	0.0	0.0	0.0	0.0	0.0	0.0	0.0	0.0	0.0	0.0	0.0	0.0	0.0	0.0	0.0	0.0	0.0	0.0	0.0	0.0	0.0	0.0	0.0	0.0	0.0	0.0	0.0	0.0	0.0	0.0	0.0	0.0	0.0	0.0	0.0	0.0
900313	27.0	727.0	1.0	179.0	64.0	225.0	507.0	14.0	0.0	0.0	0.0	2.0	0.0	0.0	804.0	0.0	0.0	0.0	0.0	0.0	0.0	0.0	0.0	5.0	2.0	7.0	14.0	0.0	0.0	1.0	0.0	0.0	0.0	3.0	0.0	0.0	0.0	0.0	0.0	0.0	0.0	0.0	0.0	0.0
900234	2718.0	31.0	4.0	115.0	55.0	0.0	4.0	8.0	0.0	0.0	0.0	0.0	22.0	0.0	0.0	1.0	4.0	5.0	0.0	0.0	0.0	0.0	0.0	0.0	0.0	0.0	3.0	0.0	0.0	0.0	1.0	1.0	4.0	0.0	0.0	1.0	0.0	0.0	0.0	1.0	2.0	0.0	0.0	0.0
900087	128.0	410.0	0.0	145.0	555.0	707.0	175.0	30.0	0.0	2.0	0.0	0.0	21.0	0.0	7.0	0.0	0.0	0.0	12.0	0.0	0.0	53.0	6.0	2.0	40.0	9.0	0.0	0.0	158.0	0.0	0.0	29.0	38.0	13.0	0.0	0.0	22.0	19.0	16.0	40.0	0.0	0.0	0.0	0.0
900098	0.0	0.0	0.0	0.0	0.0	0.0	0.0	0.0	0.0	0.0	0.0	0.0	0.0	0.0	0.0	0.0	0.0	0.0	0.0	0.0	0.0	0.0	0.0	0.0	0.0	0.0	0.0	0.0	0.0	0.0	0.0	0.0	0.0	0.0	0.0	0.0	0.0	0.0	0.0	0.0	0.0	0.0	0.0	0.0
900546	67.0	271.0	4.0	16.0	308.0	1571.0	226.0	0.0	0.0	37.0	0.0	0.0	17.0	21.0	0.0	0.0	0.0	0.0	6.0	0.0	0.0	92.0	0.0	0.0	9.0	6.0	0.0	48.0	10.0	0.0	0.0	0.0	0.0	27.0	0.0	0.0	0.0	0.0	5.0	0.0	0.0	0.0	13.0	0.0
900270	0.0	0.0	0.0	0.0	0.0	0.0	0.0	0.0	0.0	0.0	0.0	0.0	0.0	0.0	0.0	0.0	0.0	0.0	0.0	0.0	0.0	0.0	0.0	0.0	0.0	0.0	0.0	0.0	0.0	0.0	0.0	0.0	0.0	0.0	0.0	0.0	0.0	0.0	0.0	0.0	0.0	0.0	0.0	0.0
900632	0.0	0.0	0.0	0.0	0.0	0.0	0.0	0.0	0.0	0.0	0.0	0.0	0.0	0.0	0.0	0.0	0.0	0.0	0.0	0.0	0.0	0.0	0.0	0.0	0.0	0.0	0.0	0.0	0.0	0.0	0.0	0.0	0.0	0.0	0.0	0.0	0.0	0.0	0.0	0.0	0.0	0.0	0.0	0.0
900555	454.0	355.0	0.0	600.0	161.0	144.0	133.0	340.0	0.0	8.0	194.0	0.0	32.0	0.0	15.0	0.0	0.0	5.0	11.0	46.0	0.0	2.0	0.0	75.0	13.0	23.0	0.0	0.0	66.0	3.0	34.0	1.0	24.0	11.0	13.0	0.0	31.0	17.0	0.0	0.0	0.0	0.0	0.0	0.0
900405	0.0	0.0	0.0	0.0	0.0	0.0	0.0	0.0	0.0	0.0	0.0	0.0	0.0	0.0	0.0	0.0	0.0	0.0	0.0	0.0	0.0	0.0	0.0	0.0	0.0	0.0	0.0	0.0	0.0	0.0	0.0	0.0	0.0	0.0	0.0	0.0	0.0	0.0	0.0	0.0	0.0	0.0	0.0	0.0
900136	1609.0	0.0	1127.0	136.0	99.0	0.0	0.0	0.0	7.0	0.0	0.0	4.0	1.0	1.0	0.0	0.0	0.0	0.0	0.0	0.0	0.0	0.0	0.0	0.0	0.0	0.0	0.0	0.0	0.0	8.0	0.0	0.0	0.0	0.0	0.0	0.0	0.0	0.0	0.0	0.0	0.0	0.0	0.0	0.0
Ca008HNNL	85.0	2337.0	5.0	298.0	189.0	6.0	0.0	0.0	0.0	34.0	0.0	0.0	0.0	10.0	1.0	3.0	0.0	0.0	0.0	2.0	0.0	2.0	0.0	0.0	0.0	0.0	0.0	0.0	0.0	0.0	1.0	0.0	0.0	0.0	0.0	0.0	0.0	0.0	0.0	0.0	0.0	0.0	2.0	0.0
900407	0.0	0.0	0.0	0.0	0.0	0.0	0.0	0.0	0.0	0.0	0.0	0.0	0.0	0.0	0.0	0.0	0.0	0.0	0.0	0.0	0.0	0.0	0.0	0.0	0.0	0.0	0.0	0.0	0.0	0.0	0.0	0.0	0.0	0.0	0.0	0.0	0.0	0.0	0.0	0.0	0.0	0.0	0.0	0.0
900233	73.0	1576.0	10.0	532.0	157.0	155.0	12.0	151.0	0.0	0.0	5.0	0.0	0.0	14.0	6.0	0.0	0.0	0.0	0.0	109.0	4.0	0.0	0.0	4.0	0.0	0.0	1.0	45.0	13.0	0.0	0.0	0.0	0.0	1.0	0.0	0.0	9.0	17.0	0.0	0.0	0.0	0.0	0.0	1.0
900257	1886.0	39.0	6.0	557.0	60.0	21.0	13.0	10.0	183.0	0.0	6.0	0.0	48.0	18.0	0.0	12.0	18.0	0.0	0.0	0.0	5.0	0.0	0.0	0.0	0.0	0.0	0.0	0.0	0.0	16.0	7.0	5.0	4.0	2.0	0.0	8.0	0.0	0.0	0.0	5.0	0.0	0.0	0.0	0.0
900102	19.0	2774.0	2.0	13.0	28.0	30.0	5.0	14.0	0.0	3.0	2.0	0.0	1.0	6.0	3.0	0.0	0.0	0.0	0.0	0.0	0.0	69.0	2.0	0.0	1.0	0.0	0.0	0.0	2.0	1.0	0.0	0.0	0.0	0.0	0.0	0.0	6.0	1.0	0.0	3.0	0.0	1.0	0.0	0.0
900083	1727.0	11.0	565.0	54.0	171.0	0.0	10.0	9.0	227.0	0.0	0.0	0.0	128.0	0.0	0.0	0.0	13.0	11.0	0.0	0.0	0.0	0.0	0.0	0.0	0.0	4.0	0.0	0.0	0.0	26.0	3.0	3.0	0.0	0.0	7.0	4.0	0.0	0.0	0.0	0.0	10.0	0.0	0.0	4.0
900076	35.0	846.0	0.0	114.0	129.0	3.0	35.0	1439.0	0.0	107.0	0.0	0.0	23.0	75.0	0.0	0.0	0.0	0.0	0.0	0.0	0.0	0.0	3.0	0.0	7.0	0.0	0.0	20.0	6.0	19.0	0.0	0.0	0.0	0.0	0.0	0.0	37.0	0.0	0.0	0.0	0.0	0.0	0.0	0.0
900282	48.0	36.0	1256.0	628.0	705.0	0.0	17.0	21.0	210.0	0.0	6.0	0.0	0.0	24.0	0.0	2.0	5.0	0.0	0.0	0.0	0.0	0.0	0.0	0.0	3.0	0.0	2.0	0.0	15.0	0.0	0.0	0.0	2.0	0.0	0.0	1.0	0.0	2.0	0.0	0.0	5.0	0.0	0.0	0.0
900415	0.0	0.0	0.0	0.0	0.0	0.0	0.0	0.0	0.0	0.0	0.0	0.0	0.0	0.0	0.0	0.0	0.0	0.0	0.0	0.0	0.0	0.0	0.0	0.0	0.0	0.0	0.0	0.0	0.0	0.0	0.0	0.0	0.0	0.0	0.0	0.0	0.0	0.0	0.0	0.0	0.0	0.0	0.0	0.0
900553	0.0	0.0	0.0	0.0	0.0	0.0	0.0	0.0	0.0	0.0	0.0	0.0	0.0	0.0	0.0	0.0	0.0	0.0	0.0	0.0	0.0	0.0	0.0	0.0	0.0	0.0	0.0	0.0	0.0	0.0	0.0	0.0	0.0	0.0	0.0	0.0	0.0	0.0	0.0	0.0	0.0	0.0	0.0	0.0
900584	1427.0	75.0	0.0	34.0	129.0	10.0	97.0	16.0	0.0	42.0	124.0	3.0	211.0	88.0	0.0	0.0	76.0	36.0	0.0	0.0	98.0	0.0	83.0	0.0	0.0	4.0	0.0	8.0	0.0	49.0	1.0	62.0	64.0	0.0	8.0	23.0	0.0	0.0	0.0	24.0	9.0	0.0	0.0	39.0
900337	1379.0	59.0	36.0	52.0	92.0	11.0	118.0	7.0	0.0	0.0	819.0	52.0	5.0	16.0	0.0	0.0	57.0	70.0	0.0	0.0	17.0	10.0	0.0	0.0	0.0	0.0	0.0	1.0	0.0	0.0	81.0	23.0	52.0	0.0	13.0	7.0	0.0	0.0	0.0	0.0	1.0	0.0	0.0	0.0
900503	670.0	1113.0	0.0	18.0	162.0	22.0	12.0	332.0	0.0	15.0	4.0	5.0	201.0	141.0	0.0	0.0	10.0	6.0	0.0	0.0	7.0	1.0	43.0	1.0	7.0	0.0	1.0	0.0	0.0	42.0	19.0	6.0	7.0	0.0	0.0	36.0	5.0	5.0	2.0	0.0	0.0	0.0	0.0	0.0
900316	82.0	0.0	0.0	1783.0	247.0	0.0	9.0	0.0	721.0	0.0	18.0	0.0	41.0	3.0	0.0	1.0	9.0	13.0	0.0	0.0	0.0	0.0	0.0	0.0	0.0	0.0	0.0	0.0	0.0	16.0	2.0	11.0	7.0	0.0	1.0	5.0	0.0	0.0	0.0	0.0	0.0	0.0	0.0	0.0
900127	183.0	273.0	7.0	50.0	150.0	12.0	384.0	10.0	0.0	0.0	38.0	3.0	0.0	26.0	2.0	0.0	1.0	0.0	1139.0	0.0	0.0	15.0	0.0	26.0	0.0	0.0	131.0	69.0	0.0	0.0	0.0	4.0	0.0	0.0	0.0	0.0	0.0	4.0	0.0	0.0	0.0	3.0	2.0	5.0
900575	84.0	1341.0	17.0	114.0	594.0	158.0	10.0	276.0	0.0	0.0	0.0	0.0	0.0	30.0	0.0	0.0	2.0	0.0	5.0	8.0	9.0	19.0	19.0	0.0	0.0	85.0	0.0	0.0	22.0	7.0	0.0	7.0	0.0	0.0	0.0	0.0	23.0	15.0	0.0	0.0	0.0	12.0	0.0	0.0
900075	2389.0	0.0	594.0	4.0	3.0	0.0	0.0	0.0	8.0	0.0	0.0	0.0	0.0	0.0	0.0	0.0	0.0	0.0	0.0	0.0	0.0	0.0	0.0	0.0	0.0	0.0	0.0	0.0	0.0	2.0	0.0	0.0	0.0	0.0	0.0	0.0	0.0	0.0	0.0	0.0	0.0	0.0	0.0	0.0
900436	0.0	0.0	0.0	0.0	0.0	0.0	0.0	0.0	0.0	0.0	0.0	0.0	0.0	0.0	0.0	0.0	0.0	0.0	0.0	0.0	0.0	0.0	0.0	0.0	0.0	0.0	0.0	0.0	0.0	0.0	0.0	0.0	0.0	0.0	0.0	0.0	0.0	0.0	0.0	0.0	0.0	0.0	0.0	0.0
900073	1303.0	37.0	217.0	30.0	196.0	64.0	290.0	1.0	5.0	20.0	180.0	14.0	30.0	328.0	0.0	0.0	84.0	36.0	0.0	6.0	0.0	1.0	9.0	1.0	0.0	1.0	0.0	0.0	3.0	11.0	9.0	0.0	4.0	0.0	7.0	10.0	0.0	5.0	0.0	0.0	28.0	0.0	0.0	5.0
900335	676.0	176.0	14.0	124.0	320.0	192.0	32.0	108.0	1.0	62.0	45.0	309.0	152.0	4.0	0.0	0.0	51.0	63.0	1.0	8.0	26.0	2.0	76.0	18.0	0.0	14.0	0.0	0.0	10.0	120.0	18.0	39.0	27.0	5.0	6.0	47.0	2.0	1.0	4.0	0.0	0.0	1.0	9.0	0.0
900103	0.0	0.0	0.0	0.0	0.0	0.0	0.0	0.0	0.0	0.0	0.0	0.0	0.0	0.0	0.0	0.0	0.0	0.0	0.0	0.0	0.0	0.0	0.0	0.0	0.0	0.0	0.0	0.0	0.0	0.0	0.0	0.0	0.0	0.0	0.0	0.0	0.0	0.0	0.0	0.0	0.0	0.0	0.0	0.0
900311	0.0	0.0	0.0	0.0	0.0	0.0	0.0	0.0	0.0	0.0	0.0	0.0	0.0	0.0	0.0	0.0	0.0	0.0	0.0	0.0	0.0	0.0	0.0	0.0	0.0	0.0	0.0	0.0	0.0	0.0	0.0	0.0	0.0	0.0	0.0	0.0	0.0	0.0	0.0	0.0	0.0	0.0	0.0	0.0
900634	771.0	0.0	2172.0	19.0	3.0	0.0	0.0	0.0	30.0	0.0	2.0	0.0	3.0	0.0	0.0	0.0	0.0	0.0	0.0	0.0	0.0	0.0	0.0	0.0	0.0	0.0	0.0	0.0	0.0	0.0	0.0	0.0	0.0	0.0	0.0	0.0	0.0	0.0	0.0	0.0	0.0	0.0	0.0	0.0
900327	0.0	0.0	0.0	0.0	0.0	0.0	0.0	0.0	0.0	0.0	0.0	0.0	0.0	0.0	0.0	0.0	0.0	0.0	0.0	0.0	0.0	0.0	0.0	0.0	0.0	0.0	0.0	0.0	0.0	0.0	0.0	0.0	0.0	0.0	0.0	0.0	0.0	0.0	0.0	0.0	0.0	0.0	0.0	0.0
900298	880.0	0.0	1989.0	9.0	73.0	0.0	0.0	0.0	20.0	1.0	7.0	0.0	0.0	0.0	0.0	0.0	5.0	0.0	0.0	0.0	13.0	0.0	0.0	0.0	0.0	0.0	0.0	0.0	0.0	0.0	0.0	0.0	0.0	0.0	0.0	0.0	0.0	0.0	1.0	0.0	0.0	0.0	0.0	0.0
900123	11.0	2301.0	0.0	79.0	241.0	40.0	3.0	28.0	0.0	27.0	3.0	0.0	0.0	24.0	0.0	0.0	0.0	0.0	0.0	0.0	0.0	8.0	0.0	0.0	0.0	2.0	0.0	1.0	0.0	0.0	0.0	0.0	0.0	0.0	0.0	0.0	0.0	0.0	0.0	11.0	0.0	3.0	15.0	0.0
900297	40.0	435.0	0.0	1328.0	149.0	413.0	1.0	365.0	0.0	0.0	5.0	0.0	1.0	9.0	4.0	0.0	0.0	0.0	0.0	16.0	7.0	0.0	0.0	29.0	17.0	48.0	0.0	0.0	3.0	0.0	0.0	0.0	3.0	0.0	0.0	0.0	1.0	1.0	4.0	3.0	3.0	0.0	0.0	0.0
900104	0.0	0.0	0.0	0.0	0.0	0.0	0.0	0.0	0.0	0.0	0.0	0.0	0.0	0.0	0.0	0.0	0.0	0.0	0.0	0.0	0.0	0.0	0.0	0.0	0.0	0.0	0.0	0.0	0.0	0.0	0.0	0.0	0.0	0.0	0.0	0.0	0.0	0.0	0.0	0.0	0.0	0.0	0.0	0.0
900560	0.0	0.0	0.0	0.0	0.0	0.0	0.0	0.0	0.0	0.0	0.0	0.0	0.0	0.0	0.0	0.0	0.0	0.0	0.0	0.0	0.0	0.0	0.0	0.0	0.0	0.0	0.0	0.0	0.0	0.0	0.0	0.0	0.0	0.0	0.0	0.0	0.0	0.0	0.0	0.0	0.0	0.0	0.0	0.0
900621	0.0	0.0	0.0	0.0	0.0	0.0	0.0	0.0	0.0	0.0	0.0	0.0	0.0	0.0	0.0	0.0	0.0	0.0	0.0	0.0	0.0	0.0	0.0	0.0	0.0	0.0	0.0	0.0	0.0	0.0	0.0	0.0	0.0	0.0	0.0	0.0	0.0	0.0	0.0	0.0	0.0	0.0	0.0	0.0
900281	73.0	534.0	6.0	130.0	384.0	779.0	128.0	188.0	0.0	169.0	3.0	15.0	33.0	76.0	5.0	0.0	10.0	0.0	0.0	1.0	4.0	0.0	0.0	18.0	52.0	0.0	13.0	29.0	87.0	10.0	0.0	0.0	0.0	20.0	0.0	6.0	0.0	2.0	8.0	10.0	0.0	8.0	7.0	0.0
900100	0.0	0.0	0.0	0.0	0.0	0.0	0.0	0.0	0.0	0.0	0.0	0.0	0.0	0.0	0.0	0.0	0.0	0.0	0.0	0.0	0.0	0.0	0.0	0.0	0.0	0.0	0.0	0.0	0.0	0.0	0.0	0.0	0.0	0.0	0.0	0.0	0.0	0.0	0.0	0.0	0.0	0.0	0.0	0.0
900606	0.0	7.0	0.0	0.0	1126.0	3.0	0.0	0.0	0.0	0.0	0.0	0.0	0.0	0.0	0.0	1.0	0.0	0.0	0.0	0.0	0.0	292.0	0.0	0.0	0.0	0.0	0.0	0.0	0.0	0.0	0.0	0.0	0.0	0.0	0.0	0.0	0.0	0.0	0.0	9.0	0.0	9.0	0.0	0.0
900624	0.0	0.0	0.0	0.0	0.0	0.0	0.0	0.0	0.0	0.0	0.0	0.0	0.0	0.0	0.0	0.0	0.0	0.0	0.0	0.0	0.0	0.0	0.0	0.0	0.0	0.0	0.0	0.0	0.0	0.0	0.0	0.0	0.0	0.0	0.0	0.0	0.0	0.0	0.0	0.0	0.0	0.0	0.0	0.0
900372	18.0	99.0	0.0	48.0	98.0	0.0	8.0	407.0	0.0	2008.0	10.0	2.0	6.0	12.0	0.0	14.0	0.0	0.0	0.0	0.0	0.0	10.0	5.0	4.0	9.0	126.0	0.0	5.0	0.0	4.0	3.0	0.0	1.0	6.0	0.0	0.0	7.0	2.0	27.0	0.0	0.0	0.0	0.0	0.0
900504	0.0	0.0	0.0	0.0	0.0	0.0	0.0	0.0	0.0	0.0	0.0	0.0	0.0	0.0	0.0	0.0	0.0	0.0	0.0	0.0	0.0	0.0	0.0	0.0	0.0	0.0	0.0	0.0	0.0	0.0	0.0	0.0	0.0	0.0	0.0	0.0	0.0	0.0	0.0	0.0	0.0	0.0	0.0	0.0
Co003LTNL	0.0	0.0	0.0	0.0	0.0	0.0	0.0	0.0	0.0	0.0	0.0	0.0	0.0	0.0	0.0	0.0	0.0	0.0	0.0	0.0	0.0	0.0	0.0	0.0	0.0	0.0	0.0	0.0	0.0	0.0	0.0	0.0	0.0	0.0	0.0	0.0	0.0	0.0	0.0	0.0	0.0	0.0	0.0	0.0
900266	0.0	0.0	0.0	0.0	0.0	0.0	0.0	0.0	0.0	0.0	0.0	0.0	0.0	0.0	0.0	0.0	0.0	0.0	0.0	0.0	0.0	0.0	0.0	0.0	0.0	0.0	0.0	0.0	0.0	0.0	0.0	0.0	0.0	0.0	0.0	0.0	0.0	0.0	0.0	0.0	0.0	0.0	0.0	0.0
900310	0.0	0.0	0.0	0.0	0.0	0.0	0.0	0.0	0.0	0.0	0.0	0.0	0.0	0.0	0.0	0.0	0.0	0.0	0.0	0.0	0.0	0.0	0.0	0.0	0.0	0.0	0.0	0.0	0.0	0.0	0.0	0.0	0.0	0.0	0.0	0.0	0.0	0.0	0.0	0.0	0.0	0.0	0.0	0.0
900448	0.0	0.0	0.0	0.0	0.0	0.0	0.0	0.0	0.0	0.0	0.0	0.0	0.0	0.0	0.0	0.0	0.0	0.0	0.0	0.0	0.0	0.0	0.0	0.0	0.0	0.0	0.0	0.0	0.0	0.0	0.0	0.0	0.0	0.0	0.0	0.0	0.0	0.0	0.0	0.0	0.0	0.0	0.0	0.0
900559	0.0	0.0	0.0	0.0	0.0	0.0	0.0	0.0	0.0	0.0	0.0	0.0	0.0	0.0	0.0	0.0	0.0	0.0	0.0	0.0	0.0	0.0	0.0	0.0	0.0	0.0	0.0	0.0	0.0	0.0	0.0	0.0	0.0	0.0	0.0	0.0	0.0	0.0	0.0	0.0	0.0	0.0	0.0	0.0
900224	5.0	0.0	0.0	0.0	0.0	0.0	0.0	0.0	0.0	0.0	1.0	0.0	0.0	1.0	0.0	0.0	0.0	2.0	0.0	0.0	0.0	0.0	0.0	0.0	0.0	0.0	0.0	0.0	0.0	0.0	0.0	0.0	0.0	0.0	0.0	0.0	0.0	0.0	0.0	0.0	0.0	0.0	0.0	0.0
900585	24.0	1573.0	60.0	532.0	74.0	49.0	5.0	47.0	0.0	418.0	0.0	0.0	0.0	11.0	0.0	0.0	0.0	0.0	5.0	6.0	12.0	38.0	0.0	0.0	6.0	19.0	0.0	0.0	0.0	0.0	0.0	0.0	0.0	0.0	0.0	0.0	0.0	0.0	3.0	39.0	0.0	4.0	0.0	2.0
900551	2690.0	0.0	0.0	14.0	151.0	0.0	3.0	2.0	0.0	0.0	0.0	0.0	131.0	0.0	0.0	3.0	0.0	1.0	0.0	0.0	2.0	0.0	0.0	0.0	0.0	1.0	0.0	0.0	0.0	0.0	0.0	0.0	0.0	0.0	0.0	0.0	0.0	0.0	0.0	0.0	0.0	0.0	0.0	0.0
Ca010EBPN	0.0	0.0	0.0	0.0	0.0	0.0	0.0	0.0	0.0	0.0	0.0	0.0	0.0	0.0	0.0	0.0	0.0	0.0	0.0	0.0	0.0	0.0	0.0	0.0	0.0	0.0	0.0	0.0	0.0	0.0	0.0	0.0	0.0	0.0	0.0	0.0	0.0	0.0	0.0	0.0	0.0	0.0	0.0	0.0
900090	319.0	315.0	0.0	184.0	306.0	365.0	16.0	426.0	0.0	307.0	16.0	1.0	89.0	143.0	11.0	0.0	12.0	34.0	0.0	69.0	0.0	34.0	43.0	6.0	140.0	0.0	0.0	0.0	0.0	1.0	13.0	3.0	0.0	0.0	0.0	20.0	5.0	0.0	0.0	0.0	0.0	0.0	0.0	0.0
900410	0.0	0.0	0.0	0.0	0.0	0.0	0.0	0.0	0.0	0.0	0.0	0.0	0.0	0.0	0.0	0.0	0.0	0.0	0.0	0.0	0.0	0.0	0.0	0.0	0.0	0.0	0.0	0.0	0.0	0.0	0.0	0.0	0.0	0.0	0.0	0.0	0.0	0.0	0.0	0.0	0.0	0.0	0.0	0.0
900603	0.0	0.0	0.0	0.0	0.0	0.0	0.0	0.0	0.0	0.0	0.0	0.0	0.0	0.0	0.0	0.0	0.0	0.0	0.0	0.0	0.0	0.0	0.0	0.0	0.0	0.0	0.0	0.0	0.0	0.0	0.0	0.0	0.0	0.0	0.0	0.0	0.0	0.0	0.0	0.0	0.0	0.0	0.0	0.0
900055	0.0	0.0	0.0	0.0	0.0	0.0	0.0	0.0	0.0	0.0	0.0	0.0	0.0	0.0	0.0	0.0	0.0	0.0	0.0	0.0	0.0	0.0	0.0	0.0	0.0	0.0	0.0	0.0	0.0	0.0	0.0	0.0	0.0	0.0	0.0	0.0	0.0	0.0	0.0	0.0	0.0	0.0	0.0	0.0
900347	2400.0	2.0	458.0	116.0	0.0	0.0	0.0	0.0	20.0	0.0	0.0	0.0	0.0	0.0	0.0	0.0	0.0	0.0	0.0	0.0	0.0	0.0	0.0	0.0	0.0	0.0	0.0	0.0	0.0	0.0	0.0	0.0	0.0	0.0	0.0	0.0	0.0	0.0	0.0	0.0	0.0	0.0	0.0	0.0
900324	2559.0	6.0	0.0	0.0	92.0	74.0	6.0	0.0	122.0	0.0	5.0	3.0	0.0	0.0	0.0	0.0	0.0	0.0	0.0	4.0	0.0	1.0	0.0	1.0	4.0	0.0	0.0	0.0	0.0	2.0	0.0	0.0	0.0	0.0	0.0	0.0	0.0	0.0	7.0	4.0	0.0	10.0	0.0	0.0
900345	0.0	0.0	0.0	0.0	0.0	0.0	0.0	0.0	0.0	0.0	0.0	0.0	0.0	0.0	0.0	0.0	0.0	0.0	0.0	0.0	0.0	0.0	0.0	0.0	0.0	0.0	0.0	0.0	0.0	0.0	0.0	0.0	0.0	0.0	0.0	0.0	0.0	0.0	0.0	0.0	0.0	0.0	0.0	0.0
900627	4.0	1.0	30.0	277.0	495.0	0.0	535.0	0.0	0.0	0.0	0.0	0.0	57.0	0.0	0.0	0.0	0.0	8.0	0.0	0.0	0.0	0.0	0.0	0.0	0.0	0.0	0.0	0.0	0.0	0.0	0.0	339.0	0.0	0.0	0.0	0.0	0.0	0.0	0.0	0.0	17.0	0.0	0.0	29.0
900106	0.0	0.0	0.0	0.0	0.0	0.0	0.0	0.0	0.0	0.0	0.0	0.0	0.0	0.0	0.0	0.0	0.0	0.0	0.0	0.0	0.0	0.0	0.0	0.0	0.0	0.0	0.0	0.0	0.0	0.0	0.0	0.0	0.0	0.0	0.0	0.0	0.0	0.0	0.0	0.0	0.0	0.0	0.0	0.0
900442	0.0	0.0	0.0	0.0	0.0	0.0	0.0	0.0	0.0	0.0	0.0	0.0	0.0	0.0	0.0	0.0	0.0	0.0	0.0	0.0	0.0	0.0	0.0	0.0	0.0	0.0	0.0	0.0	0.0	0.0	0.0	0.0	0.0	0.0	0.0	0.0	0.0	0.0	0.0	0.0	0.0	0.0	0.0	0.0
900261	876.0	134.0	10.0	121.0	201.0	119.0	106.0	28.0	0.0	0.0	155.0	50.0	95.0	241.0	3.0	6.0	45.0	100.0	22.0	7.0	16.0	23.0	57.0	15.0	12.0	5.0	5.0	14.0	0.0	24.0	47.0	20.0	70.0	0.0	3.0	31.0	0.0	8.0	11.0	0.0	2.0	15.0	0.0	5.0
900295	2106.0	0.0	461.0	4.0	28.0	1.0	29.0	0.0	0.0	0.0	207.0	0.0	12.0	0.0	0.0	0.0	33.0	23.0	0.0	0.0	35.0	0.0	0.0	0.0	0.0	0.0	0.0	14.0	0.0	0.0	14.0	0.0	15.0	0.0	4.0	0.0	0.0	0.0	0.0	0.0	0.0	0.0	0.0	5.0
900069	2950.0	0.0	0.0	16.0	6.0	0.0	3.0	0.0	10.0	0.0	0.0	0.0	0.0	6.0	0.0	0.0	0.0	0.0	0.0	0.0	0.0	0.0	0.0	0.0	0.0	0.0	0.0	0.0	0.0	0.0	0.0	0.0	0.0	0.0	0.0	0.0	0.0	0.0	0.0	0.0	0.0	0.0	0.0	0.0
900443	0.0	0.0	0.0	0.0	0.0	0.0	0.0	0.0	0.0	0.0	0.0	0.0	0.0	0.0	0.0	0.0	0.0	0.0	0.0	0.0	0.0	0.0	0.0	0.0	0.0	0.0	0.0	0.0	0.0	0.0	0.0	0.0	0.0	0.0	0.0	0.0	0.0	0.0	0.0	0.0	0.0	0.0	0.0	0.0
900142	2974.0	0.0	7.0	0.0	13.0	0.0	3.0	0.0	0.0	0.0	0.0	0.0	0.0	0.0	0.0	0.0	0.0	2.0	0.0	0.0	1.0	0.0	0.0	0.0	0.0	0.0	0.0	0.0	0.0	0.0	0.0	0.0	0.0	0.0	0.0	0.0	0.0	0.0	0.0	0.0	0.0	0.0	0.0	0.0
900133	0.0	0.0	0.0	0.0	0.0	0.0	0.0	0.0	0.0	0.0	0.0	0.0	0.0	0.0	0.0	0.0	0.0	0.0	0.0	0.0	0.0	0.0	0.0	0.0	0.0	0.0	0.0	0.0	0.0	0.0	0.0	0.0	0.0	0.0	0.0	0.0	0.0	0.0	0.0	0.0	0.0	0.0	0.0	0.0
900471	0.0	0.0	0.0	0.0	0.0	0.0	0.0	0.0	0.0	0.0	0.0	0.0	0.0	0.0	0.0	0.0	0.0	0.0	0.0	0.0	0.0	0.0	0.0	0.0	0.0	0.0	0.0	0.0	0.0	0.0	0.0	0.0	0.0	0.0	0.0	0.0	0.0	0.0	0.0	0.0	0.0	0.0	0.0	0.0
900604	0.0	0.0	0.0	0.0	0.0	0.0	0.0	0.0	0.0	0.0	0.0	0.0	0.0	0.0	0.0	0.0	0.0	0.0	0.0	0.0	0.0	0.0	0.0	0.0	0.0	0.0	0.0	0.0	0.0	0.0	0.0	0.0	0.0	0.0	0.0	0.0	0.0	0.0	0.0	0.0	0.0	0.0	0.0	0.0
900434	1073.0	204.0	13.0	33.0	233.0	8.0	57.0	45.0	11.0	0.0	83.0	87.0	314.0	38.0	11.0	0.0	101.0	83.0	12.0	0.0	100.0	31.0	66.0	0.0	0.0	0.0	0.0	0.0	0.0	33.0	52.0	54.0	66.0	0.0	36.0	22.0	0.0	14.0	2.0	0.0	14.0	0.0	0.0	13.0
900616	0.0	0.0	0.0	0.0	0.0	0.0	0.0	0.0	0.0	0.0	0.0	0.0	0.0	0.0	0.0	0.0	0.0	0.0	0.0	0.0	0.0	0.0	0.0	0.0	0.0	0.0	0.0	0.0	0.0	0.0	0.0	0.0	0.0	0.0	0.0	0.0	0.0	0.0	0.0	0.0	0.0	0.0	0.0	0.0
Co004LNPN	0.0	0.0	0.0	0.0	0.0	0.0	0.0	0.0	0.0	0.0	0.0	0.0	0.0	0.0	0.0	0.0	0.0	0.0	0.0	0.0	0.0	0.0	0.0	0.0	0.0	0.0	0.0	0.0	0.0	0.0	0.0	0.0	0.0	0.0	0.0	0.0	0.0	0.0	0.0	0.0	0.0	0.0	0.0	0.0
900063	50.0	688.0	0.0	152.0	543.0	944.0	193.0	2.0	0.0	6.0	0.0	0.0	0.0	0.0	0.0	12.0	0.0	0.0	21.0	131.0	0.0	0.0	0.0	0.0	1.0	0.0	0.0	40.0	19.0	0.0	0.0	0.0	0.0	10.0	0.0	0.0	0.0	12.0	0.0	0.0	0.0	0.0	0.0	0.0
900412	0.0	0.0	0.0	0.0	0.0	0.0	0.0	0.0	0.0	0.0	0.0	0.0	0.0	0.0	0.0	0.0	0.0	0.0	0.0	0.0	0.0	0.0	0.0	0.0	0.0	0.0	0.0	0.0	0.0	0.0	0.0	0.0	0.0	0.0	0.0	0.0	0.0	0.0	0.0	0.0	0.0	0.0	0.0	0.0
900328a	260.0	72.0	227.0	1521.0	99.0	0.0	42.0	3.0	450.0	0.0	35.0	1.0	46.0	0.0	0.0	11.0	12.0	38.0	0.0	0.0	5.0	9.0	0.0	0.0	11.0	0.0	0.0	0.0	14.0	5.0	21.0	10.0	19.0	0.0	5.0	3.0	0.0	0.0	4.0	4.0	2.0	5.0	0.0	1.0
900547	628.0	12.0	2250.0	9.0	35.0	0.0	0.0	2.0	7.0	0.0	1.0	0.0	30.0	1.0	0.0	0.0	3.0	0.0	0.0	0.0	0.0	0.0	0.0	0.0	0.0	0.0	0.0	0.0	0.0	10.0	0.0	0.0	0.0	0.0	1.0	0.0	0.0	0.0	0.0	0.0	0.0	6.0	0.0	0.0
900619	0.0	0.0	0.0	0.0	0.0	0.0	0.0	0.0	0.0	0.0	0.0	0.0	0.0	0.0	0.0	0.0	0.0	0.0	0.0	0.0	0.0	0.0	0.0	0.0	0.0	0.0	0.0	0.0	0.0	0.0	0.0	0.0	0.0	0.0	0.0	0.0	0.0	0.0	0.0	0.0	0.0	0.0	0.0	0.0
Co005SNNL	0.0	0.0	0.0	0.0	0.0	0.0	0.0	0.0	0.0	0.0	0.0	0.0	0.0	0.0	0.0	0.0	0.0	0.0	0.0	0.0	0.0	0.0	0.0	0.0	0.0	0.0	0.0	0.0	0.0	0.0	0.0	0.0	0.0	0.0	0.0	0.0	0.0	0.0	0.0	0.0	0.0	0.0	0.0	0.0
900263	459.0	309.0	5.0	397.0	222.0	150.0	215.0	66.0	1.0	0.0	41.0	34.0	243.0	31.0	0.0	3.0	33.0	47.0	0.0	0.0	22.0	22.0	18.0	68.0	79.0	39.0	31.0	0.0	8.0	17.0	32.0	6.0	6.0	4.0	0.0	0.0	6.0	6.0	53.0	11.0	0.0	7.0	21.0	0.0
Ca008HNL	1.0	2933.0	0.0	49.0	7.0	2.0	0.0	0.0	0.0	3.0	0.0	0.0	0.0	0.0	2.0	0.0	0.0	0.0	0.0	0.0	0.0	0.0	1.0	0.0	0.0	0.0	0.0	0.0	0.0	0.0	0.0	0.0	0.0	0.0	0.0	0.0	0.0	0.0	1.0	0.0	0.0	0.0	0.0	0.0
900081	726.0	217.0	463.0	83.0	312.0	59.0	81.0	144.0	268.0	126.0	28.0	0.0	150.0	42.0	0.0	0.0	32.0	27.0	0.0	4.0	0.0	0.0	58.0	0.0	1.0	3.0	0.0	0.0	16.0	10.0	4.0	0.0	0.0	0.0	0.0	11.0	0.0	0.0	0.0	0.0	0.0	0.0	0.0	0.0
900086	0.0	0.0	0.0	0.0	0.0	0.0	0.0	0.0	0.0	0.0	0.0	0.0	0.0	0.0	0.0	0.0	0.0	0.0	0.0	0.0	0.0	0.0	0.0	0.0	0.0	0.0	0.0	0.0	0.0	0.0	0.0	0.0	0.0	0.0	0.0	0.0	0.0	0.0	0.0	0.0	0.0	0.0	0.0	0.0
900501	1618.0	176.0	44.0	16.0	196.0	49.0	43.0	21.0	0.0	39.0	164.0	0.0	55.0	11.0	0.0	30.0	66.0	63.0	5.0	0.0	67.0	2.0	0.0	0.0	5.0	11.0	0.0	0.0	0.0	5.0	84.0	8.0	10.0	0.0	0.0	0.0	0.0	0.0	1.0	41.0	2.0	2.0	2.0	0.0
900279	65.0	755.0	47.0	546.0	262.0	2.0	15.0	51.0	0.0	5.0	13.0	50.0	22.0	112.0	0.0	28.0	23.0	0.0	109.0	0.0	0.0	8.0	0.0	0.0	0.0	0.0	62.0	63.0	2.0	1.0	1.0	0.0	14.0	0.0	0.0	0.0	0.0	0.0	97.0	0.0	0.0	12.0	0.0	0.0
900093	0.0	0.0	0.0	0.0	0.0	0.0	0.0	0.0	0.0	0.0	0.0	0.0	0.0	0.0	0.0	0.0	0.0	0.0	0.0	0.0	0.0	0.0	0.0	0.0	0.0	0.0	0.0	0.0	0.0	0.0	0.0	0.0	0.0	0.0	0.0	0.0	0.0	0.0	0.0	0.0	0.0	0.0	0.0	0.0
900304	2714.0	20.0	68.0	70.0	22.0	0.0	0.0	5.0	6.0	0.0	1.0	3.0	11.0	42.0	0.0	0.0	8.0	4.0	2.0	0.0	0.0	0.0	0.0	0.0	0.0	0.0	0.0	0.0	5.0	0.0	1.0	2.0	4.0	0.0	0.0	2.0	0.0	0.0	0.0	0.0	0.0	0.0	0.0	0.0
900580	2804.0	130.0	1.0	42.0	1.0	0.0	0.0	0.0	22.0	0.0	0.0	0.0	0.0	0.0	0.0	0.0	0.0	0.0	0.0	0.0	0.0	0.0	0.0	0.0	0.0	0.0	0.0	0.0	0.0	0.0	0.0	0.0	0.0	0.0	0.0	0.0	0.0	0.0	0.0	0.0	0.0	0.0	0.0	0.0
900094	0.0	0.0	0.0	0.0	0.0	0.0	0.0	0.0	0.0	0.0	0.0	0.0	0.0	0.0	0.0	0.0	0.0	0.0	0.0	0.0	0.0	0.0	0.0	0.0	0.0	0.0	0.0	0.0	0.0	0.0	0.0	0.0	0.0	0.0	0.0	0.0	0.0	0.0	0.0	0.0	0.0	0.0	0.0	0.0
900484	2109.0	0.0	397.0	117.0	22.0	0.0	0.0	2.0	343.0	0.0	0.0	0.0	0.0	0.0	0.0	0.0	0.0	0.0	0.0	0.0	0.0	0.0	0.0	0.0	0.0	0.0	0.0	0.0	0.0	3.0	0.0	2.0	0.0	0.0	0.0	0.0	0.0	0.0	0.0	0.0	0.0	0.0	0.0	0.0
900287	0.0	0.0	0.0	0.0	0.0	0.0	0.0	0.0	0.0	0.0	0.0	0.0	0.0	0.0	0.0	0.0	0.0	0.0	0.0	0.0	0.0	0.0	0.0	0.0	0.0	0.0	0.0	0.0	0.0	0.0	0.0	0.0	0.0	0.0	0.0	0.0	0.0	0.0	0.0	0.0	0.0	0.0	0.0	0.0
900225	0.0	0.0	0.0	0.0	0.0	0.0	0.0	0.0	0.0	0.0	0.0	0.0	0.0	0.0	0.0	0.0	0.0	0.0	0.0	0.0	0.0	0.0	0.0	0.0	0.0	0.0	0.0	0.0	0.0	0.0	0.0	0.0	0.0	0.0	0.0	0.0	0.0	0.0	0.0	0.0	0.0	0.0	0.0	0.0
900057	0.0	0.0	0.0	0.0	0.0	0.0	0.0	0.0	0.0	0.0	0.0	0.0	0.0	0.0	0.0	0.0	0.0	0.0	0.0	0.0	0.0	0.0	0.0	0.0	0.0	0.0	0.0	0.0	0.0	0.0	0.0	0.0	0.0	0.0	0.0	0.0	0.0	0.0	0.0	0.0	0.0	0.0	0.0	0.0
900294	0.0	0.0	0.0	0.0	0.0	0.0	0.0	0.0	0.0	0.0	0.0	0.0	0.0	0.0	0.0	0.0	0.0	0.0	0.0	0.0	0.0	0.0	0.0	0.0	0.0	0.0	0.0	0.0	0.0	0.0	0.0	0.0	0.0	0.0	0.0	0.0	0.0	0.0	0.0	0.0	0.0	0.0	0.0	0.0
9003972	674.0	380.0	47.0	45.0	113.0	24.0	148.0	29.0	0.0	12.0	155.0	49.0	85.0	335.0	0.0	0.0	131.0	115.0	0.0	147.0	12.0	2.0	59.0	0.0	0.0	5.0	6.0	9.0	0.0	69.0	30.0	8.0	25.0	0.0	13.0	12.0	11.0	1.0	1.0	0.0	48.0	0.0	7.0	4.0
900097	0.0	0.0	0.0	0.0	0.0	0.0	0.0	0.0	0.0	0.0	0.0	0.0	0.0	0.0	0.0	0.0	0.0	0.0	0.0	0.0	0.0	0.0	0.0	0.0	0.0	0.0	0.0	0.0	0.0	0.0	0.0	0.0	0.0	0.0	0.0	0.0	0.0	0.0	0.0	0.0	0.0	0.0	0.0	0.0
900498	0.0	0.0	0.0	0.0	0.0	0.0	0.0	0.0	0.0	0.0	0.0	0.0	0.0	0.0	0.0	0.0	0.0	0.0	0.0	0.0	0.0	0.0	0.0	0.0	0.0	0.0	0.0	0.0	0.0	0.0	0.0	0.0	0.0	0.0	0.0	0.0	0.0	0.0	0.0	0.0	0.0	0.0	0.0	0.0
900276	0.0	0.0	0.0	0.0	0.0	0.0	0.0	0.0	0.0	0.0	0.0	0.0	0.0	0.0	0.0	0.0	0.0	0.0	0.0	0.0	0.0	0.0	0.0	0.0	0.0	0.0	0.0	0.0	0.0	0.0	0.0	0.0	0.0	0.0	0.0	0.0	0.0	0.0	0.0	0.0	0.0	0.0	0.0	0.0
900406	0.0	0.0	0.0	0.0	0.0	0.0	0.0	0.0	0.0	0.0	0.0	0.0	0.0	0.0	0.0	0.0	0.0	0.0	0.0	0.0	0.0	0.0	0.0	0.0	0.0	0.0	0.0	0.0	0.0	0.0	0.0	0.0	0.0	0.0	0.0	0.0	0.0	0.0	0.0	0.0	0.0	0.0	0.0	0.0
