	Ca009STPN_Ca-009-ST_nasal_case-anterior	900223_Ca-101-ID_nasal_case-anterior	Ca010EBPN_Ca-010-EB_nasal_case-anterior	900462_Ca-146-SM_nasal_case-anterior	900053_Ca-011-LQ_nasal_case-anterior	900228_Ca-103-BT_nasal_case-anterior	900059_Ca-013-NN_nasal_case-anterior	900231_Ca-104-SB_nasal_case-anterior	900234_Ca-105-LX_nasal_case-anterior	900062_Ca-014-LB_nasal_case-anterior	900237_Ca-106-NM_nasal_case-anterior	900065_Ca-015-AM_nasal_case-anterior	900240_Ca-107-BM_nasal_case-anterior	900069_Ca-016-YT_nasal_case-anterior	900257_Ca-108-EJ_nasal_case-anterior	900072_Ca-017-OM_nasal_case-anterior	900484_Ca-153-MN_nasal_case-anterior	900075_Ca-018-AS_nasal_case-anterior	900080_Ca-019-EC_nasal_case-anterior	900275_Ca-110-LN_nasal_case-anterior	900083_Ca-020-AZ_nasal_case-anterior	900278_Ca-111-IN_nasal_case-anterior	900086_Ca-021-IM_nasal_case-anterior	900301_Ca-112-AM_nasal_case-anterior	900295_Ca-113-MN_nasal_case-anterior	900089_Ca-022-MS_nasal_case-anterior	900298_Ca-114-QT_nasal_case-anterior	900092_Ca-023-EJ_nasal_case-anterior	900304_Ca-115-OM_nasal_case-anterior	900095_Ca-024-ZM_nasal_case-anterior	900307_Ca-116-AN_nasal_case-anterior	900098_Ca-025-AC_nasal_case-anterior	900487_Ca-154-OS_nasal_case-anterior	900310_Ca-117-SM_nasal_case-anterior	900101_Ca-026-KM_nasal_case-anterior	900333_Ca-118-AS_nasal_case-anterior	900104_Ca-027-IM_nasal_case-anterior	900330_Ca-119-AM_nasal_case-anterior	900109_Ca-029-TD_nasal_case-anterior	900339_Ca-120-ST_nasal_case-anterior	900112_Ca-030-LM_nasal_case-anterior	900115_Ca-031-AN_nasal_case-anterior	900336_Ca-121-BT_nasal_case-anterior	900118_Ca-032-LN_nasal_case-anterior	900342_Ca-122-UK_nasal_case-anterior	900121_Ca-033-UD_nasal_case-anterior	900124_Ca-034-LS_nasal_case-anterior	900469_Ca-148-AL_nasal_case-anterior	900478_Ca-151-QR_nasal_case-anterior	900404_Ca-126-KB_nasal_case-anterior	900131_Ca-035-AR_nasal_case-anterior	900134_Ca-036-TK_nasal_case-anterior	900407_Ca-127-OM_nasal_case-anterior	900149_Ca-037-HM_nasal_case-anterior	900410_Ca-128-SN_nasal_case-anterior	900559_Ca-042-AM_nasal_case-anterior	900416_Ca-129-AJ_nasal_case-anterior	900413_Ca-130-PM_nasal_case-anterior	900556_Ca-043-SS_nasal_case-anterior	900419_Ca-131-PM_nasal_case-anterior	900580_Ca-045-HN_nasal_case-anterior	900422_Ca-132-LD_nasal_case-anterior	900571_Ca-046-MT_nasal_case-anterior	900425_Ca-133-LT_nasal_case-anterior	900574_Ca-047-MD_nasal_case-anterior	900106_Ca-028-PN_nasal_case-anterior	900430_Ca-135-NS_nasal_case-anterior	900432_Ca-136-OM_nasal_case-anterior	900428_Ca-134-IT_nasal_case-anterior	900577_Ca-047-MD_nasal_case-anterior	900583_Ca-049-LM_nasal_case-anterior	900589_Ca-050-MM_nasal_case-anterior	900438_Ca-137-TM_nasal_case-anterior	900586_Ca-051-AM_nasal_case-anterior	900493_Ca-155-LS_nasal_case-anterior	900592_Ca-052-LM_nasal_case-anterior	900435_Ca-138-SM_nasal_case-anterior	900595_Ca-053-NN_nasal_case-anterior	900441_Ca-139-OS_nasal_case-anterior	900612_Ca-054-RN_nasal_case-anterior	900444_Ca-140-EM_nasal_case-anterior	900623_Ca-055-LN_nasal_case-anterior	900447_Ca-141-TC_nasal_case-anterior	900450_Ca-142-AM_nasal_case-anterior	900626_Ca-056-DH_nasal_case-anterior	900453_Ca-143-ST_nasal_case-anterior	900456_Ca-144-HN_nasal_case-anterior	900459_Ca-145-LM_nasal_case-anterior	900466_Ca-147-LJ_nasal_case-anterior	900507_Ca-160-LB_nasal_case-anterior	Ca008HNPN_Ca-008-HN_nasal_case-anterior	900496_Ca-156-MV_nasal_case-anterior	Ca007NKPN_Ca-007-NK_nasal_case-anterior	900475_Ca-150-ZS_nasal_case-anterior	900502_Ca-158-LC_nasal_case-anterior	900505_Ca-159-AS_nasal_case-anterior	900472_Ca-149-LM_nasal_case-anterior	900510_Ca-161-OM_nasal_case-anterior	900126_Ca-009-ZN_nasal_case-anterior	900499_Ca-157-LM_nasal_case-anterior	900396_Ca-123-PG_nasal_case-anterior	9003962_Ca-123-PG_nasal_case-anterior	900399_Ca-125-IM_nasal_case-anterior	9003992_Ca-125-IM_nasal_case-anterior	900402_Ca-124-AB_nasal_case-anterior	9004022_Ca-124-AB_nasal_case-anterior	Ca006ONPN_Ca-006-ON_nasal_case-anterior	Ca006ONPN2_Ca-006-ON_nasal_case-anterior	Unknown
Ca009STL_Ca-009-ST_skin_case-lesional	0	0	0.02986640415	0.002519886865	0.0007626362917	0	0	0	0.007029533884	0.03036923512	0.002514533531	0.006734731007	0	0.0299136825	0.001857324797	0.003135165068	0	0	0	0.002370785083	0.02809790453	0	0	0	0.007670118557	0	0.00332908411	0.006412417891	0.01128072143	0.01969180426	0	0.0002965811734	0	0.4069928717	0	0	0.002275427675	0.09300712828	0.004164611502	0.007852263031	0.002307912875	0	0	0.003533898199	0.0006329473313	0	0	0.006900563027	0	0	0	0.0004801412551	0	0.004016406071	0	0.004877650344	0	0.02312637794	0.0001072331698	0	0.00673721311	0.007826297879	0	0	0.004320802026	0	0.0278664402	0	0	0.002956196375	0.002229413064	0	0.01217816716	0	0	0	0.004533473459	0	0.02760810651	0	0.02093803201	0.007887996666	0	0	0.005155141989	0.0283434988	0.01782621629	0	0.0006375937061	0.004281704309	0.0008704343643	0	0	0.02937782964	0.003240812307	0.002592690334	0	0.003470593536	0.00796992387	0.005538334737	0.004849646903	0	0	0.006635458078	0	0	0	0	0
900221_Ca-101-ID_skin_case-lesional	0	0	0	0	0	0	0	0	0	0	0	0	0	0	0	0	0	0	0	0	0	0	0	0	0	0	0	0	0	0	0	0	0	0	0	0	0	0	0.1722834448	0	0	0	0	0	0	0	0	0	0	0	0	0	0	0	0	0	0	0	0	0	0	0	0	0	0	0	0	0	0	0	0	0	0	0	0	0	0	0	0	0	0	0	0	0.7928463453	0	0	0	0	0	0	0	0	0.03487020994	0	0	0	0	0	0	0	0	0	0	0	0	0	0	0	0
Ca010EBL_Ca-010-EB_skin_case-lesional	0	0	0	0	0	0	0	0	0	0	0	0	0	0	0	0	0	0	0	0	0	0	0	0.708743685	0	0	0	0	0	0	0.1459312823	0.01145632185	0	0	0	0	0	0	0	0	0	0	0	0	0	0.02701037792	0	0	0	0	0.03773429618	0	0	0	0	0	0	0	0	0	0	0	0	0	0	0	0.04487232701	0	0	0	0	0	0	0	0	0	0	0	0	0	0	0	0	0.0006520920286	0	0	0	0	0	0	0	0	0.0009237604729	0	0	0	0	0	0	0	0	0	0	0	0	0	0	0.02267585727	0
900460_Ca-146-SM_skin_case-lesional	0	0	0	0	0	0	0	0	0	0	0	0	0	0	0	0	0	0	0	0	0	0	0	0.1502342692	0	0	0	0	0	0	0	0	0	0	0	0	0	0	0	0	0	0	0	0	0	0	0	0	0	0	0	0	0	0	0	0	0	0	0	0	0	0	0	0	0	0	0	0	0	0	0	0	0	0	0	0	0	0	0	0	0	0	0	0	0	0	0	0	0	0	0	0	0	0.1074901554	0	0	0	0	0	0	0.04555818827	0	0.1967173872	0	0	0	0	0	0.5
900051_Ca-011-LQ_skin_case-lesional	0	0	0	0	0	0	0	0	0	0	0	0	0	0	0	0	0	0	0	0	0	0	0	0.5346205656	0	0	0	0	0	0	0.005891072483	0.009799804819	0	0	0	0	0	0	0.01974443877	0	0	0	0	0	0	0	0	0	0	0	0	0	0	0	0.02568720755	0	0	0	0	0.03117438558	0	0	0	0	0	0.01641811171	0	0	0	0	0	0	0	0	0	0	0	0	0	0	0	0	0	0	0	0	0	0	0	0	0	0	0.1614403543	0	0	0	0	0	0	0	0.02121149456	0	0.1449447601	0	0	0	0	0.02906780452	0
900226_Ca-103-BT_skin_case-lesional	0	0	0.008106134869	0.004243031237	0.0001508502525	0	0	0.00700942491	0.01077436355	0.02199304208	0	0.008661191405	0	0.01541509974	0.0077305907	0	0.007627186668	0.00262317162	0	0.03302038292	0.01189705123	0	0	0	0.006746337173	4.86E-05	0.007018688557	0.006870755646	0.002427609295	0.002404254341	0	0	0.02714091277	0	0	0.003720022068	0	0.0008270435892	0	0.001726901034	0	0.007750936341	0	0	9.06E-05	0.133371809	0	0.003845122985	0	0.00140338772	0	0.001059006945	0	0.01551143894	0.004679684463	0.007913519793	0	0	0.01045310943	0.004261019087	0.002591558046	0.02009808216	0.007193316962	0	0.02391021464	0	0.002791098223	0	0	0	0	0	0.01517330227	0	0	0	0.02263806752	0	0.008108181795	0	0.007302083585	0.0006188063769	0	0.2978901028	0.005328432835	0.002194243814	0.02569565159	0	0.006099725498	0.008045247131	0.008845443722	0	0	0	0	0.001877912217	0	0	0.01647764919	0.03215604835	0	0	0.0885191371	0	0.00792341445	0	0	0	0
900057_Ca-013-NN_skin_case-lesional	6.64E-07	0	0.05651004516	0	0.05079363127	0	0	9.72E-07	0.05010189436	0.04180538823	0	5.58E-07	0	0.05302834893	0.04537437538	1.29E-06	1.35E-06	1.24E-06	0	3.89E-07	0.02245918099	0	0	0	0	0.06644185678	1.69E-07	8.69E-07	0.05347849549	5.32E-07	0	0	0	0	0.07007998982	0	1.41E-06	0	0	1.89E-06	0.06225245025	0	0	0	0.02563061228	2.15E-06	0	0.06213009728	0	0	0	0.02503769863	0	0.03169120279	1.37E-09	0.03987196981	0	1.24E-06	1.59E-06	9.21E-07	1.14E-06	1.34E-06	1.02E-06	0	1.42E-06	0	0.00445481109	0	0	2.04E-06	1.99E-06	0	0.06594378306	0	0	1.77E-06	1.24E-06	0	1.57E-06	0	0.04663198481	0	0	0	6.00E-07	1.43E-06	0.05753422025	0	1.17E-06	0.007517898809	0.003458724257	0	0	0	0	0.0577352645	0	3.55E-07	2.21E-07	1.55E-06	0	0	0	0	0	0	0	0	0
900229_Ca-104-SB_skin_case-lesional	0	0	0	0.05536984007	0.03541944806	0	0	0.01535695156	0.02038138979	0.004511425503	0	0	0	0.06508672118	0.0006869639135	0.001161029255	0.002691084795	0.007855312506	0	0.003738643901	0.0105426153	0	0	0	0	0.03895501926	0.00274533176	0.01614485609	0.04528738791	0.05313689152	0	0.007205801155	0	0	0	0	0	0	0	0.0443442406	0	0.008542325222	0.05315887413	0.004846593691	0.002653785927	0.007924621317	0	0.03727982544	0	0	0.0001522486382	0	0.00535341883	0.04384527256	0	0	0	0.01231680703	5.03E-05	0.00150150496	0.01210937773	0.005369877559	0	0	0.009599043013	0	0	0	0	0.03751419368	0.01041111785	0	0.006644380277	0	0	0.005141698172	0.007294039895	0	0.02819212752	0	0.05645456223	0.008145602749	0	0	0	0.04317265693	0.0269138521	0.004463231702	0.01354830612	0.01738072241	0.06352267829	0	0	0.01370401329	0	0.001118583317	0	0.003548977653	0	0.01400694358	0	0	0	0.0006215794844	0	0.002875885696	0	0	0
900232_Ca-105-LX_skin_case-lesional	0	0	0.02501464871	0	0.0179236308	0	0.008644100029	0	0.02524980616	0.03882494162	0	0.01872399357	0	0.05806632632	0.01037309729	0	0.000611283061	0.008621019663	0	0.01601619699	0.01798354332	0	0	0	0.002033036353	0.01189421727	0.01138861784	0.0001881367805	0.01162676724	0.001401824867	0.002008404402	0.0008720536247	0	0	0.01888245786	0.02087766183	0	0.01487163723	0	0.01996902402	0	0	0.0199550961	0.005595285969	0	0	0	0.05689789498	0	0	0.003045584575	0.007496696114	0	0.03668837318	0.07926711145	0	0	0.0531520564	0.004234832262	0	0.01867371994	0.02277300304	0	0	0.03289839398	0	0.020062129	0	0	0.003193562443	0	0	0.01706959659	0	0	0.01231278802	0.008275884217	0	0	0	0.07569882689	0.006045440037	0	0	0.01339682508	0.02074247246	0.001432592228	0	0	0.0192372863	0.04693332729	0.01507225404	0	0	0	0.0009709768741	0	0	0.01392283344	0.007603097521	0	0	0	0	0	0.01528563271	0	0	0
900060_Ca-014-LB_skin_case-lesional	8.27E-07	0	0.04307780714	6.71E-08	1.14E-06	0	0	0	0.03718766985	0.02689563126	0	0.01481978835	0	0.02556089944	1.12E-06	1.39E-06	3.09E-07	1.38E-06	0	6.75E-07	0	0	0	0.1844444811	0	0.03790120303	0	6.73E-07	0.03657596349	9.56E-07	0.1655236998	0.1500206442	0	1.07E-06	0	0	2.06E-07	1.22E-06	2.73E-07	5.04E-07	0	1.97E-06	1.24E-06	0	8.46E-07	1.57E-08	0	0.007417817786	0	1.91E-07	0	0.002985721381	1.40E-06	0.01030087444	0	6.75E-07	0	8.32E-07	4.70E-07	3.56E-06	0.03602997406	0.03385032835	8.84E-07	0	0.02894028088	0	8.58E-07	0	0	0	3.06E-08	0	0.0006730423692	0	0	2.01E-07	0.04369322572	0	5.59E-07	0	0.02381514888	0	5.34E-07	0	0	0	0.02282651807	0	0.02081990744	0	1.81E-07	0	7.19E-07	0	0	1.11E-06	0	1.17E-07	0.04660520129	6.00E-07	0	0	2.75E-06	0	4.60E-07	0	0	2.18E-06	0
900235_Ca-106-NM_skin_case-lesional	5.47E-07	0	0	8.56E-07	0.01658540567	3.81E-07	0	0	1.19E-06	0.03241583586	4.70E-06	0.007628349135	0	0.01186115241	0.02899725526	0	4.32E-07	0	1.04E-06	7.24E-07	0.03541193015	0	0	0.4999263857	0	0	7.31E-07	0.01418970565	0.01370836607	0.01950322285	2.30E-07	0	0	5.14E-07	0	3.91E-07	0	0	9.79E-07	2.64E-08	0	0.01254745175	0	0	0.01013607251	0	0	0.03729286889	0	0	0.03859115548	0.01157085723	6.89E-05	0.024760513	0.007447149313	0	0	6.33E-07	0	0	7.46E-07	0.009058653709	9.25E-07	0	3.35E-08	0	0	0	0	0.01589609714	0	0	0.02584461654	0	0	0	0.0263311434	0	0.01061020872	0	8.76E-07	3.09E-07	0	0	8.50E-07	0.004671815021	0.02458922718	0	0.007263324852	9.03E-07	0.03379274101	0	0	0	0	5.32E-07	6.22E-07	0	0.01927927936	0	0	0	0	0	7.55E-07	3.79E-07	0	0	0
900063_Ca-015-AM_skin_case-lesional	0	0	0	0	0	0	0	0.09314385349	0	0	0	0	0	0	0	0	0	0	0	0	0	0	0	0.7205955021	0	0	0	0	0	0	0	0	0	0	0	0	0	0	0	0	0	0	0	0	0	0	0	0	0	0	0	0	0	0	0	0	0	0	0	0	0	0	0	0	0	0	0	0	0	0	0	0	0	0	0	0	0	0	0	0	0	0	0	0	0	0	0	0	0	0	0	0	0	0	0	0	0	0	0	0	0.07069812443	0	0	0	0	0	0	0.1155625199	0
900238_Ca-107-BM_skin_case-lesional	0	0	0	0.02698047541	0	0	0.1009882652	0.008243158118	0	0	0	0	0	0	0	0	0	0	0	0	0	0	0	0.2489030675	0	0	0.002402830466	0.0381478927	0	0	0.03614097679	0.006546354665	0	0	0	0	0	0	0	0.04717140407	0	0	0	0	0	0	0	0	0	0	0	0.02903108553	0	0	0	0	0	0	0	0	0.006088163181	0	0	0	0.02482438556	0	0	0	0	0	0	0	0	0	0	0	0	0	0.01154975212	0	0	0.01407595623	0	0	0	0	0	0	0	0	0	0	0	0.1791190456	0	0	0	0	0	0.1167151466	0.03119465651	0	0.01139025113	0	0.02199869563	0	0	0.0384884371	0
900066_Ca-016-YT_skin_case-lesional	0	0	0	0	0	0	0	0	0	0	0	0	0	0	0	0	0	0	0	0	0	0	0	0.04546772824	0	0	0	0	0	0	0.18830619	0	0	0	0	0	0	0	0	0	0	0	0	0	0	0	0	0	0	0	0	0	0	0	0	0	0	0	0	0	0	0	0	0	0	0	0	0	0	0	0	0	0	0	0	0	0	0	0	0	0	0	0	0.1112226685	0	0	0	0	0	0	0	0	0	0.1171127914	0	0	0	0	0	0	0.1748062116	0	0.2669594753	0	0.096124935	0	0	0	0
900255_Ca-108-EJ_skin_case-lesional	0	0	0	0	0	0	0	0	0	0	0	0	0	0	0	0	0.1147636845	0	0	0	0	0	0	0.09177151099	0	0	0.01354936352	0.02266329182	0	0	0.09243797073	0.01315710608	0	0	0	0	0.005276187021	0	0	0.01699149651	0.01514291725	0.01291242037	0	0	0.03638091096	0	0	0	0	0	0	0	0.03988453203	0	0	0	0	0	0.00897399643	0	0.03789278799	0	0	0	0.0392395146	0.0235941462	0	0	0	0	0	0	0	0	0	0	0	0	0	0	0.01275314841	0.0002280133151	0	0	0	0	0	0	0.04434689118	0	0.02308041584	0	0	0.03075742786	0	0.01200589437	0	0	0	0	0	0	0.2907672542	0	0	0	0	0.00142911786	0
900070_Ca-017-OM_skin_case-lesional	0	0	0.003929587838	0.0001159581844	0.007732282424	0	0	0	0.0210525967	0.001945185871	0	0	0.0002680460017	0.0190778321	0.004352472296	0	0	0.001334147683	0.001356712623	0.02747484458	0.00424272461	0	0.006601151443	0	0.02625917621	0.004833329504	0.004312651153	0	0.02002781461	0.0085120662	0	0	0	0	0	0.01537171537	0	0	0	0.003272775481	2.00E-05	0.004813199142	0.02690860419	0	0	0.1655360076	0	0.001602520196	0	0	0.2769398966	0.01376103321	0	0.004322045569	0.004392046389	0.001929825695	0	0.00152875848	0	0.02266166782	0.004905820682	0.02310269119	0	0	0.02670474985	0	0.007366955496	0	0	0.003022520286	0.0019628313	0	0.005726815161	0	0	0.001498815463	0.01609136583	0	0.003963197467	0	0	0	0	0	0.001098106749	0.02788473505	0.006912872495	0	0.002432532461	0.006994197157	0.02166130282	0	0.1078968882	0	0	0.006513825653	0.003147336308	0.006229641434	0.008394088125	0	0	0	0	0	0	0	0	0	0
900476_Ca-151-QR_skin_case-lesional	0	0	0	0	0	0	0	0	0	0	0	0	0	0	0	0	0	0	0	0	0	0	0	0	0	0	0	0	0	0	0	0	0	0	0	0	0	0	0	0	0	0	0	0	0	0.2105540424	0	0	0	0	0	0	0	0	0	0	0	0	0	0	0	0	0	0	0	0	0	0	0	0	0	0	0	0	0	0	0	0	0	0	0	0	0	0.2894459576	0	0	0	0	0	0	0	0	0	0	0	0	0	0	0	0	0	0	0	0	0.5	0	0	0	0
900482_Ca-153-MN_skin_case-lesional	0	0	0	0.00484821322	0.0204721392	0.002783416918	0	0.004449449391	0.02273889781	0.00815110934	0.0002579597274	0.01139904597	0.003750687741	0.003306910246	0.001177975918	0.00275688847	0.01028952251	0	0.187948634	0.005096818595	0.003160537785	0	0	0	0.001420279365	0.01994845932	0	0.002844781057	0.002778975821	0.01412342179	0	0	0	0	0	0.003090250443	0	0	0.455530873	0.00544836276	0	0.00200068197	0	0.002116884103	0	0	0	0.003368174407	0	0	0.00456532772	0.02098476351	0.01629940565	0.01843600648	0.01766770211	0.002828475332	0	0.006903512746	0.003506229494	0.004285723396	0.009608105186	0.004710320312	0.004841426307	0	0.002803374964	0	0.005588859413	0	0	0.005244516302	0	0	0.005154151408	0	0	0	0.01136655002	0	0.003386252746	0	0.006714990233	0.002462292149	0	0	0	0.01435072681	0.002385925388	0.00285375997	0.002918692818	0	0.00338460574	0	0	0	0.00447791823	0.0002855066379	0	0.002886352015	0.003548042894	0.0002911331001	0	0	0	0	0	0	0	0	0
900073_Ca-018-AS_skin_case-lesional	0	0	0.01077006197	0.00312111799	0	0.01665344571	0.003871062709	0.005668512874	0.04763375927	0.0498223068	0	0.01375858877	0	0.0278617088	0.02589202351	0	0.001099697504	0.0130281572	0.008634437193	0	0.009825326795	0	0	0	0.004404660576	0.003148977562	0	0.0140418063	0.05399910706	0.04160861861	0	0	0	0	0.01926371533	0.01889828575	0.0008543215782	0	0.01980213385	0.01577833566	0	0.009495764052	0.01188908805	0.003350428153	0	0.04890613612	0	0.006416335632	0	0	0	0.0004302768111	0	0.02316230056	0	0.007959408833	0	0.04457437095	0.006755324662	0	0.01133556872	0.002956259079	0.003643878287	0	0.01763193302	0	0	0	0	0.01546055933	0.03634191111	0	0.01606715937	0	0	0.05955648115	0.01094021169	0	0.01316791278	0	0.007308274468	0	0	0	0.05342959756	0	0.01753487751	0.004037099847	0.01264795758	0.04349035466	0.004220545464	0	0	0	0	0.0524627687	0	0	0	0.02538704649	0	0	0	0	0	0	0	0	0
900087_Ca-019-EC_skin_case-lesional	0	0	0	0	0	0	0	0	0	0	0	0	0	0	0	0	0	0	0	0	0	0	0	0.2073112357	0	0	0	0	0	0	0.04626280558	0.2104812485	0	0	0	0	0	0.04360841137	0	0	0	0	0	0	0	0.02804455371	0	0	0	0	0	0	0	0	0	0	0	0	0	0	0	0	0	0	0	0	0.02122772202	0	0	0	0	0	0	0	0	0	0	0	0	0	0	0	0	0	0.0644470748	0	0.02109753333	0.04235984398	0	0	0	0	0	0	0	0	0	0	0	0	0.06864991284	0	0.06759195782	0	0	0	0	0.1789177004	0
900261_Ca-110-LN_skin_case-lesional	0	0	0	0	0	0	7.55E-05	0	0.004757340057	0.006398496556	0	0.002347955932	0	0.004815731935	0	0.0004701161927	0.007231491186	0.005653768508	0	0.01998119354	0.09380032978	0	0	0	0.001900745821	0.007762606672	0.001588852131	0.04030738585	0.007647619258	0.0285586087	0.01061194918	0.005264672318	0	0.2875093563	0.007044094183	0	0	0.0007201282413	0.008299396302	0.03002568319	0	0	0	0.009454834353	0	0.002089499975	0	0.03041580725	0.0589736045	0	0	0.00599157022	0.00685723694	0.03439351559	0.05971670939	0.005942026718	0	0.02768633366	0.0005757072387	0	0.005077618794	0.01360185857	0	0	0.00265579306	0	0.002711463115	0	0	0	0.008531769636	0	0.01814129907	0	0	0	0.03811367672	0	0.006107295531	0	0	0	0	0	0.02306081437	0	0.007818310781	0	0.002685710067	0.00655814526	0.001062265146	0	0	0.003368630569	0	0.0002354944024	0	0	0.02728702824	0.008112991323	0	0	0	0	0	0	0	0	0
900081_Ca-020-AZ_skin_case-lesional	7.36E-07	0	0.02347559432	6.19E-07	0.02923165822	2.48E-07	5.99E-07	0	0.0343472277	0.006698125373	0	9.44E-07	0	0.02950693002	8.63E-07	0	0	7.98E-07	0	0	0.01499441507	0	0	0	0	1.14E-06	0	0.03679396901	0.03668632138	3.93E-07	1.04E-06	8.86E-07	0	0	5.45E-07	1.07E-06	3.01E-08	5.54E-07	0	8.20E-07	0	7.95E-07	0	0	0	0	0	0.003791214281	0	0	0	0.01564035067	0.02104195301	0.0293710941	0	1.14E-06	0	0.04163171956	0.01999125921	0	8.86E-07	0.03364053395	1.22E-06	0	0.004064331127	0	0.01513672882	0	0	0	9.30E-07	0	1.15E-06	0	0	0	0.03614581003	0	0.01007547454	0	6.67E-07	9.46E-07	0	0	3.64E-07	5.27E-07	0.005165942673	0	3.07E-07	0.01123667919	7.45E-07	0	0	0	0	5.96E-08	0	0	0.04131046412	1.09E-06	9.04E-08	0	0	0	0	0	0	0	0.5
900276_Ca-111-IN_skin_case-lesional	0	0	0	0	0	0	0	0	0	0	0	0	0	0	0	0	0	0	0	0	0	0	0	0	0	0	0	0	0	0	0	0	0	0	0	0	0	0	0	0	0	0	0	0	0	0	0	0	0	0	0	0	0	0	0	0	0	0	0	0.3072627338	0	0	0	0	0	0	0	0	0	0	0	0	0	0	0	0	0	0	0	0	0	0	0	0.1927372662	0	0	0	0	0	0	0	0	0	0	0	0	0	0	0	0	0	0	0	0	0	0	0	0	0.5
900084_Ca-021-IM_skin_case-lesional	0	0	0	0	0	0	0	0	0	0	0	0	0	0	0	0	0	0	0	0	0	0	0	0.2268802449	0	0	0	0	0	0	0.01331237049	0.06995282245	0	0	0	0	0	0	0	0	0	0	0	0	0	0	0	0	0	0	0.07653251167	0	0	0	0	0	0	0	0	0	0	0	0	0	0	0	0	0	0	0	0	0	0	0	0.03601727323	0	0	0	0	0	0	0	0	0.04082653898	0	0	0	0	0	0	0	0	0	0.04112509094	0	0	0	0	0	0.07313949756	0.04712784191	0	0.2938148337	0	0.03292635529	0	0	0.04834461885	0
900299_Ca-112-AM_skin_case-lesional	9.07E-07	0	0	0.0121374691	2.07E-06	4.34E-06	0	0	0.02429900754	0.03049678379	0	3.90E-06	0	5.37E-07	1.33E-06	0	0.02789414859	0	0	0.02894081088	0.03193308566	0	0	0	1.11E-06	0.005777112688	0	0.01790528684	0.002948853404	0.02365182925	0	1.96E-06	0	0	0	0.003079352024	1.38E-06	0	2.71E-06	0.02537902533	0	0.01937201756	3.77E-06	0.02046850393	0.03481333957	6.65E-07	0	0.03342178453	0	0	0	0.004491383387	0.03627598536	0.006775659319	0.01240327724	2.31E-06	0	3.55E-06	0	0	0.01001065561	0.03240295337	0.008311750905	0	3.82E-06	0	0	0	0	3.35E-06	0	0	0	0	0	2.38E-06	4.57E-06	0	0.02494486458	0	0.00119858138	0	4.19E-06	0	4.41E-07	4.32E-06	1.96E-06	0	0.003359244327	3.26E-06	0.01724021535	0	0	0	0	0	1.97E-06	0	3.98E-06	2.23E-06	0	0	0	0	0	0	0	0	0.5
900258_Ca-109-BJ_skin_case-lesional	0	0.005445746809	0.0008516318333	0.006203328279	0	0	0	0.007533452276	0.005880876085	0.02237262317	0	0	0.001686179723	0.01080801412	0.0230414907	0	0.01736036769	0.0002594555788	0	0.01575754778	0.03154318768	0	0	0.1728217008	0	0.003584912031	0.0003530164218	0	0.007053860466	0.03143750233	0.1455145423	0.006351657686	0	0	0.006798925917	0.01809155342	0	0.0006656309975	0	0.02745743567	0	0.001536418077	0	0	0.002548134142	0.02885066445	0	0.00232872811	0	0	0	0.003820351433	0.09778161534	0.003831905911	0.003091962168	0.003795365117	0	0.0001280225226	0.001299281879	0.001400112709	0.006205920734	0.02707565917	0	0	0.006036524904	0	0.03733958464	0.0007199568342	0	0.01079444644	0.007711079557	0	0.007954751749	0	0	0.006469685859	0.0006487234425	0	0.007720149656	0	0.007773711725	4.40E-06	0.005945191824	0.02510380704	0.001780899442	0.001866568909	0.01507705211	0	0	0	0.00155262823	0	0.0193729011	0	0	0.002557168417	0	0.005766459056	0.01387181047	0.007773618541	0.03390089121	0	0.01401581539	0	0.005673387854	0	0	0	0
900293_Ca-113-MN_skin_case-lesional	0.1363511001	0	5.22E-08	4.00E-07	2.33E-07	0	0	5.43E-08	0.05277247755	0.0324299256	0	0	0	0.01997636391	1.43E-07	3.23E-07	2.81E-07	0.01697473922	0	1.22E-08	1.62E-07	0	0	0	0	1.25E-07	0	1.28E-07	0.04718256988	0.02432707591	0	4.07E-07	0	0	0	0.0190090355	0	0	0.008923842641	0	0	1.62E-07	3.49E-07	0	9.98E-08	3.30E-07	0	0.009919592865	0	0	4.02E-07	1.79E-07	0	0.02363879865	0.02308620693	0	0	0.01789705384	0	0	1.62E-07	0	0.3479103323	0	0.02545471379	0	0.04464356213	0	0	9.36E-08	4.36E-07	0	0.02976979417	0	0	1.75E-09	0.0006256672474	0	3.02E-07	0	0.05119947424	1.33E-07	0	0	4.60E-07	0	0.02552105956	0	7.61E-08	0	0	0	0	0	0	0.02664200543	0	0	0	0	4.02E-07	0	0	1.34E-07	0	0.01573856752	0	0	0
900078_Ca-022-MS_skin_case-lesional	0	0	0	0	0	0	0	0.02643802322	0	0	0.0385333821	0	0	0	0	0	0	0	0	0	0	0	0	0.3191115397	0	0	0	0	0	0	0.006279671878	0.009640417971	0	0	0	0	0	0	0	0	0	0	0	0	0	0.00587735086	0	0	0	0.01130917091	0.01533969708	0	0.04943323509	0	0	0	0	0	0	0	0	0	0	0	0	0	0.06466358471	0.04594163582	0	0	0	0	0	0	0	0	0	0	0	0	0	0	0	0.01272251586	0.04635112881	0	0.01488783346	0	0	0	0	0	0.04711999941	0	0	0	0	0	0	0	0.000605596362	0	0.174425352	0	0.05483163676	0	0	0.05648822797	0
900297_Ca-114-QT_skin_case-lesional	0	0	0	0	0	0	0	0	0	0	0	0	0	0	0	0	0	0	0	0	0	0	0	0	0	0	0	0	0	0	0	0	0	0	0	0	0.2368471314	0	0	0	0	0	0	0	0	0	0	0	0	0	0	0	0	0	0	0	0	0	0	0	0	0	0	0	0	0	0	0	0	0	0	0	0	0	0	0	0	0	0	0	0	0	0	0	0	0	0	0	0	0	0	0	0	0	0	0	0	0	0	0	0.2603281823	0	0	0	0	0	0	0.5028246863	0
900090_Ca-023-EJ_skin_case-lesional	0	0	0	0	0	0	0	0	0	0	0	0	0	0	0	0	0	0	0	0	0	0	0	0	0	0	0	0	0	0	0	0	0	0	0	0	0	0	0	0	0	0	0	0	0	0	0	0	0	0	0	0	0	0	0	0	0	0	0	0	0	0	0	0	0	0	0	0	0	0	0	0	0	0	0	0	0	0	0	0	0	0	0	0	0	0	0	0	0	0	0	0	0	0	0	0	0	0	0	0	0	0	0	0	0	0	0	0	1
900302_Ca-115-OM_skin_case-lesional	5.96E-07	5.96E-07	5.73E-07	5.48E-07	0.03827936137	0	0	0	0.02335341109	0.0232848186	0	0.04407266023	0	0.0437894987	5.52E-07	0	6.33E-07	0	0	2.62E-07	6.70E-07	0	0	0	0	0.0102188062	0	0.008698105862	0.02082202747	0.03512393194	0	0	0	0	0	0	2.22E-07	0	4.95E-07	3.95E-07	4.94E-07	0.04165171118	3.88E-07	0	0.008786373505	0	0	0	0	0	0	0	0	0.0197189723	0.01127710507	0	0	0.01898264595	0	0	0.004004058926	0.03014885344	0	0	0.03279583419	0	3.93E-07	0	0	0.02356068522	0	0	0.02716382375	8.08E-08	0	0.01937172766	2.49E-07	0	0	0	2.95E-07	0	0	0	0	4.09E-07	4.91E-07	2.81E-07	5.74E-07	0	0.01488547293	0	0	0	0	0	0	0	5.03E-07	4.12E-07	0	0	0	0	0	0	0	0	0.5
900093_Ca-024-ZM_skin_case-lesional	0	0	0	0	0	0	0	0	0	0	0	0	0	0	0	0	0	0	0	0	0	0	0	0	0	0	0	0	0	0	0	0	0	0	0	0	0	0	0	0	0.6869146457	0	0	0	0	0	0	0	0	0	0	0	0	0	0	0	0	0	0	0.3130853543	0	0	0	0	0	0	0	0	0	0	0	0	0	0	0	0	0	0	0	0	0	0	0	0	0	0	0	0	0	0	0	0	0	0	0	0	0	0	0	0	0	0	0	0	0	0	0	0	0
900305_Ca-116-AN_skin_case-lesional	0	0	0	0	0	0	0	0	0	0	0	0	0	0	0	0	0	0	0	0	0	0	0	0.0250819532	0	0	0	0	0	0	0.04762546408	0.033475208	0	0	0	0	0	0	0	0	0	0	0	0	0	0	0	0	0	0	0	0	0.006348271037	0	0	0	0	0	0	0.5	0.04791233336	0	0	0	0	0	0	0	0	0	0	0	0	0	0	0	0	0	0	0	0	0.01394659498	0	0	0	0	0.02109060093	0	0	0	0	0	0.0492166166	0.03934765926	0	0	0	0	0	0	0.1254835346	0	0.04616506214	0	0.04430670184	0	0	0	0
900096_Ca-025-AC_skin_case-lesional	0	0	0.05183576456	0	0	0	0.06560847818	0	0	0	0	0	0	0	0	0	0	0	0	0	0	0	0	0	0	0	0	0	0	0	0	0	0	0	0	0	0	0	0	0	0.4901939989	0	0	0	0	0	0	0	0	0	0	0	0	0	0	0	0	0	0	0	0	0	0	0	0	0	0	0	0	0	0	0	0	0	0	0	0	0	0	0	0	0	0	0	0	0	0	0	0	0	0	0	0.009806001087	0	0	0	0	0	0	0	0.3825557573	0	0	0	0	0	0	0	0
900485_Ca-154-OS_skin_case-lesional	0	0	0.01053055671	0	0.00981497141	0.01417914125	0.001731357776	0	0.02281050608	0.004235283675	0.004815743302	0.003608257021	0.03570942806	0.03555815796	0.001918136865	0.004659578434	0.004466288392	0.005979108775	0.0005108029459	0.002259607275	0.001605527182	0	0	0	0.006051330875	0.02089706236	0.00409881875	0.002566863124	0.03523388441	0.00568758265	0	0	0	0.006036494591	0.02491396827	0.02053541435	0	0	0	0.01852573674	0.02398363343	0.000242432946	0.002911924965	0.003388492116	0.004427092123	0.007353622729	0.0491503557	0.002496853151	0.008403283791	0.02646016744	0	0.01840511933	0.007306135802	0.007224790226	0.03504690748	0.003400867129	0.005148599645	0.02323206022	0.00471366107	0	0.007338912098	0.01625276549	0.008798901331	0.001133304011	0.024443811	0.01958301103	0.001212240678	0.03717079735	0.01298334236	0.008329610321	0.001043690752	0.03398937267	0.01929577539	0	0	0.04639932436	0.01918255812	0	0.001452071191	0.03133995313	0.001227808022	0.008946982195	0	0	0.0009327072703	0.009360206818	0.02635079032	0.0075433461	0	0	0.008221236531	0	0	0.001922613057	0	0.001730829567	0.0431224075	0.005808815601	0.001632797876	0.00218055705	0	0.01184490503	0	0.0003143314411	0	0.02528781856	0.01138679729	0	0
900224_Ca-102-IR_skin_case-lesional	9.79E-07	0	1.25E-06	0	0	0	0	0	3.61E-06	0.02815722185	0	7.01E-06	0	0.2013367857	4.71E-06	4.41E-06	0	1.19E-06	6.25E-06	1.31E-07	1.46E-06	0	0	0	0	0.0240036968	0	0.01222302267	0.0971420952	0.1833137377	0	3.07E-06	0	0	0	3.44E-07	1.08E-06	0	0	1.07E-06	0	2.06E-06	0	1.50E-06	2.41E-06	0	0	0.05856718918	0	0	3.02E-06	0	4.42E-06	0.04451495836	0	0	0	0.04827787918	4.24E-06	0	5.52E-06	0.03073842876	5.08E-06	0	4.97E-06	0	7.73E-07	0	0	3.78E-06	4.06E-06	0	1.63E-06	0	0	0	0	0	0	0	0	2.74E-06	0	0	6.74E-06	5.03E-06	0.1175474224	1.46E-06	0.06540726748	0	0.08866129968	0	0	4.35E-06	5.91E-06	0	0	0	0	1.54E-07	0	0	0	2.62E-06	0	0	0	0	0
900308_Ca-117-SM_skin_case-lesional	0	0	0	0	0	0	0	0	0	0	0	0	0	0	0	0	0	0	0	0	0	0	0	0.4927771339	0	0	0	0	0	0	0.07628328214	0.08053262817	0	0	0	0	0	0	0	0	0	0.09945388164	0	0	0	0	0	0	0	0	0	0	0	0	0	0	0	0	0	0	0	0	0	0	0	0	0	0	0	0	0	0	0	0	0	0	0	0	0	0	0	0	0	0	0	0	0.06090609663	0	0	0	0	0	0	0	0	0	0	0	0	0	0	0	0.05192003952	0	0.1209989568	0	0	0.0171279812	0
900099_Ca-026-KM_skin_case-lesional	0	0	0	0	0	0	0	0	0	0	0	0	0	0	0	0	0	0	0	0	0	0	0	0	0	0	0	0	0	0	0	0	0	0	0	0	0	0	0	0	0	0	0	0	0	0	0	0	0	0	0	0	0	0	0	0	0	0	0	0	0	0	0	0	0	0	0	0	0	0	0	0	0	0	0	0	0	0	0	0	0	0	0	0	0	0	0	0	0	0	0	0	0	0	0	0	0	0	0	0	0	0	0	0	0	0	0	0	1
900331_Ca-118-AS_skin_case-lesional	0	0.1879646177	0	0	0	0	0	0	0	0	0	0	0	0	0	0	0	0	0	0	0	0	0	0	0	0	0	0	0	0	0	0	0	0	0	0	0	0	0	0	0	0	0	0	0	0	0	0	0	0	0.1480836004	0	0	0	0	0	0	0	0	0.08302508183	0	0	0	0	0	0	0	0	0	0	0	0	0	0	0	0	0	0.08092670003	0	0	0	0	0	0	0	0	0	0	0	0	0	0	0	0	0	0	0	0	0	0	0	0	0	0	0	0	0	0	0.5
900102_Ca-027-IM_skin_case-lesional	0	0	0	0	0	0	0	0	0	0	0	0	0	0	0	0	0	0	0	0	0	0	0	0.02273883453	0	0	0	0	0	0	0.2680627567	0.003865650133	0	0	0	0	0	0	0	0	0	0	0	0	0	0	0	0	0	0	0	0	0	0	0	0	0	0	0	0	0	0	0	0	0	0.01511118687	0	0.05860403507	0	0	0	0	0	0	0	0	0	0	0	0	0	0	0	0.0270008631	0	0	0.1099484345	0	0	0	0	0	0.06375333209	0.04965559626	0	0	0	0	0	0	0.02572243877	0	0.2708900105	0	0	0	0	0.08464686145	0
900328b_Ca-119-AM_skin_case-lesional	0	0	0	0	0	0	0	0	0	0	0	0	0	0	0	0	0	0	0	0	0	0	0	0.03081631042	0	0	0	0	0	0	0.1524954194	0	0	0	0	0	0.02057938323	0	0	0	0	0	0	0	0	0.02159270272	0	0	0	0	0.007884145935	0	0	0	0	0	0	0	0	0	0	0	0	0	0	0	0	0.01626210304	0	0	0	0	0	0	0	0	0	0	0	0	0	0.008029870182	0	0	0.01639342346	0	0	0	0	0	0	0	0.1736800258	0	0	0	0	0	0	0	0.1686367391	0	0.2056614091	0	0	0	0	0.1779684676	0
9000107_Ca-029-TD_skin_case-lesional	0	0	0	0	0	0	0	0	0	0	0	0	0	0	0	0	0	0	0	0	0	0	0	0.03407364969	0	0	0	0	0	0	0.07017561091	0.08483066884	0	0	0	0	0	0	0.1053069424	0	0	0	0	0	0	0.1011640178	0	0	0	0	0	0	0	0	0	0	0	0	0	0	0	0	0	0	0	0	0	0.08104687723	0	0	0	0	0	0	0	0	0	0	0	0	0	0.1208221347	0.02574379018	0	0	0	0	0	0	0	0	0	0	0	0	0	0	0	0	0.1025447903	0.0794492024	0	0	0.01097761826	0.01841601443	0	0	0.1654486829	0
900337_Ca-120-ST_skin_case-lesional	0	0	0.0004149654529	0.005845814207	0.004012285666	0	0	0.01484790656	0.09453077729	0.005620441846	0	0.005919223084	0.004769469516	0.00413051925	0.01971412615	0	0.059825211	0.02122535634	0.00756407773	0.01950948214	0.004762036711	0	0	0	0.005559904918	0.005648448267	0.001292837606	0.02395589169	0.01987121889	0.004971836663	0	0.000672733228	0	0	0.004580501021	0.003710325966	0	0.001107630925	0	0.105963605	0	0.02314073842	0.005189505204	0	0.01167134254	0	0	0.005034314095	0	0	0	0.003706374732	1.25E-05	0.01682279006	0.001546495106	0.02739615593	0	0.001847811978	0	0.004003107959	0.02715733394	0.004864742897	0	0	0.0811020842	0	0.004726033979	0	0	0.0176202732	0.001501331077	0	0.003371377668	0	0	0	0	0	0.0009551552969	0	0.06344838579	0.00346000904	0	0	0	0.0178151211	0.005258572948	0	0.01919379709	0.06853653886	0.008493090053	0	0	0.03537370146	0	0.06903838987	0.004396538719	0.005764664317	0.001762145238	0.005762900106	0	0	0	0	0	0	0	0	0
900110_Ca-030-LM_skin_case-lesional	0	0	0	0	0	0	0	0	0	0	0	0	0	0	0	0	0	0	0	0	0	0	0	0	0	0	0	0	0	0	0	0	0	0	0	0	0	0	0	0	0	0	0	0	0	0.04495840239	0	0	0	0	0	0	0	0	0	0	0	0	0	0.09471272691	0	0	0	0	0	0	0	0	0	0	0	0	0	0	0	0	0	0.1202881465	0	0	0	0	0	0.2814937114	0	0	0	0	0	0	0	0	0	0	0	0	0	0	0	0	0.4585470128	0	0	0	0	0	0	0	0
900113_Ca-031-AN_skin_case-lesional	0	0	0	0	0	0	0	0	0	0	0	0	0	0	0	0	0	0	0	0	0	0	0	0	0	0	0	0	0	0	0	0.2983119368	0	0	0	0	0	0	0	0	0	0	0	0	0	0	0	0	0	0	0	0	0	0	0	0	0	0	0	0.7016880632	0	0	0	0	0	0	0	0	0	0	0	0	0	0	0	0	0	0	0	0	0	0	0	0	0	0	0	0	0	0	0	0	0	0	0	0	0	0	0	0	0	0	0	0	0	0	0	0	0
900334_Ca-121-BT_skin_case-lesional	0.2114176497	0	3.37E-07	0	0	0	4.29E-07	0	0	0	0	0	0	0	0	0	0	0	0	0	0	0	0.1949054403	0	0	0	0	0	0	0	0	0	0	0	0	0	0	0	2.04E-07	0	0	5.95E-07	0.1299816423	0	0	0	0	0	2.42E-07	0	0	0	0.2013208016	0	0	4.46E-07	0	0	0	0	0	0	0	0	0	5.14E-07	0	0	0	0	0	0	0	0.1420268911	0	0	0	0	0	0	0	0	0.1203446381	0	0	0	0	0	0	0	0	1.10E-07	0	0	0	0	0	0	0	0	0	2.94E-08	0	0	0	3.01E-08	0	0	0
900116_Ca-032-LN_skin_case-lesional	9.07E-07	2.11E-07	1.32E-06	0	8.55E-07	9.44E-07	0	1.65E-05	0.02560737904	0.02119040397	0	0.0002652040194	1.61E-06	0.01530732806	0	2.39E-06	2.24E-06	0	0	0.02318599422	0.02529857071	0	1.53E-05	1.47E-05	6.36E-07	1.77E-06	0	5.95E-07	0.03182236854	0.02478913911	0.0658896363	2.11E-05	0	0	1.11E-07	0	2.31E-06	0	0	8.01E-08	0	1.62E-06	0	1.69E-06	2.39E-06	0	0	0.006298182553	0	0	6.44E-06	2.22E-06	9.72E-07	0.03823553911	0	1.89E-06	0	0.02616976571	6.08E-07	0	1.98E-06	0	1.56E-06	0	0.03813784656	2.24E-05	0.03058088795	0.05334219473	0	0	2.22E-06	0	0.004956329784	0	0	1.65E-06	1.84E-06	0	1.95E-06	0	1.72E-06	1.06E-05	1.72E-06	1.64E-05	0.1270777957	0	0.06023404851	0	1.60E-07	6.24E-07	0.01940329314	0	9.21E-06	7.98E-07	0	0	1.21E-06	0	0	0	0	0	0.2776811463	0	0.08432999299	0	0	1.94E-05	0
900340_Ca-122-UK_skin_case-lesional	0	0	0	0.05141359364	0	0	0	0.04070473024	0	0	0	0.05335833374	0	0	0.02500402604	0	0	0.06016215158	0	0	0	0	0	0	0.008850737577	0	0	0.2376648189	0	0	0	0	0	0	0	0	0	0	0	0.06191487497	0	0	0	0	0.04799829936	0	0	0	0	0	0	0	0.02590448904	0	0	0.03802642519	0	0	0	0	0.02932496645	0	0	0	0.01457959507	0	0	0	0	0	0	0	0	0	0	0	0	0	0.002463121022	0	0	0	0	0	0	0.04109836529	0	0	0.06102318872	0	0	0	0	0	0	0.2005082832	0	0	0	0	0	0	0	0	0	0	0	0	0
900119_Ca-033-UD_skin_case-lesional	6.76E-07	0	0	9.08E-07	1.31E-06	0	1.14E-06	0	5.06E-07	1.08E-07	0	1.36E-06	0	0.004808154437	0	5.61E-07	2.90E-07	0.01091813035	0	7.77E-07	0	0	0	0	1.09E-06	9.44E-07	0	7.46E-07	0.006658413242	0.005894908129	6.18E-07	0.003848711641	0	0	0	1.48E-06	1.13E-06	1.35E-06	0	0.003052667798	0	1.30E-06	0	0	2.62E-08	0	0	6.39E-07	0	0	0	0.009609879709	1.17E-06	0.01043168719	0.006875289994	0.01206436979	0	0.01064437999	0.002076900266	0.8640477469	1.03E-06	8.98E-07	9.35E-07	0	0.005400420177	0	0.01204217563	0	0	3.67E-07	8.62E-07	0	8.86E-07	0	0	0	0.007849727036	0	1.06E-06	0	0	0	0	0.0004001947862	0.002693320676	0	7.17E-07	0	0.002213718561	0	0.01024829359	0	0	0	0	0.008169746232	0	1.52E-06	0	1.44E-06	0	0	2.33E-05	0	0	0	0	0	0
900122_Ca-034-LS_skin_case-lesional	0	0	0	0	0	0	0	0	0	0	0	0	0	0	0	0	0	0	0	0	0	0	0	0.1600313108	0	0	0	0	0	0	0.06418357488	0.3611102905	0	0	0	0	0	0	0	0	0.09419350797	0	0	0	0	0	0	0	0	0	0.0986513458	0	0	0	0	0	0	0	0	0.04347710761	0	0	0	0	0	0	0	0	0	0	0.03193867972	0	0	0	0	0	0	0	0	0	0	0	0	0	0	0	0	0	0	0	0	0	0	0	0	0	0	0	0	0	0.0001495631379	0	0.06997980039	0	0.07628481912	0	0	0	0
900129_Ca-035-AR_skin_case-lesional	0	0	0	0	0	0	0	0	0	0	0	0	0	0	0	0	0	0	0	0	0	0	0	0.008951145367	0	0	0	0	0	0	0	0.2868131568	0	0	0	0	0	0	0	0	0	0	0	0	0	0.05369342398	0	0	0	0	0.1162359337	0	0	0	0	0	0	0	0	0.04260613709	0	0	0	0	0	0.09401686889	0	0.06623618767	0	0	0	0	0	0	0	0	0	0	0	0	0	0	0	0.04685175025	0	0	0	0	0	0	0	0	0.02577034759	0	0	0	0	0	0	0	0.1016169402	0	0.1135024925	0	0.04370561598	0	0	0	0
900132_Ca-036-TK_skin_case-lesional	0	0	0	0	0	0	0	0	0	0	0	0	0	0	0	0	0	0	0	0	0	0	0	0.04467405496	0	0	0	0	0	0	0.008293105943	0.02041514062	0	0	0	0	0	0	0	0	0	0	0	0	0	0.02265648825	0	0	0	0	0.009234718012	0	0	0	0	0	0	0	0	0.09818142239	0	0	0	0	0	0	0	0.04637060671	0	0	0	0	0	0	0	0	0	0	0	0	0	0.03365290772	0	0.01475086708	0	0	0	0	0	0	0	0	0	0.0427773426	0	0	0	0	0	0	0.3475732323	0	0.1125623909	0	0.07254477851	0	0	0.126312944	0
900405_Ca-127-OM_skin_case-lesional	0	0	0	0	0.00483167287	0	0.001178035656	0	0.01200860798	0.05914036376	0	0.01368112228	0	0.002895047551	0.0006966033002	0	0	0	0	0.01851004284	0	0	0.01663411914	0	0.0023445705	0.008277725628	0	0	0.01773934274	0.02916585478	0	0	0	0	0	0.0004445747248	0	0.004378399603	0.008060509802	0.01542025945	0.008546790526	0.0605807483	0.00719687646	0	0.07622321738	0.01893862119	0	0.001158875685	0	0	0	0.006124231871	0.003923700283	0.005766435213	0.003868292683	0.01823393081	0	0.05464839673	0.0009421886955	0.01346288367	0.01634748934	0.001174243251	0.04398637664	0	0.009762688547	0	0.009726601393	0	0	0.0181495672	0.01758967584	0	0.009294928433	0	0	0	0	0	0.01069660267	0	0.06725563893	0.009497959424	0	0	0.04905255209	0.03345613437	0.07217533954	0	0.006153931201	0.008375490707	0.06015278297	0	0	0	0	0	0	0.01503935842	0.005238999731	0.04185159722	0	0	0	0	0	0	0	0	0
900148_Ca-037-HM_skin_case-lesional	0	0	0	0	0	0	0	0	0	0	0.1243572578	0	0	0	0	0	0	0	0	0	0	0	0	0.03610512855	0	0	0	0	0	0	0.1384588963	0.0233675381	0	0	0	0	0	0	0	0	0	0	0	0	0	0.1033885852	0	0	0	0	0	0	0	0	0	0	0	0	0	0	0	0	0	0	0	0.1289877012	0.03999643912	0	0	0	0	0	0	0	0	0	0	0	0	0	0	0	0	0	0	0	0	0	0	0	0	0	0.09878024183	0	0	0	0	0	0	0	0.02873201677	0	0.1895324776	0	0.02974588951	0	0.05854782794	0	0
900408_Ca-128-SN_skin_case-lesional	0	0	0.0127368112	0.01783650592	0.004969271804	0	0.01033214543	0.007502181027	0.01029400683	0.008814804562	0	0.001305198914	0	0.0348200298	0	0	0.008110253256	0.01019634381	0	0.01745772354	0.05612225998	0	0	0	0.01751365919	0.003405384548	0	0.04737718577	0.008885933743	0.02112653902	0	0.001538698623	0	0.001255677692	0.01008082648	0.01566639759	0	0	0	0.01055415182	0	0.01642759999	0	0.01353982367	0.002619214233	0	0	0.06199456423	0	0	0	0.0628372882	0.05792095892	0.06819470908	0	0.01883680979	0	0.004910135029	0	0.01325323888	0.01397167025	0.006878205177	0.009000284356	0	0.002396529896	0	0.05108300777	0.0130901046	0	0	0.01107194876	0	0.001963305352	0	0	0	0	0	0.01558747473	0	0.0562112729	0	0	0	0	0.005713114054	0.01103434389	0	0.01396313654	0.007242399959	0.001378194952	0	0	0.004101055387	0	0.02860385354	0	0.01691653007	0.05801799397	0.00232540893	0	0	0	0.01101383233	0	0	0	0	0
900557_Ca-042-AM_skin_case-lesional	0	0	0	0	0	0	0	0	0	0	0	0	0	0	0	0	0	0	0	0	0	0	0	0	0	0	0	0	0	0	0	0	0	0	0	0	0	0	0	0	0.7229762427	0	0	0	0	0	0	0	0	0	0	0	0	0	0	0	0	0	0	0	0	0	0	0	0	0	0	0	0	0	0	0	0	0	0	0	0	0.2770237573	0	0	0	0	0	0	0	0	0	0	0	0	0	0	0	0	0	0	0	0	0	0	0	0	0	0	0	0	0	0	0
900414_Ca-129-AJ_skin_case-lesional	0	0	0	0.01294744706	0.02985738164	0	0	0	0.01328072106	0	0	0	0	0.05371712072	0.0003900057731	0	0.06926453218	0.003898003927	0	0	0.06773376876	0	0	0	0	0.02603511565	0.0137559576	0.01235828833	0.01973614227	0.01140194804	0	0	0	0.007183521988	0	0.004277998775	0.002656665972	0.01379682365	0.002936562692	0.01550017358	0	0	0	0.001285547452	0	0.01634658712	0	0.00760214559	0	0	0	0	0.01448788707	0.05165586209	0	0.001084772431	0	0.001071772896	0.006056186284	0	0.03935202719	0.05031008886	0.0125525047	0	0.05580675447	0	0	0.005343917313	0	0.003837062128	0	0	0.0538530125	0	0	0	0.0393207647	0	0	0	0.01439683797	0.03245737782	0	0	0.001367397881	0	0.06819010338	0	0.006068564312	0	0.0158143837	0	0	0.01109859762	0	0.0675879306	0.006208468169	0	0.02153509319	0.009374281189	0.005205891687	0	0	0	0	0	0	0	0
900411_Ca-130-PM_skin_case-lesional	0	0	0.003570699393	0.002919560767	0.01034309628	0.00456097981	0	0.004012230667	0.007157268281	0.002391368904	0.001618698238	0.006497043341	0	0.01959699424	0	0	0.004139482234	0.001071124882	0.5	0.02847418517	0.02676634958	0	0	0	0.001972382759	0.01101284681	0	0.01570247334	0.02441508543	0.001296663266	0.00613017306	0.0007730543938	0	0	0	0.0002140235381	0.0303495889	0	0	0.005667864487	0.005213423362	0	0	0.001023449086	0	0.00272756004	0	0.02006714731	0	0	0	0.006212050827	0	0.02151477068	0.003148613534	0	0	0.02598134581	0.02153815057	0	0	0.0191608336	0	0	0.004395164161	0	0	0	0	0.02657198528	0.00303445421	0	0.01213920925	0	0	0	0.002960485543	0	0.002578669833	0	0.01687435931	0.007815188535	0	0	0	0	0.001682516976	0	0.001688905994	0.01158551262	0.02956218336	0	0	0.00164809624	0.003482038869	0	0	0	0.00484562612	0.02103479706	0	0	0	0.0008602240435	0	0	0	0	0
900554_Ca-043-SS_skin_case-lesional	0	0	0	0	0	0	0	0	0	0	0.0872963083	0	0	0	0	0	0	0	0	0	0	0	0	0.1425452058	0	0	0	0	0	0	0.111970414	0	0	0	0	0	0.05851245633	0	0	0	0.101490146	0	0	0	0	0.03913226076	0	0	0	0	0	0	0	0	0	0	0	0	0	0	0.01664405764	0	0	0	0	0	0.01558347926	0.008165842624	0	0	0	0	0	0	0	0	0	0	0	0	0	0	0	0.07820402012	0	0	0	0	0	0	0	0	0	0	0.02507202755	0	0	0	0	0	0.2397248783	0	0.02526074669	0	0.01503613562	0	0	0.0353620209	0
900417_Ca-131-PM_skin_case-lesional	0	0	0	0	0.04034050615	0.007716026442	0	0	0.06791421972	0.04216150187	0.005472511098	0.02782200114	0.01938612054	0.0525435019	0.002457032821	0	0	0.02640460505	0.001504332571	0.009309802081	0	0	0	0	0.05761628596	0.0100213287	0	0.009898397293	0.00716959259	0.004965320006	0	0.005499208695	0	0	0.01079349897	0.007227082725	0	0	0	0	0	0.0163028897	0.005696451985	0.01812622583	0.005476415476	0.01699282797	0	0.06645896205	0	0	0	0.001026811031	0.002802922982	0.04411164246	0.02989504405	0	0	0.009792881537	0.0391045203	0	0.002932494314	0.01861719914	0	0	0.01193348236	0	0.009757521817	0	0	0	0.009988359924	0	0.0009994323464	0	0	0	0.01085900733	0	0.005871187636	0	0.01566462232	0	0	0	0	0.007053875117	0	0	0.06516972403	0.02685824103	0.005014778039	0	0	0.07185796767	0	0.01437257434	0	0.009502372523	0.02849882253	0.01303786584	0	0	0	0	0	0	0	0	0
900578_Ca-045-HN_skin_case-lesional	0	0	0	0	0	0	0	0	0	0	0	0.05179596854	0	0	0	0	0	0	0	0	0	0	0	0.06831815093	0	0	0	0.05406598556	0	0	0.08032769943	0.04486652447	0	0	0	0	0	0	0	0.05319659694	0	0	0	0	0	0	0	0	0	0	0	0.07357149197	0.05357771908	0	0	0	0	0	0	0	0	0	0	0	0	0	0.07075673218	0	0	0	0	0	0	0	0	0	0	0	0.01677483423	0	0.05391404529	0.03269028033	0	0.004011276491	0	0	0	0	0.03557261828	0	0.0163270272	0	0.06477598957	0	0	0	0	0	0	0.04633718845	0.03851973504	0	0.06092739132	0	0.07967274471	0	0	0	0
900420_Ca-132-LD_skin_case-lesional	0	0	0.005343700701	0.0002071386865	0.0009346955243	0.0263315318	0	0.003853524538	0.02883498402	0.01401432613	0.5	0.002148025058	0	0.02174417246	0.005179820862	0.00789276681	0.001776048787	0.0005972339876	0.0003466711813	0.001318059897	0	0	0	0	0.004284012284	0.0008718998046	0	0	0.01272134483	0.004591437596	0.007499100775	0	0	0	0	0.004214030522	0.02785385749	0	0.005580760713	0.004768600294	0	0.004947571561	0.005615021371	0.005017873605	0.0001280725566	0	0	0.01957895263	0	0	0	0.006599007665	0	0.00087959705	0	0.008500030291	0	0.001607319245	0.02770476676	0	0	0.0274725433	0.004977513897	0	0.008184359627	0	0	0	0	0.002621085275	0.01759841283	0	0.02555499723	0	0	0	0.001508942731	0	0.005192551508	0	0.003621430067	0.02063286913	0.006708918481	0	0	0	0.006157738366	0	0.0009722103517	0	0.00443923041	0	0	0.00190355787	0.00241300824	0.01698798644	0.005626975262	0	0.01988596523	0.03308125092	0.005760544884	0	0	0.004951657	0.0002602934682	0	0	0	0
900569_Ca-046-MT_skin_case-lesional	0	0	0.05991762946	0.01558536616	0.06175171032	0	0	0	0.05647429343	0.02840450708	0	0.0004828824016	0.007591215274	0.02430974638	0.008250203178	0.0002226097942	0.01589631996	0.005506987353	0.006907535985	0.05491474458	0	0	0	0	0	0.05518937643	0.01011314987	0.008508803031	0.03824323065	0.03399654681	0.0001168568205	0	0	0	0.008999168796	0	0	0.04893984813	0	0.01023808977	0	0.01311365757	0.007324177215	0	0	0	0	0.01809956218	0.006373278122	0	0	0.004070485168	0.004557418018	0.05640553311	0	0.007160244695	0	0.02567861965	0	0	0.004178239975	0.009569989619	0.01063537257	0.0009141637823	0.005572213254	0	0.03029423657	0	0	0.005606464421	0.002416605976	0	0.01260633987	0.01336615736	0	0	0.003257354998	0	0.01679478231	0	0.006542882385	0.0097784186	0	0	0.004063935122	0	0.01527323069	0	0.0143441081	0.002527386203	0.04606452558	0	0	0	0	0.02913776962	0.03736862672	0.000760640558	0.002286102116	0	0	0	0	0	0.01329665621	0	0	0	0
900423_Ca-133-LT_skin_case-lesional	0	0	0	0	0	0	0.4510542537	0	0	0	0	0	0	0	0	0	0	0	0	0	0	0.04894574634	0	0	0	0	0	0	0	0	0	0	0	0	0	0	0	0	0	0	0	0	0	0	0	0	0	0	0	0	0	0	0	0	0	0	0	0	0	0	0	0	0	0	0	0	0	0	0	0	0	0	0	0	0	0	0	0.5	0	0	0	0	0	0	0	0	0	0	0	0	0	0	0	0	0	0	0	0	0	0	0	0	0	0	0	0	0	0	0
900572_Ca-047-MD_skin_case-lesional	0	0	0.492617015	0.003549466539	0.04146633617	0	0	0	0.003757512115	0.02421120335	0	0	0	0.02455929512	0.01058224336	0	0	0.01053114075	0	0.03661715147	0	0	0	0	0	0	0.002715123242	0.009636216544	0.007700448853	0.04122092582	0	0	0	0	0	0.007382984994	0	0.0001393360069	0	0.00431964643	0	0	0.02721679385	0.002459362707	0.003395120107	0.006738531537	0	0.01749937727	0	0	0	0.007860313489	0	0.01023500678	0.005810983361	0.009437188841	0	0.01906012427	0	0	0.00310347777	0.004289009868	0.008017717589	0	0.01018389929	0	0	0	0	0.001552978586	0.0009648421381	0	0.005547263699	0	0	0	0.001794246976	0	0.04332013523	0	0.004931960272	0	0	0	0	0.006771833975	0.007952028407	0	0.01453154163	0.01121988828	0	0.008922417109	0	0.007008474781	0	0.005474887902	0	0.00994619452	0.006724997566	0	0	0	0	0	0.007023356426	0	0	0	0
900105_Ca-028-PN_skin_case-lesional	0	0	0	0	0	0	0	0	0	0	0	0	0	0	0	0	0	0	0	0	0	0	0	0.1025646478	0	0	0	0	0	0	0.1005555783	0.0132116192	0	0.01041378261	0	0	0.001743209738	0	0	0	0	0	0	0	0	0.02274988807	0	0	0	0	0.009683362894	0	0	0	0	0	0	0	0	0.0004468309848	0	0	0	0	0	0	0	0	0	0	0	0	0	0	0	0	0	0	0	0	0	0	0	0.002330665319	0	0	0.01483335249	0	0	0	0	0	0	0	0	0	0	0	0	0	0.6885078399	0	0.006421832169	0	0	0	0	0.02653739052	0
900426_Ca-134-IT_skin_case-lesional	0	0	0	0	0	0	0	0	0	0	0	0	0	0	0	0	0	0	0	0	0	0	0	0	0	0	0	0	0	0	0	0	0	0	0	0	0	0	0	0	0	0	0	0	0	0	0	0.5	0	0	0	0	0	0	0	0	0	0	0	0.222434695	0	0	0	0	0	0	0	0	0	0	0	0	0	0	0	0	0	0	0	0	0	0	0	0	0	0	0	0	0	0	0	0	0	0	0	0	0	0	0	0	0.277565305	0	0	0	0	0	0	0	0
900575_Ca-048-LN_skin_case-lesional	0	0	0	0	0	0	0	0	0	0	0	0	0	0	0	0	0	0	0	0	0	0	0	0	0	0	0	0	0	0	0	0	0	0	0	0	0	0	0	0	0	0	0	0	0	0	0	0	0	0	0	0	0	0	0	0	0	0	0	0	0	0	0	0	0	0	0.549149241	0	0	0	0	0	0	0	0	0	0	0	0	0	0	0	0	0	0	0	0	0	0	0	0	0	0	0.1760429914	0	0	0	0	0	0	0	0	0	0	0	0	0	0.2748077675	0
900429_Ca-135-NS_skin_case-lesional	0	0	0	0	0	0	0	0	0	0	0	0	0	0	0	0	0	0	0	0	0	0	0	0.05280719926	0	0	0	0	0	0	0.007833096967	0.1659526778	0	0	0	0	0	0	0	0	0	0	0	0	0	0	0	0	0	0	0	0	0	0	0.01028625502	0	0	0	0	0	0.1825753994	0	0	0	0	0	0	0	0	0	0	0	0	0	0	0	0	0	0	0	0	0	0	0.4784224352	0.03868670497	0	0	0	0	0	0	0	0	0	0	0	0	0	0	0	0.02601266692	0	0	0	0.03742356439	0	0	0	0
900581_Ca-049-LM_skin_case-lesional	0	0	0.005579118229	0.00583678309	0.007209224364	0.00840989665	0	0	0.001588263219	0.01187594588	0	0.001547254799	0	0.02773779979	0.007384864795	0	0	0	0	0.003709928381	0.0149630224	0	0	0.09910008699	0.00895832623	0.01937917282	0	0	0.02844919976	0.02550297333	0.119436665	0.004663925065	0	0	0.00238987917	0.005309750364	0	0	0.007933104928	0.007393528924	0	0.006737539259	0	0	0	0.03432179526	0	0.006299014162	0	0	0	0.008562711024	0.001762153499	0.01983199597	0.0009037061528	0	0	0.02487305709	0.001456398984	0	0	0.008566569593	0.008317660888	0	0.0203890799	0	0.008693377973	0	0	0.02492284181	0.001271739521	0	0.03089571051	0.004940097445	0	0.002441963283	0.008444488738	0	0.007147372505	0	0	0.0006922017519	0	0.04994196189	0.1926456562	0.007951423094	0.01006312804	0.005953171501	0	0.001769041418	0.03058005515	0	0	0.007243246817	0	0.006337297531	0.00558487015	0	0.008216319926	0.004397475269	0.008932328853	0	0	0	0	0	0	0.004553834606	0
900431_Ca-136-OM_skin_case-lesional	0	0	0	0	0	0	0	0	0	0	0	0	0	0	0	0	0	0	0	0	0	0	0	0.1510644892	0	0	0	0	0	0	0.06829263141	0.1105991627	0	0	0	0	0	0	0	0	0	0	0.1731754593	0	0	0.1939983131	0	0	0	0	0	0	0	0	0	0	0	0	0	0	0	0	0	0	0	0	0	0	0	0	0	0	0	0	0	0	0	0	0	0	0	0	0	0.132605551	0	0	0	0	0	0	0	0	0.008478537417	0	0	0	0	0	0	0	0	0	0.03231615277	0	0.1294697031	0	0	0	0
900587_Ca-050-MM_skin_case-lesional	0	0	0	0	0	0	0	0	0	0	0	0	0	0	0	0	0	0	0	0	0	0	0	0.19197288	0	0	0	0	0	0	0.09334166163	0.08781960345	0	0	0	0	0	0	0	0	0	0	0	0	0	0	0	0	0	0	0	0	0	0	0	0	0	0	0	0	0	0	0	0	0	0	0.5317257469	0	0	0	0	0	0	0	0	0	0	0	0	0	0	0	0	0	0	0	0	0.08556236341	0	0	0	0	0	0	0	0	0	0	0	0	0	0	0	0	0.0005359316663	0	0	0.009041812949	0
900436_Ca-137-TM_skin_case-lesional	0	0	0	0	0	0	0	0	0	0	0	0	0	0	0	0	0	0	0.01201961751	0	0	0	0	0.1030303311	0	0	0	0	0	0	0.00238446457	0.01071784368	0	0	0	0	0	0	0	0	0	0	0	0	0	0.02330451913	0	0	0	0	0.02910289126	0	0.003412192955	0	0	0	0	0	0	0	0	0	0	0	0	0	0	0	0	0	0.0069440378	0	0	0	0	0	0	0	0	0	0	0	0	0	0	0	0.02766566767	0	0	0	0	0	0	0	0	0	0	0	0	0	0.05277224104	0	0.01642356594	0	0.7029489692	0	0	0.009273658168	0
900584_Ca-051-AM_skin_case-lesional	0	0.007746912352	0.03073485737	0.005391477408	0.002413520861	0	0	0	0.004955504718	0.01449453893	0	0.001088678288	0	0.0253814105	0	0	0.005697733168	0	0	0.02647667855	0.03077914213	0	0.005609846496	0.005962073753	0.02950498143	0.0057284491	0	0.02639100954	0.02096450631	0.02038583392	0.06958800381	0.05725085805	0	0	0	0.003210630012	0	0	0.007032980418	0.00161574076	0	0.006311133863	0.007465332001	0	0.007820214777	0	0	0.01083349703	0	0	0.003691042583	0.00178698392	0.00654055084	0.004189584559	0	0.01079282476	0	0.007169106879	0	0.04393768916	0.002932244358	0.02973926302	0.007318863421	0	0.01027570249	0	0.003550811054	0	0	0.006734117084	0.0009674413021	0	0.016872056	0	0	0.001826042732	0.003576330644	0	0.0003249788628	0	0.003933089916	0.003242991352	0	0.009155320527	0.03499630033	0	0.1385121227	0	0.005994543044	8.13E-05	0.005688575469	0	0.1055751463	0.006359553429	2.22E-05	0.01972562688	0	0.003212452078	0	0.005449028868	0.002463088834	0	0	0	0.0525275148	0	0	0	0
900491_Ca-155-LS_skin_case-lesional	6.59E-07	1.07E-06	0	1.80E-05	0	0	0	0.01076650411	2.72E-05	0.03159444658	0	0	0	0.02175198556	0	0	3.38E-05	2.49E-06	2.18E-05	1.22E-05	0.02919298251	0	0	0	1.44E-05	1.80E-05	0	7.62E-06	2.87E-05	0.03565847331	0	0	0	0	0	0	9.14E-07	0	0	0	3.55E-05	1.58E-06	1.27E-05	2.86E-05	3.47E-05	0	0	0.04426897747	0	0	2.04E-05	5.00E-06	2.56E-05	0.005510707282	6.12E-06	0	0	0.04251905984	2.29E-05	0	0.0409055037	3.26E-05	0.03573094034	0	3.44E-05	0	0	0	0	0.006873254941	1.39E-05	0	0.02418290463	0	0	0	1.95E-05	0	0.03039378597	0	0.026497174	2.86E-05	0	0	0	3.25E-06	1.38E-05	0	0.007480382865	0	0.01347639579	0	0	0	0	0.0418049111	0.5	0.0271324628	0.02373339103	0	0	0	0	0	0	0	0	0	0
900590_Ca-052-LM_skin_case-lesional	0	0	0	0	0	0	0	0	0	0	0.03799635679	0	0	0	0	0	0	0	0	0	0	0	0.02261932467	0.212976235	0	0	0	0	0	0	0.1013943134	0.005167273451	0	0	0	0	0.01835564666	0	0	0	0	0	0	0	0	0.01000226953	0	0	0	0	0	0	0	0	0	0	0	0	0	0.02528714579	0	0	0	0	0	0	0.007646306126	0	0	0	0	0	0	0	0.003559633827	0	0	0	0	0	0	0	0	0.2741456668	0	0	0.02350837876	0	0	0	0	0	0	0	0	0	0	0	0	0	0	0	0.2014308257	0	0.05591062344	0	0	0	0
900433_Ca-138-SM_skin_case-lesional	0	0	0	0	0	0	0	0	0	0	0	0	0	0	0	0	0	0	0	0	0	0	0	0.682833569	0	0	0	0	0	0	0.2676193995	0	0	0	0	0	0	0	0	0	0	0	0	0	0	0	0	0	0	0	0	0	0	0	0	0	0	0	0	0	0	0	0	0	0	0	0	0	0	0	0	0	0	0	0	0	0	0	0	0	0	0	0	0	0	0	0	0	0	0	0	0	0	0	0	0	0	0	0	0	0	0	0.04954703147	0	0	0	0	0	0
900593_Ca-053-NN_skin_case-lesional	0	0	0	0.008504288454	0.004305786579	0	0.03242504765	0	0.00511827428	0.02413823251	0	0	0	0.02949087278	0.008182196124	0	0.003410206793	0.006284555409	0.006922228459	0.00520125305	0.001692043536	0	0	0	0	0.0008255881099	0.01013107109	0.03259826167	0.0431498194	0.0001717170717	0.007796496447	0	0	0	0.002455310762	0	0.002474631872	0.003353250911	0	0.001186645561	0	0.009672499413	0	0.01062948323	0	0	0	0.01028426283	0	0	0	0.01035323715	0	0.003250598736	0.004887937736	0.01724266756	0	0.00532414715	0.005284838352	0	0.008737034241	0.03637858712	0.00450800891	0	0.001061306231	0.5	0.003513610781	0	0	0.0323933076	0.0001912518793	0	0.007947748392	0	0	0	0.004469161981	0	0.00296957121	0	0.005175355712	0.009125128014	0	0	0.0003846210075	0	0.004464955115	0	0.00504493467	0.01042972634	0.01268574503	0	0	0.001520112656	0	0.02745991844	0	0	0.001900631446	0.00289183255	0	0	0	0	0	0	0	0	0
900439_Ca-139-OS_skin_case-lesional	0	0	0	0	0	0	0	0	0	0	0	0	0	0	0	0	0	0	0	0	0	0.2571392596	0	0.4260988485	0	0	0	0	0	0	0.07390115151	0	0	0	0	0	0	0	0	0	0	0	0	0	0	0	0	0	0	0	0	0	0	0	0	0	0	0	0	0	0	0	0	0	0	0	0	0	0	0	0	0	0	0	0	0	0	0.06464669247	0	0	0	0	0	0	0	0	0	0	0	0	0	0	0.08736895031	0.09084509765	0	0	0	0	0	0	0	0	0	0	0	0	0	0	0
900610_Ca-054-RN_skin_case-lesional	0	0	0	0	0	0	0	0	0	0	0	0	0	0	0	0	0	0	0.7607268284	0	0	0	0	0	0	0	0	0	0	0	0	0	0	0	0	0	0	0	0	0	0	0	0	0	0	0	0	0	0	0	0	0	0	0	0	0	0	0	0	0	0	0	0	0	0	0	0	0	0	0	0	0	0	0	0	0	0	0	0	0	0	0	0	0	0	0	0	0	0	0	0	0	0	0	0	0	0	0	0	0	0	0	0.2392731716	0	0	0	0	0	0
900442_Ca-140-EM_skin_case-lesional	0	0	0	0	0	0	0	0	0	0	0	0	0	0	0	0	0	0	0	0	0	0.5	0	0	0	0	0	0	0	0	0	0	0	0	0	0	0	0	0	0	0	0	0	0	0	0	0	0	0	0	0	0	0	0	0	0	0	0	0	0	0	0	0	0	0	0	0	0	0	0	0	0	0	0	0	0	0	0	0	0	0	0	0	0	0	0	0	0	0	0	0	0	0	0	0	0	0	0	0	0	0	0	0	0	0	0	0	0	0.5
900621_Ca-055-LN_skin_case-lesional	3.92E-07	0	4.63E-07	0.001214511382	0	1.33E-07	0	0	0.0005847580647	0.001195594646	0	0	0	0.004956777544	1.05E-08	0	0	0.004866609617	0	8.90E-08	1.44E-07	0	0	0.0002507879227	0	0.007307366449	2.98E-08	0.002258287968	0.01129677829	0.01404271015	0.0007887241336	0.0005023754269	0	0	0.002015164628	0	0.000615399224	1.14E-07	8.87E-09	0.005329694222	0.0005116962594	0.009249479276	0	6.83E-08	0.002534682588	0	0	0.01124162096	0	0	0.0005902145642	0.01470238775	2.87E-07	0.001806088141	0.0006070028984	5.31E-08	0	0.002369174876	0.009811015605	0.000142020299	0	0.007330164971	0	0	0	0	0	0.0004136341193	0	2.41E-07	1.03E-07	0	0.007981654688	0	0	0	0.01128913946	0	1.62E-07	0	3.56E-07	3.14E-07	0	0	0.003204721144	0	0.8532982636	0	0	3.38E-07	2.71E-07	0	0.0006167602204	2.94E-07	0	0.001521609512	0	0	0.002993499897	1.13E-07	0.0005552033935	0	9.39E-08	0	3.46E-07	0	0	0	0
900445_Ca-141-TC_skin_case-lesional	0	0	0	0	0	0	0	0	0	0	0	0	0	0	0	0	0	0	0	0	0	0	0	0.4205017193	0	0	0	0	0	0	0	0	0	0	0	0	0	0	0	0	0	0	0	0	0	0	0	0	0	0	0	0	0	0	0	0	0	0	0	0	0	0	0	0	0	0	0	0	0	0	0	0	0	0	0	0	0	0	0	0	0	0	0	0	0	0	0	0	0	0	0	0	0	0	0	0	0	0	0	0	0.5794982807	0	0	0	0	0	0	0	0
900448_Ca-142-AM_skin_case-lesional	9.84E-07	7.75E-07	4.47E-07	1.09E-06	7.57E-07	0	0	0	0.05431072433	0.03330479702	0	0	0	0.05045785118	0	4.24E-07	0	1.08E-06	0	0.05988836508	1.42E-07	0	0	0	7.68E-07	1.21E-06	0	5.25E-07	0.02695443391	0.06290463132	0	0.06328328915	0	0	0	0	1.02E-06	0	0	1.05E-06	0	0	1.19E-06	0	0.00678211459	1.03E-06	0	8.54E-07	8.61E-07	0	0	0	0.0498182896	0.05707728471	7.58E-07	6.61E-07	0	0.05747450517	2.21E-07	0	0	0.06858450327	4.00E-07	0	1.10E-06	0	0.0296999283	0	0	3.06E-09	0.02989836611	0	0.07388811315	0	0	0	0.01796403011	0	0.004909494459	0	0.02875466485	4.35E-09	0	0	0	0	0.04112951873	0	4.35E-07	1.14E-06	0.052707547	0	0	0	0	0.07928539413	0	0	0.0223926802	0.02851035548	0	0	0	0	0	2.02E-07	0	0	0
900624_Ca-056-DH_skin_case-lesional	0	0	0	0	0	0	0	0	0	0	0	0	0	0	0	0	0	0	0	0	0	0	0	0	0	0	0	0	0	0	0.07787868344	0	0	0	0	0	0	0	0	0	0	0	0	0	0	0	0	0	0	0	0	0	0	0	0	0	0	0	0	0	0	0	0	0	0	0	0	0	0	0	0	0	0	0	0	0	0	0	0	0	0	0	0	0.1734264366	0	0	0	0	0	0	0	0	0.03687871119	0	0	0	0	0	0	0	0.4124936266	0	0	0	0.2993225422	0	0	0	0
900451_Ca-143-ST_skin_case-lesional	0	0	0	0	0	0	0	0	0	0	0	0	0	0	0	0	0	0	0	0	0	0	0	0	0	0	0	0	0	0	0	0	0	0	0	0	0	0	0	0	0	0	0	0	0	0	0	0	0	0	0	0	0	0	0	0	0	0	0	0	0	0	0	0	0	0	0	0	0	0	0	0	0	0	0	0	0	0	0	0	0	0	0	0	0	0	0	0	0	0	0	0	0	0	0	0	0	0	0	0	0.05825735362	0	0	0	0	0	0	0	0.9417426464
900455_Ca-144-HN_skin_case-lesional	0	0	0	0	0	0	0	0	0	0	0	0	0	0	0	0	0	0	0	0	0	0	0	0.04718375932	0	0	0	0	0	0	0.05386338665	0	0	0	0	0	0	0	0	0	0	0	0	0	0	0	0	0	0	0	0.5	0	0	0	0	0	0	0	0	0	0	0	0	0	0	0.06234250581	0.111935824	0	0	0	0	0	0	0	0.1563517698	0	0	0	0	0	0	0	0	0.06832275438	0	0	0	0	0	0	0	0	0	0	0	0	0	0	0	0	0	0	0	0	0	0	0	0	0
900457_Ca-145-LM_skin_case-lesional	9.94E-07	0	0.02855525339	0	0.04505884348	0	0	0	0.0231698821	0.02264117633	0	4.85E-07	0	0.03454390242	0	0	8.66E-07	1.43E-06	0	2.60E-06	0	0	0	0	6.18E-07	0.04007639686	0	0	0.03710326999	1.01E-06	0	0	0	0	0	1.41E-06	0	0	5.81E-08	0.03219606738	0	0.5	3.45E-07	0.04442982203	0.002550962461	0	0	1.51E-06	0	0	2.17E-06	2.43E-06	2.48E-06	2.47E-07	4.61E-07	0	0	0.03958974239	1.88E-07	0	0.03272398392	1.96E-06	1.44E-06	0	2.30E-06	0	2.60E-06	0	0	0	0.02957849865	0	5.37E-07	0	0	0	0.01644874123	0	0.009210220578	2.20E-06	1.01E-06	2.21E-06	0	0	2.80E-06	2.35E-06	0.02824060506	0	0.02700682361	0	1.97E-06	0	0	0	0	0	2.15E-06	0	0.006832975978	0	0	0	0	0	0	0	0	0	0
900463_Ca-147-LJ_skin_case-lesional	0	0	0	0	0	0	0	0	0	0	0	0	0	0	0	0	0	0	0	0	0	0	0	0.4608528919	0	0	0	0	0	0	0.07826522091	0.08665298815	0	0	0	0	0	0	0	0	0	0	0	0	0	0	0	0	0	0	0	0	0	0	0	0	0	0	0	0.02443223278	0	0	0	0	0	0	0.002456031251	0.04441894038	0	0	0	0	0	0	0	0	0	0	0	0	0	0	0	0.133527955	0	0	0	0	0	0	0	0	0	0	0	0	0	0	0	0	0.01321851141	0	0.1561752281	0	0	0	0	0	0
900470_Ca-149-LM_skin_case-lesional	0	0.5	0	0	0	0	0	0	0	0	0.004962277849	0	0.04078506855	0	0	0.007404961317	0	0.00607387688	0.007456448145	0	0.001947514593	0	0	0	0	0	0.008201614698	0	0	0	0	0	0.04352064686	0.006678389805	0.0003016070999	0	0	0	0	0	0.006156237075	0.001465909808	0	0	0	0	0.02052966488	0	0.03703722587	0.02844084989	0	0	0	0	0	0	0.01317474708	0	0	0	0	0	0	0	0	0.04082388103	0.007754303679	0.0395981458	0.006496956075	0	0.007706399108	0.043858767	0	0	0	0.005131477001	0	0	0	0.01015562262	0	0.001452251224	0	0	0	0.00739544502	0	0	0	0	0	0	0	0	0	0	0.02929935834	0.003066646794	0.003145002807	0	0	0.04516817065	0	0	0	0.00977953065	0.005031001819	0	0
Ca008HNL_Ca-008-HN_skin_case-lesional	0	0	0	0	0	0	0	0	0	0	0	0	0	0	0	0	0	0	0	0	0.03499596746	0	0	0.07164438032	0	0	0	0	0	0	0.1874084163	0.009400546248	0	0	0	0	0	0	0	0	0	0	0	0	0	0.03691127486	0	0	0	0	0	0	0	0	0	0	0	0	0	0	0	0	0	0	0	0	0	0	0	0	0	0	0	0	0	0	0	0	0	0	0	0	0	0	0	0	0.0004179831278	0	0	0	0	0	0.05441679605	0	0	0	0	0	0	0	0.1156116664	0	0.1345076895	0	0.3019143983	0	0	0.05277088132	0
900494_Ca-156-MV_skin_case-lesional	0	0	0.001618281942	0	0.00321441319	0.02206876305	0.001208802375	0	0.01511725944	0.005836256995	0	0	0	0.0116168	0.005327153982	0	0.001394374597	0.00218450163	0	0.004304173083	0.6832382046	0	0	0	0.002158909032	0.001328403612	0.005023554634	0.009056524747	0.00510061664	0.013905533	0	0	0	0.009625683573	0	0.005116291689	0.003994761242	0	0	0.002547079862	0	0	0	0.003723309894	0.003718666089	0	0	0.02029315989	0	0	0	0.004894067539	0.005618358135	0.01761821125	0.0008599948256	0.001948269592	0	0.009023635694	0	0	0.008700185031	0.002187586516	0.001049669128	0	0.0003023058576	0	0.004367265006	0	0	0.004202944958	0.00487496765	0	0.001891202427	0	0	0	0.009659509158	0	0.002112043194	0	0.02187838161	0.003197519997	0	0	0	0	4.71E-05	0	0.0161263501	0.0005793518214	0.003835658461	0	0	0.002733733175	0.004730159943	0.0197970828	0.003491881705	0	0	0.001551088731	0	0	0	0	0	0	0	0	0
Ca007NKL_Ca-007-NK_skin_case-lesional	0	0	0	0	0	0	0	0	0	0	0	0	0	0	0	0	0	0	0	0	0	0	0	0.02082413744	0	0	0	0	0	0	0.006653760763	0.1340818839	0	0	0	0	0	0	0	0	0	0	0	0	0	0.002080242504	0	0	0	0	0.1305137247	0	0	0	0	0	0	0	0	0	0	0	0	0	0	0	0	0	0	0	0	0	0	0	0	0	0	0	0	0	0	0	0	0.3596521953	0	0	0	0	0	0	0	0	0.1382675622	0	0	0	0	0	0	0	0	0	0	0.05255097833	0.1279218704	0	0	0.0274536444	0
900473_Ca-150-ZS_skin_case-lesional	0	0	0	0.007798431905	0.02680035315	0	0.0543575505	0	0.004971931358	0.0005399741292	0	0.003046776728	0	0.003859146332	0.01031353358	0.005340601822	0.007095948452	0.002586489095	0	0.007250085459	0.006968075495	0	0	0	0.003140417699	0.006611462909	0.09228028735	0.03112950794	0.0221635016	0.03074702426	0	0	0	0	0	0.02898779338	0.006494045471	0	0.007089650574	0.0509868247	0.002062934008	0	2.90E-05	0	0.009229000599	0.001776314341	0	0.01826573071	0	0	0.006943110763	0.0532165911	0.08563347284	0.006830441992	0.002485406041	0.0336042602	0	0.0004796598901	0.007808547381	0	0.04907743223	0	0.003586303256	0	0.03298502651	0	0	0	0	0.03833498264	0	0	0.001696714528	0	0	0	0.00180045343	0	0.006849093776	0	0.1051135274	0.0002464316655	0.007461030289	0	0.002140090761	0.0001769567318	0.008095243767	0	0.0446428012	0.004991318232	0.01053424003	0	0	0.006268892292	0	0.0001017343083	0.002560195439	0	0.01066731273	0.01341461534	0	0	0	0.0003317479357	0	0	0	0	0
900500_Ca-158-LC_skin_case-lesional	0	0	0	0	0	0	0	0	0.03425859633	0	0	0	0	0	0	0	0	0	0	0	0	0	0	0.05426198653	0	0	0	0	0	0	0.005672799805	0	0	0	0	0	0	0	0	0	0	0	0	0	0	0	0	0	0	0	0.02797810545	0	0.03309095691	0	0	0	0	0	0	0	0	0	0	0	0	0.03721648475	0.007592928485	0.004949233169	0	0	0	0	0	0	0	0	0	0	0	0	0	0	0	0	0.03713907872	0	0	0	0	0	0	0	0.2470974861	0	0	0	0	0	0	0	0.02746807577	0	0.2529025139	0	0.1251475733	0	0	0.1052241808	0
900503_Ca-159-AS_skin_case-lesional	0	0	0	0	0	0	0	0	0	0	0.1160643854	0	0	0	0	0	0	0	0	0	0	0	0.03031434223	0.02287222001	0	0	0	0	0	0	0.05008361621	0.03173494914	0	0	0	0	0	0	0	0	0	0.06263123965	0	0	0	0	0	0	0	0	0.1291857983	0	0	0	0	0	0	0	0	0	0	0	0	0	0	0	0	0	0	0	0	0	0	0	0	0	0	0	0	0	0	0	0	0.04739054529	0	0	0	0	0	0	0	0	0.002959188081	0	0	0	0	0	0	0	0.01183786659	0	0.04116868587	0.3839356146	0.06675670761	0	0	0.00306484102	0
900508_Ca-161-OM_skin_case-lesional	0	0	0	0.005042129772	0.001642637013	0.008191452499	0	0	0.004262026352	0.01339347212	0	0.01232502156	0	0.002540856403	0.001425777659	0	0.004877920182	0	0.004777466322	0.002669183899	0.4125967869	0	0	0	0.0001723971085	0.008068223218	0	0.01839243529	0.009475713064	0.01032041737	0	0	0	0.2182408779	0.0006386543477	0.006824086561	0.004763410548	0.002272845516	0	0	0.003076109873	0.009414666025	0	0.004218876914	0.02009185402	0.0001910363747	0	0.0108177675	0	0	0	0.003922771138	0.003429984019	0.01374487652	0.005080242532	0.003798422738	0	0.01286663121	0	0.0003449339899	0.005874540987	0.00191466972	0	0	0.01808298977	0	0.002199567115	0	0	0	0.001217839807	0	0.01792269255	0	0	0.001439046152	0	0	0.0009600198755	0	0.01431088031	0.002917657635	0	0	0	0	0.003699968887	0	0.01687819202	0.005589260817	0.004406614718	0	0	0.003003746594	0.004494121615	0.004166782811	0.005449598666	0.00379352782	0.02380485951	0.01038559318	0	0	0	0	0.003575864977	0	0	0	0
900497_Ca-157-LM_skin_case-lesional	0	0	0	0.02990999045	0	0	0.07209241261	0	0	0	0	0.03032915956	0	0	0.147047291	0	0	0.009841184373	0	0	0	0	0	0	0	0	0	0.01245285305	0	0	0	0	0	0	0	0	0	0	0	0	0	0	0	0	0.1127336713	0	0	0	0	0	0	0.06060346697	0	0	0	0	0	0	0	0	0	0	0	0	0	0	0	0	0	0.08936641697	0	0	0	0	0	0	0	0	0	0	0.125018764	0	0	0	0	0	0	0	0.03085040032	0.1689136315	0.007467234676	0	0	0	0	0	0	0	0	0.1033735232	0	0	0	0	0	0	0	0	0
900394_Ca-123-PG_skin_case-lesional	0	0	0	0	0	0	0	0	0	0	0	0	0	0	0	0	0	0	0	0	0	0	0	0	0	0	0	0	0	0	0.05923227135	0.05048279609	0	0	0	0	0	0	0	0	0	0	0	0	0	0.006066049827	0.03683208486	0	0	0	0.04247195529	0	0	0	0	0	0	0	0	0.5	0	0	0	0	0	0.01600751438	0	0	0	0	0	0	0	0	0	0	0	0	0	0	0	0	0	0.02073469922	0.015628564	0	0	0	0	0	0	0	0.03925131214	0	0	0	0	0	0	0	0	0	0	0	0.1868711084	0	0	0.02642164445	0
900397_Ca-125-IM_skin_case-lesional	0	0	0.004749021507	0.01099036029	0.0004946730884	0.002305655038	0.007366381372	0	0.02369980109	0.01308312594	0	0.003126579411	0.004298395679	0.01575245873	0.003635289934	0	0.05509830231	0.006261115898	0	0	0.0006584572673	0	0	0	0.08296863746	0.001559050143	0.002328110819	0.07049214303	0.004769377986	0.007085662708	0	0.002603402256	0	0.002308903059	0.01306728054	0	0.0200239447	0.02940605243	0.002485674432	0.02835265147	0	0.004172944854	0	0.002915218435	0.02629853649	0	0	0.01099696713	0	0	0	0.002695243296	0	0.02922130783	0.001043850132	0.01654351574	0	0.01997663388	0.01239924212	0	0.1542339685	8.35E-05	0.002302928789	0	0.001910170906	0	0.003936172556	0	0	0.05974462202	0	0	0.001437260629	0	0	0.0007238361028	0.002285407382	0	0.02809160982	0	0.006522392176	0.01347349363	0	0	0.005279344761	0.006719726246	0.02039633872	0	0.01623784934	0.02932141988	0.0142544626	0	0	0.00651671012	0	0.0811026214	0	0	0	0.000192208712	0	0	0	0	0	0	0	0	0
9003972_Ca-125-IM_skin_case-lesional	0	0	0	0	0	0	0	0.5	0	0	0	0	0	0	0	0	0	0	0	0	0	0	0	0.1039414045	0	0	0	0	0	0	0.1161749852	0	0	0	0	0	0.08856856759	0	0	0	0	0	0	0	0	0	0	0	0	0	0	0	0	0	0	0	0	0	0	0	0	0	0	0	0	0	0	0	0	0	0	0	0	0	0	0	0	0	0	0	0	0	0	0	0	0	0	0	0	0	0	0	0	0	0	0	0	0	0	0	0	0	0.03262765133	0	0.04237734914	0	0	0.1163100423	0
900400_Ca-124-AB_skin_case-lesional	0	0	0	0	0.009028783688	0	0	0	0	0	0.02028024152	0	0.01208247491	0	0	0.01181607748	0	0	0.08604019768	0	0	0	0	0	0	0	0.03562585269	0	0	0	0	0	0.05829476906	0	0.0005399707964	0	0	0	0	0	0	0	0	0.01140547869	0	0	0.03204162352	0	0.01316428821	0.06144274351	0	0	0	0	0.003061294058	0	0.0922638872	0	0	0	0	0	0	0	0	0.09896632673	0	0.03894877511	0.07972434585	0	0.01256007327	0.07120754042	0	0	0	0.07381943269	0	0	0	0.02262484315	0	0	0	0	0	0	0	0.01013791049	0	0	0	0	0	0	0	0	0.05701487489	0.01694615577	0.004735937438	0	0	0.04551071994	0	0	0	0.02071538124	0	0	0
9004002_Ca-124-AB_skin_case-lesional	0	0	0	0	0	0	0	0	0	0	0	0	0	0	0	0	0	0	0	0	0	0	0	0.2506132052	0	0	0	0	0	0	0.1663045234	0.111632633	0	0	0	0	0	0	0	0	0	0	0	0	0	0.02581295359	0	0	0	0	0.04168284103	0	0	0	0	0	0	0	0	0	0	0	0	0	0	0	0	0	0	0	0	0	0	0	0	0	0	0	0	0	0	0	0	0.0599495454	0	0	0.08943209397	0	0	0	0	0	0	0	0.1180437815	0	0	0	0	0	0	0	0	0	0.04504828982	0	0	0.09148013314	0
900403_Ca-126-KB_skin_case-lesional	0	0	0	0	0	0	0	0	0	0	0	0	0	0	0	0	0	0	0	0	0	0	0	0.1440503273	0	0	0	0	0	0	0	0.1042158285	0	0	0	0	0	0	0	0	0	0	0	0	0	0	0	0	0	0	0	0	0.1808460509	0	0	0	0	0	0	0	0	0	0	0	0	0	0	0	0	0	0	0	0	0	0	0	0	0	0	0	0	0	0	0.282951363	0	0	0	0	0	0	0	0	0	0	0	0	0	0	0	0	0.2879364304	0	0	0	0	0	0	0	0
9004032_Ca-126-KB_skin_case-lesional	0	0	0	0	0	0.026665825	0	0.05207811852	0	0	0	0.05129448135	0	0	0	0	0	0	0	0	0	0	0	0	0	0	0	0	0	0	0	0	0	0.003356963417	0	0	0	0	0.06402695486	0	0	0	0	0.03379461741	0.06158462761	0	0	0	0	0	0	0	0	0	0	0.03705964538	0	0	0	0	0	0	0.2156780349	0.1157829564	0	0	0	0	0	0	0	0	0	0	0.04033197326	0	0.2084784511	0	0	0	0	0	0	0	0	0	0	0	0	0	0	0.02605897075	0	0	0.01815264487	0	0	0	0	0	0	0	0	0	0	0	0.01422015654	0.03143557869	0
Ca006ONL_Ca-006-ON_skin_case-lesional	0	0	0	0	0	0	0	0	0	0	0	0	0	0	0	0	0	0	0	0	0	0	0	0.05163876816	0	0	0	0	0	0	0.003106336857	0	0	0	0	0	0.003289077351	0	0	0	0	0	0	0	0	0.2478912944	0	0	0	0	0	0	0	0	0	0	0	0	0	0	0	0	0	0	0	0	0	0.07407461163	0	0	0	0	0	0	0	0	0	0	0	0	0	0	0	0.007236441191	0	0	0	0	0	0	0	0	0.006409619868	0	0	0	0	0	0	0	0.07643981706	0	0.02991403351	0	0	0	0	0	0.5
Ca006ONL2_Ca-006-ON_skin_case-lesional	0	0	0	0	0	0	0	0	0	0	0	0	0	0	0	0	0	0	0	0	0	0	0	0	0	0	0	0	0	0	0	0	0	0	0	0	0	0	0	0	0	0	0	0	0	0.01547302948	0	0	0	0	0.5	0	0	0	0	0	0	0	0	0	0	0	0	0	0	0	0	0	0	0	0	0	0	0	0	0	0	0.1137313675	0	0	0	0	0	0.1446856138	0	0	0	0	0	0	0	0	0	0	0	0	0	0	0	0	0	0	0.09906490328	0.127045086	0	0	0	0	0