Ca009STNL_Ca-009-ST_skin_case-nonlesional	900222_Ca-101-ID_skin_case-nonlesional	Ca010EBNL_Ca-010-EB_skin_case-nonlesional	900461_Ca-146-SM_skin_case-nonlesional	900052_Ca-011-LQ_skin_case-nonlesional	900227_Ca-103-BT_skin_case-nonlesional	900058_Ca-013-NN_skin_case-nonlesional	900230_Ca-104-SB_skin_case-nonlesional	900233_Ca-105-LX_skin_case-nonlesional	900061_Ca-014-LB_skin_case-nonlesional	900236_Ca-106-NM_skin_case-nonlesional	900064_Ca-015-AM_skin_case-nonlesional	900239_Ca-107-BM_skin_case-nonlesional	900068_Ca-016-YT_skin_case-nonlesional	900256_Ca-108-EJ_skin_case-nonlesional	900071_Ca-017-OM_skin_case-nonlesional	900477_Ca-151-QR_skin_case-nonlesional	900483_Ca-153-MN_skin_case-nonlesional	900074_Ca-018-AS_skin_case-nonlesional	900079_Ca-019-EC_skin_case-nonlesional	900262_Ca-110-LN_skin_case-nonlesional	900082_Ca-020-AZ_skin_case-nonlesional	900277_Ca-111-IN_skin_case-nonlesional	900085_Ca-021-IM_skin_case-nonlesional	900300_Ca-112-AM_skin_case-nonlesional	900259_Ca-109-BJ_skin_case-nonlesional	900294_Ca-113-MN_skin_case-nonlesional	900088_Ca-022-MS_skin_case-nonlesional	900296_Ca-114-QT_skin_case-nonlesional	900091_Ca-023-EJ_skin_case-nonlesional	900303_Ca-115-OM_skin_case-nonlesional	900094_Ca-024-ZM_skin_case-nonlesional	900306_Ca-116-AN_skin_case-nonlesional	900097_Ca-025-AC_skin_case-nonlesional	900486_Ca-154-OS_skin_case-nonlesional	900225_Ca-102-IR_skin_case-nonlesional	900309_Ca-117-SM_skin_case-nonlesional	900100_Ca-026-KM_skin_case-nonlesional	900332_Ca-118-AS_skin_case-nonlesional	900103_Ca-027-IM_skin_case-nonlesional	900329_Ca-119-AM_skin_case-nonlesional	900108_Ca-029-TD_skin_case-nonlesional	900338_Ca-120-ST_skin_case-nonlesional	900111_Ca-030-LM_skin_case-nonlesional	900114_Ca-031-AN_skin_case-nonlesional	900335_Ca-121-BT_skin_case-nonlesional	900117_Ca-032-LN_skin_case-nonlesional	900341_Ca-122-UK_skin_case-nonlesional	900120_Ca-033-UD_skin_case-nonlesional	900123_Ca-034-LS_skin_case-nonlesional	900128_Ca-008-AF_skin_case-nonlesional	900055_Ca-012-LM_skin_case-nonlesional	900468_Ca-148-AL_skin_case-nonlesional	900130_Ca-035-AR_skin_case-nonlesional	900133_Ca-036-TK_skin_case-nonlesional	900406_Ca-127-OM_skin_case-nonlesional	900147_Ca-037-HM_skin_case-nonlesional	900409_Ca-128-SN_skin_case-nonlesional	900558_Ca-042-AM_skin_case-nonlesional	900415_Ca-129-AJ_skin_case-nonlesional	900412_Ca-130-PM_skin_case-nonlesional	900555_Ca-043-SS_skin_case-nonlesional	900418_Ca-131-PM_skin_case-nonlesional	900579_Ca-045-HN_skin_case-nonlesional	900421_Ca-132-LD_skin_case-nonlesional	900570_Ca-046-MT_skin_case-nonlesional	900424_Ca-133-LT_skin_case-nonlesional	900573_Ca-047-MD_skin_case-nonlesional	900427_Ca-134-IT_skin_case-nonlesional	900576_Ca-048-LN_skin_case-nonlesional	900582_Ca-049-LM_skin_case-nonlesional	900588_Ca-050-MM_skin_case-nonlesional	900437_Ca-137-TM_skin_case-nonlesional	900585_Ca-051-AM_skin_case-nonlesional	900492_Ca-155-LS_skin_case-nonlesional	900591_Ca-052-LM_skin_case-nonlesional	900434_Ca-138-SM_skin_case-nonlesional	900594_Ca-053-NN_skin_case-nonlesional	900440_Ca-139-OS_skin_case-nonlesional	900611_Ca-054-RN_skin_case-nonlesional	900443_Ca-140-EM_skin_case-nonlesional	900622_Ca-055-LN_skin_case-nonlesional	900446_Ca-141-TC_skin_case-nonlesional	900480_Ca-152-HN_skin_case-nonlesional	900449_Ca-142-AM_skin_case-nonlesional	900625_Ca-056-DH_skin_case-nonlesional	900452_Ca-143-ST_skin_case-nonlesional	900454_Ca-144-HN_skin_case-nonlesional	900458_Ca-145-LM_skin_case-nonlesional	900506_Ca-160-LB_skin_case-nonlesional	900465_Ca-147-LJ_skin_case-nonlesional	Ca008HNNL_Ca-008-HN_skin_case-nonlesional	900495_Ca-156-MV_skin_case-nonlesional	Ca007NKNL_Ca-007-NK_skin_case-nonlesional	900474_Ca-150-ZS_skin_case-nonlesional	900501_Ca-158-LC_skin_case-nonlesional	900504_Ca-159-AS_skin_case-nonlesional	900471_Ca-149-LM_skin_case-nonlesional	900125_Ca-009-ZN_skin_case-nonlesional	900076_Ca-0006-KM_skin_case-nonlesional	900509_Ca-161-OM_skin_case-nonlesional	900127_Ca-008-AF_skin_case-nonlesional	900498_Ca-157-LM_skin_case-nonlesional	900395_Ca-123-PG_skin_case-nonlesional	9003952_Ca-123-PG_skin_case-nonlesional	900398_Ca-125-IM_skin_case-nonlesional	9003982_Ca-125-IM_skin_case-nonlesional	900401_Ca-124-AB_skin_case-nonlesional	9004012_Ca-124-AB_skin_case-nonlesional	Ca006ONNL_Ca-006-ON_skin_case-nonlesional	Ca006ONNL2_Ca-006-ON_skin_case-nonlesional	Unknown	
Ca009STPN_Ca-009-ST_nasal_case-anterior	0	0.01379096778	0	0	0	0	0	0	0	0	0	0	0	0	0	0	0	0	0	0	0	0	0	0	0	0	0	0	0.007561191766	0	0	0	0	0.01616619943	0	0	0.1788377424	0	0.05034664411	0	0	0	0	0	0	0	0	0	0	0	0	0	0	0.2060579378	0	0	0	0.01315484233	0	0	0	0	0	0	0	0	0	0.01185443468	0	0	0	0	0	0	0.008860145877	0	0	0	0	0.001938082601	0	0	0.005012433831	0	0	0	0	0	0	0	0.007291226547	0	0.06943038502	0	0	0	0	0	0	0	0.01043531875	0.005902100076	0.01248206748	0	0	0.0475449462	0	0	0	0	0	0.3333333333
900223_Ca-101-ID_nasal_case-anterior	6.31E-08	0	0	0	1.25E-05	0	0	0.002863470436	0	0	0	0	2.25E-06	5.06E-09	0	2.35E-08	0	5.05E-08	1.61E-05	0	5.95E-08	0	0	0	0	3.06E-06	0	0	0	0	1.86E-05	0	0	0	0	6.26E-06	0.0005083575775	5.94E-08	0	0	0	0	0.128559595	0	0	1.22E-05	0	0	0.0003415496421	0	0.6396817951	1.31E-08	6.50E-08	0	2.20E-08	0	7.97E-08	0.0005629086662	0	0	0	5.50E-08	2.15E-05	2.50E-08	0	8.83E-08	3.10E-08	1.44E-08	0	1.96E-08	7.55E-08	0	0	0	0	0	7.13E-08	0	0	1.74E-05	0	0	0.2054650498	0	0.0002658558392	0	1.10E-08	0	0	4.64E-05	0	0	3.07E-08	0	1.76E-08	0.002372396845	0	0.002059980601	5.93E-08	0	0	0	0	0	0	0	0.01715782995	4.19E-06	0	0	0	0
Ca010EBPN_Ca-010-EB_nasal_case-anterior	2.11E-07	1.33E-10	1.43E-10	6.77E-05	3.80E-10	0	0	0.005932189353	3.77E-06	7.14E-05	7.58E-05	0	6.81E-06	5.85E-06	0.0001399810033	2.32E-07	1.26E-07	0.0004040688775	0.0001353741837	0.0008770893247	3.19E-06	3.50E-10	5.81E-05	3.57E-08	5.85E-08	0.001251110141	0	6.33E-06	5.35E-11	1.56E-10	2.16E-10	0	0.0001243507658	8.62E-07	8.51E-06	0.0002755635509	2.27E-06	0.001077967726	0	3.36E-06	1.88E-07	0.000190555789	0	5.99E-05	4.80E-08	0.05916507563	3.41E-06	1.27E-10	5.66E-05	0.0004902343322	0.08494391414	8.10E-08	8.95E-08	3.40E-10	0.05080315167	4.56E-08	0.0002238904504	8.00E-05	7.22E-06	0	0.002673507531	2.51E-10	0.002384900959	9.62E-05	5.65E-11	2.81E-06	0.0001086381621	6.17E-08	3.78E-10	4.60E-05	8.15E-05	5.64E-05	0.003077972368	3.36E-05	7.12E-06	7.22E-06	1.21E-07	0.003663483566	0.0005739826796	3.17E-10	5.86E-09	0.0004837003905	0.006454069601	0.0002371976157	1.35E-05	0.0006815101157	2.18E-07	7.95E-07	0	8.44E-08	0.00279549293	0.002457274485	0.0007062635147	3.87E-06	1.10E-07	0.01327732428	0.002815896532	0.7446093976	0	1.77E-07	1.33E-05	0	0	6.19E-06	0	1.90E-07	6.66E-05	0.005042527456	0.0006940245076	0.0002699851245	2.23E-08	0
900462_Ca-146-SM_nasal_case-anterior	6.26E-08	0	0	0.0001756364455	0	0	0	0.0001976041217	0	0	0	0	0.001268847453	0	3.78E-06	0.000128436771	0	1.72E-07	0.0109763319	0	0	0	0	0	0	0.2305394617	0	0	3.47E-08	0	0	0	0	0	0	0.0009491326422	1.65E-07	0	0	0	0	0	0	0	3.88E-08	0.01058508555	0	0	0	0	0	0.001873104371	0	0	4.84E-05	0	0	2.43E-06	0	0	0	0.0002462195502	0	0.1121705377	0	0	0	1.39E-07	1.52E-07	9.34E-06	0	0	1.18E-05	0	0	0	0.2260717492	0	0	0	0	0	5.16E-08	0	1.61E-07	5.91E-08	0	0	1.80E-06	0.04632255345	0	0	0	0	0.2164173797	0.1419987913	0	0	0	0	0	0	0	0	0	0	1.60E-07	1.83E-07	0	0	1.89E-07	0
900053_Ca-011-LQ_nasal_case-anterior	4.46E-08	0	4.02E-08	0	0	0	0	0.01755235152	0	0	0	0	0	4.42E-08	0	1.71E-08	0	0	0.03247985118	0	7.18E-08	0	0	0	0	0.0001084781569	0	0	0	0	1.02E-07	0	0	0	0	1.93E-09	1.23E-08	0.005819666661	0	0	0	0	0.001003557066	9.71E-08	0	0.0001521976787	0	0	6.85E-09	0	1.68E-05	1.56E-05	2.35E-05	0	0	0	1.09E-07	0.002519420162	0	0	0	0	0.9320677979	2.89E-05	0	0	0	3.26E-08	0	9.90E-06	6.00E-09	0	2.64E-05	3.85E-06	0	0	9.54E-08	0	0	0	0	0	1.81E-05	0	0.005148302625	5.64E-08	0	3.86E-08	0	0.002440435617	0	0	0	0	6.16E-06	0.000162121821	0	0	0	0	0	0	0	0	0	0	0	0.0003958342393	0	0	0	0
900228_Ca-103-BT_nasal_case-anterior	3.83E-07	0	0	1.40E-08	4.93E-07	0	0	1.33E-05	0	0	0	0	1.58E-11	0	1.27E-11	0	0	7.70E-12	0.0005321091914	0	0	0	0	0	0	1.46E-07	0	0	0	0	1.49E-11	0	1.50E-12	0	0	0	1.25E-07	2.64E-07	0	0	0	7.75E-12	0	1.21E-06	1.58E-08	0.0001484066195	0	0	2.10E-11	0	1.49E-13	1.72E-08	0	0	5.26E-12	0	9.14E-09	8.56E-09	0	0	0	2.08E-11	0.542899786	2.71E-06	0	1.88E-11	0	0	1.13E-11	0	9.83E-09	0	6.73E-07	0	0	0	1.64E-08	0	0	0	0	0	1.98E-05	0	0.4563692492	0	0	0	0	8.09E-09	0	0	1.45E-11	0	1.79E-07	1.00E-05	0	0	1.27E-11	0	0	2.49E-12	0	0	0	0	1.03E-06	2.26E-08	0	1.45E-11	0	0
900059_Ca-013-NN_nasal_case-anterior	1.33E-07	0	0	1.88E-07	0	0	0	0.0003605930993	0	0	0	0	5.70E-07	0	0	9.30E-10	0	5.03E-07	0.07190086155	0	0	0	0	0	0	0.004833687691	6.92E-10	0	0	1.10E-09	1.44E-09	0	1.22E-09	0	0.003239809866	1.31E-09	7.76E-08	2.08E-07	0	0	0	0	0	1.13E-09	0	0.1358718951	0	0.001044699871	5.10E-07	0	0.5606385218	0.00109037505	1.00E-09	0	2.20E-07	0	2.88E-05	0.00021471652	0	4.77E-07	0	2.47E-05	2.64E-05	1.52E-06	0	0	0	2.63E-07	5.09E-10	0	1.07E-09	0	0	0	0	0	0.02106635087	0	0	0	0	0	0.04066722796	0	0.001243322525	0	8.23E-10	1.07E-06	3.52E-06	0.01614383024	0	0	1.78E-06	0	0.0009797371142	0.03265548243	0	0	0	0	0	0	0	0	0	0.03827399172	0	0.06968391494	0	0	0	0
900231_Ca-104-SB_nasal_case-anterior	0	0	0	0	0	0	0	0	0	0	0	0	0	0	0	0	0	0	0	0	0	0	0	0	0	0	0	0	0.06695483815	0	0	0.01832463716	0	0	0	0	0	0	0	0	0	0	0.03754352973	0.08138719135	0	0	0	0	0	0	0.431248687	0	0	0	0	0	0	0	0	0	0	0	0	0	0	0	0	0.1132004629	0	0	0	0	0	0	0	0	0	0	0	0	0	0	0.01121132924	0	0.08283630217	0	0	0	0	0	0.02246477402	0	0	0	0	0	0	0.1038268185	0	0	0	0	0	0	0.02153095239	0	0	0.009470477327	0	0	0	0
900234_Ca-105-LX_nasal_case-anterior	2.02E-06	6.01E-20	0	4.53E-10	0	0.1219153727	0	5.83E-10	6.18E-20	0	0	0	5.28E-05	1.10E-20	0	6.93E-10	0	8.24E-30	5.33E-17	4.39E-17	0	2.95E-13	0	5.68E-20	2.32E-32	0	1.26E-29	0	0	0.0001484135097	1.78E-29	9.91E-14	0	8.92E-33	0	2.63E-06	3.68E-17	2.61E-29	0	0	4.73E-29	0	0	0	5.39E-32	1.77E-05	0	5.65E-33	0	0	8.49E-30	0	0.0003068335471	4.71E-20	8.99E-19	1.80E-32	2.68E-18	7.61E-10	4.23E-32	0	0	1.38E-18	0.1107858487	4.24E-29	0	0	0	0	2.13E-29	0.0003486334681	3.54E-10	0	3.09E-18	0	0	0	4.33E-17	1.87E-17	0	0.2628669629	0	0	7.22E-10	0	1.63E-29	0	0	4.12E-29	0	3.02E-18	0	0	3.91E-08	0	7.27E-18	0.503552713	6.87E-11	0	0	3.70E-19	0	0	0	0	0	0	1.30E-18	5.62E-32	0	0	0	0
900062_Ca-014-LB_nasal_case-anterior	0	0	0	0.001363223548	0.06732617975	0	0	0.02584364788	0	0	0	0	0.01973433633	0	0	0	0	0	0.08080897614	0	0.004751293018	0	0	0	0	0.003653287096	0	0	0	0	0	0	0	0	0	0.003785673195	0	0.01667638737	0	0	0	0	0	0	0	0.010320995	0	0	0	0	0.07609745001	0.01685430186	0.007109111482	0	0.006094671978	0	0.0331757036	0.04103411283	0	0	0	0.008559708036	0.0171825837	0.03161844985	0	0.03399220885	0	0.02027403845	0.009292012607	0.006459635923	0.02884046667	0	0	0	0	0	0.005781987209	0	0	0.05898659662	0	0	0.007369586029	0.008325473395	0.04219654898	0.000557666088	0	0.001829372767	0	0.1238289725	0	0.006197905076	0	0	0	0.1323634872	0	0	0	0	0	0	0	0	0	0	0	0.04171394897	0	0	0	0
900237_Ca-106-NM_nasal_case-anterior	0	0	0	0.004024138195	0.00074564581	0	0	0	0.001507770964	0.003460869322	0.01123099018	0	0	0.0007370911986	0.01496811803	0.004524290632	0.0004202305536	0	0	0	1.88E-05	0	0.002922465883	0	0.01238375165	0.08528491126	0	0.0001210011947	0.00719218568	0	0	0	0.003892331273	0	0	0	0	0.005104499339	0	0.01407535639	0	0	0.1178273436	0.1403352001	0	0	0.006763678853	0.0127483589	0	0.009168010896	0.001235949858	0.0002107302638	0	0	0	0	0	0	0.003575307286	0	0	0.001054833765	0	0.003777018169	0	1.05E-05	0.0007075352363	0	0.01143473728	0	0	0	0	0.008489278404	0.0004769694987	0	0.09259944719	0.005483734462	0.0007820291231	0	0	0.008428222326	0	0.0007524227417	0.01921843232	0	0	0	0	0	0.1583146201	0	0	0	0	0	0.001826898951	0.1300195768	0	0	0.0009832317965	0.08973380196	0	0	0.0001040704313	0.0004233104548	0.0003779383039	0	0.0002101660682	0	0.0003122362691	0
900065_Ca-015-AM_nasal_case-anterior	0	0	0	0.05881280155	0.0004013898983	0	0	0.005013202346	0	0	0	0	0.02088242535	0	0	0.001512686499	0	0.001908991673	0.1050745643	0	0	0	0	0	0	0.01849106515	0	0	0	0	0.07471533902	0	0	0	0	0.02213392723	0	0.009430529344	0	0	0	0	0.01666863999	0.001409383686	0	0.0002125966475	0	0.00540280858	0	0	0.04096106662	0.007568534367	0.0001106320986	0	0	0	0	0.0008339049899	0	0	0	0	0.00729767446	0.0006523698968	0	0.001563155356	0	0.0004225961883	0	0.005404255399	0.00813299149	0	0.008288874976	0	0	0	0.01045146102	0	0	0.0005478456619	0	0	0.07279045186	0	0.15300524	0	0	0	0.02029840554	0.07584606546	0	0	0	0	0.1755225633	0.0283395071	0.001343356053	0.03710275015	0	0	0	0	0	0	0	0.001188545853	0	0.0002574009492	0	0	0	0
900240_Ca-107-BM_nasal_case-anterior	0	0	0	0	0.005304571515	0	0	0.02158008136	0	0	0	0	0.0150366501	0	0	0	0	0.0006150189558	0.02530737326	0	0.002367102888	0	0	0	0	0.003039970662	0	0	0	0	0.0009473578538	0	0	0	0	0.003102103877	0.01370238558	0	0	0	0	0	0	0	0.002304059358	0.01367235365	0	0	0.0009858411436	0	0.002100319004	0.001400555474	0	0	0	0	0	0.001739716206	0	0	0	0.0006232766051	0.05473286066	0.002400972842	0	0	0	0.001595377263	0.0008279436595	0	0.002382352984	0	0.001553270779	0	0	0	0	0	0	0	0	0	0.001324116117	0.00146443185	0.693719146	0	0	0	0	0.03406485492	0	0	0	0	0	0.003908723538	0	0	0	0	0.07554772685	0	0.0001418610368	0	0.01120534811	0	0.00130227588	0	0	0	0	0
900069_Ca-016-YT_nasal_case-anterior	7.01E-07	0	0	5.92E-07	0.001824910952	0	0	0.9945769564	0	0	0	0	1.82E-14	0	0	0	0	0	7.34E-07	7.06E-13	0	0	0	0	0	5.42E-13	0	0	5.27E-13	0	0	0	0	0	0	0.001092543056	4.06E-14	0	0	0	0	9.81E-13	0	0	2.47E-13	0.001143480501	0	0	0	0	0	3.38E-13	0	0	1.43E-12	0	1.36E-12	7.36E-07	0	0	0	0	1.27E-12	0.0004928584186	0	4.68E-13	0	1.48E-12	0	1.08E-12	5.02E-07	0	8.99E-13	0	0	0	7.63E-07	0	0	6.79E-07	0	0	8.10E-07	0	4.27E-07	0	0	0	0	0.0002779831062	0	0	0	0	1.49E-12	0.0005845438387	0	2.42E-13	0	0	0	0	0	0	0	0	8.43E-13	7.80E-07	0	0	0	0
900257_Ca-108-EJ_nasal_case-anterior	3.07E-07	1.40E-11	1.41E-12	2.63E-11	4.34E-12	0	0	0.002233779342	0	0	0	0	1.64E-07	0	0	3.86E-09	0	1.40E-11	3.76E-05	3.85E-07	0	0	0	0	0	0.0007441149148	0	0	0	8.11E-12	2.25E-11	0	0	0	0	1.44E-11	1.49E-11	0	0	0	0	0	0	0	8.47E-08	0.0001105022605	0	2.67E-11	0	0	3.35E-12	0.0001378088249	0	0	8.86E-12	0	0	0.001397733011	0	1.05E-11	0	3.55E-07	3.98E-07	8.71E-05	0	0	0	2.83E-11	0	0	4.53E-05	0	4.62E-07	0	0	0	0.001022559745	0	0	0	0	0	0.08550329632	0	0	1.48E-11	2.57E-11	0	3.19E-09	0.8264075492	0	0	0	0	0	0.08129765218	0	0	0	0	0	0	0	0	0	0	0	0.000972846415	0	4.12E-12	1.28E-12	0
900072_Ca-017-OM_nasal_case-anterior	0	0	0	0	1.86E-05	0	0	0.001329700181	0	0	0	0	0.002433377281	0.0005321274422	0	0	0	0.0002564116975	0.001025485931	0.0007358598377	0	0	0	0	0	0.002765719997	0	0	0	0	0	0	0	0.0005464003308	0	0.003370752824	0.0008093632439	0	0	0	0	0	0	0	0.00209968921	0.008590112947	0	0	0	0	3.74E-05	9.85E-05	0.0005436984988	0	0.0006735750554	0	0.0001679714471	0.0003610729075	0	8.39E-05	0	0.0005923258516	0.5962692898	1.84E-05	0	2.57E-05	0	0	0	0.003075971553	0.003801940845	0	0.0006609281125	0	0.04262293419	0	0.0005494746623	0	0	0.0005654653465	0	0	0.003110738557	0	0.3130070972	6.54E-05	0	0.0007816016139	0	0.001224059783	0	0.0008214180758	0	0	0.0001139591147	0.005701378123	0	0.0005120340164	0	0	0	0	0	0	0	0	0	0	0	0	0	0
900484_Ca-153-MN_nasal_case-anterior	0	0	0	0	0	0	0	0.00359471669	0	0	0	0	0.02551145905	0	0	0.001790270788	0	0	0.02268603687	0.002878562863	0.0003802622817	0	0	0	0	0.2236707828	0.009420270253	0	0	0	0.001189214154	0	0	0.00198825487	0	5.52E-05	0.005232404672	0	0	0	0	0	0	0.01342472385	0.002192353833	0.009926941286	0	0.01987247125	0	0	0	0.01141828352	0.02352168902	0	0.0001365960607	0	0	0.03843772728	0	0	0	0.008566358718	0.04041966752	0.1325090097	0	0.007284566564	0	0.001947456077	0	0.002353400969	0.001103672055	0	3.92E-05	0	0	0	0.03020127707	0.001245762134	0	0.002499996124	0	0	0.02759417212	0	0.002176626999	0	0.005613430398	0	0.009211979166	0.06192660884	0	0	0.001382077484	0	0.02218613474	0.1210379628	0	0.02115796766	0	0	0	0	0	0.001053339543	0	0.01751380863	0.02438834285	0.03925899263	0	0	0	0
900075_Ca-018-AS_nasal_case-anterior	1.01E-07	2.64E-07	0	1.87E-07	0.0002775333192	0	0	2.26E-05	0	0	0	0	0.0002120766913	0	0	0.01990567733	0	5.43E-08	0.004505859669	0	1.97E-07	0	0	0	0	0.003783973412	0	0	9.18E-07	0	1.42E-07	0	0	0	0	2.64E-05	0	0.0008402755816	0	0	0	0	5.09E-06	5.79E-06	6.30E-08	0.002196760804	0	6.03E-05	0	0	2.08E-05	1.57E-05	6.06E-08	0	0	0	7.56E-08	2.43E-05	0	2.35E-07	0	2.15E-05	0.2833661996	0	0	0	0	0	6.25E-08	0	6.88E-06	0	0	0	0	0	0.4304081892	0	0	6.71E-06	0	0	0.01852885567	0	0.01602805997	0	1.07E-07	3.19E-05	0	0.1958073801	0	0	5.67E-08	0	0.0006980425897	0.01154091967	0	0	0	0	0	0	0	0	0	0	2.19E-05	0.01162777875	0	0	0	0
900080_Ca-019-EC_nasal_case-anterior	0	0	0	0	0	0	0	0	0	0	0	0	0	0	0	0	0	0	0	0	0	0	0	0	0	0	0	0	0	0	0	0	0	0	0	0	0	0	0	0	0	0	0.007426066514	0	0	0	0	0	0	0	0.0007129114972	0	0	0	0	0	0	0	0	0	0	0	0.4188333703	0	0	0	0	0	0	0	0	0	0	0	0	0	0	0	0	0	0	0	0	0	0.5730276517	0	0	0	0	0	0	0	0	0	0	0	0	0	0	0	0	0	0	0	0	0	0	0	0	0	0	0
900275_Ca-110-LN_nasal_case-anterior	9.26E-07	0	0	1.37E-18	0	0	0	0.0003620101614	0	0	0	0	9.52E-18	7.38E-18	0	1.09E-17	0	0	1.35E-11	0	7.94E-18	0	0	0	0	6.11E-07	0	0	5.16E-18	0	2.06E-07	0	5.89E-18	0	0	0	6.59E-18	8.58E-19	0	0	0	0	0	0	9.66E-18	0.0007977559931	0	0	0	0	0.8524041283	6.05E-18	0	0	1.07E-17	0	0	4.73E-18	0	0	0	4.04E-18	2.54E-12	7.72E-11	0	0	5.45E-18	7.49E-18	7.71E-18	8.97E-18	0	0	4.31E-18	0	0	0	5.78E-11	0	0	0	0	0	0.0006722178552	0	8.05E-17	0	0	0	0	9.13E-10	0	0	6.38E-18	0	6.91E-11	0.1457612358	0	2.03E-09	0	4.54E-18	0	0	0	4.41E-18	0	4.33E-18	3.00E-10	9.06E-07	0	0	0	0
900083_Ca-020-AZ_nasal_case-anterior	7.87E-07	0	0	0	3.82E-08	0	0	3.57E-05	0	0	0	0	4.18E-06	1.06E-11	0	0	0	0	5.06E-09	0	0	0	0	0	0	1.74E-08	2.71E-12	0	0	0	2.73E-08	0	0	9.99E-12	0	4.23E-08	0	3.07E-12	0	0	3.17E-08	0	0	0	0	0.03512910286	0	0	6.06E-12	0	0.3721769788	2.44E-06	0	0	8.24E-12	0	0	0.001983674126	0	0	0	4.21E-12	0.2548231984	4.95E-10	0	0	0	8.57E-06	7.46E-09	0	3.83E-08	0	0.001086299033	0	0	0	3.15E-06	0	0	0	0	0	2.59E-08	0	0.334721165	0	1.43E-08	0	0	1.72E-06	0	4.10E-10	9.74E-12	0	3.67E-12	1.33E-05	0	4.40E-07	3.74E-06	1.69E-08	0	0	0	0	0	0	2.39E-08	5.20E-06	0	0	0	0
900278_Ca-111-IN_nasal_case-anterior	0	0	0	0	0.01820004273	0	0.6317000682	0	0	0	0	0	0	0	0	0	0	0	0	0	0	0	0	0	0	0	0.0586395478	0	0	0	0	0.02537491917	0	0	0	0	0	0	0	0	0	0	0	0	0	0	0	0.004270092962	0	0	0	0.01561552688	0	0	0	0	0	0	0	0.0297656628	0	0	0	0	0	0	0	0	0.01754686301	0	0	0.0206647656	0	0	0	0	0	0	0	0	0	0	0	0	0	0	0.01255703837	0	0.08349914197	0	0	0	0	0	0	0	0	0	0	0	0	0	0.06525373137	0	0	0.01691259918	0	0	0	0	0	0
900086_Ca-021-IM_nasal_case-anterior	1.18E-07	0	6.78E-09	2.55E-05	4.81E-05	0	0	0.01726353443	0	0	0	0	1.76E-05	0	0	4.00E-05	0	3.70E-08	9.12E-09	0	6.42E-08	0	0	0	0	0	0	0	0	0	1.18E-07	0	0	0	0	0.001380264067	3.07E-05	0	0	0	0	0	0	0	0	0.001806583949	0	0	3.75E-08	0	0.06313356793	1.16E-07	0	0	0	0	0	1.37E-09	0	1.08E-07	0	5.12E-05	4.26E-05	1.78E-08	0	0	0	0	5.14E-08	0	2.66E-08	0	4.46E-08	0	0	0	5.65E-05	7.77E-08	0	0	0	0	0	2.89E-08	6.44E-08	0	9.31E-08	0	0	0.001568365212	0	0	0	0	1.21E-08	0.1027208085	7.00E-08	0	0	7.25E-08	0	0	0	0	0	3.39E-08	4.19E-08	0	0	0	0	0.8118135123
900301_Ca-112-AM_nasal_case-anterior	5.42E-08	1.22E-08	3.26E-08	6.19E-07	4.87E-06	0	0	0	0.003727390363	0.001585524902	0.001027730358	0	4.32E-08	5.82E-05	0.0009032395995	6.30E-06	0.0002444456595	0.0005135440264	0	0.04692828324	0.01434808331	0	0.03072327564	5.85E-08	0.01881597863	0	6.89E-08	0.01182790032	9.50E-06	4.37E-08	0	0	0.001117652285	0.02490477857	0.1041363918	9.25E-06	2.25E-06	0.003616646951	0	0.06940278031	0.01438038856	0.002224378502	4.65E-06	0.0001283436986	6.05E-05	0	0.05132179679	7.32E-05	0.0001402406547	0.05019921825	0	4.63E-05	2.87E-08	7.51E-08	0.00436398361	0.03652197807	0.002259243865	0	0.06139241958	0	0.01416856914	9.50E-06	1.60E-08	0.0003309851841	0.00305806091	0.001054011837	0.005143821249	3.98E-08	8.25E-06	1.55E-05	7.20E-08	0.0008202794953	6.97E-08	0.03630685022	0.09239054121	5.23E-05	0	0.005267207013	0.03690659536	0	8.73E-09	0.05046794244	0.0001324141321	0.001023897976	0	0.0001254741491	0	0.01286801394	0	0	0.001193016227	0.02612041956	2.50E-09	0.1002299531	2.42E-06	0	0.002477211039	3.52E-05	1.73E-08	1.75E-06	0.002272664495	9.05E-06	1.77E-06	0.0009888352334	0.006894103402	0.02607913251	2.73E-06	0	0.01000011638	0.001111940443	0.005397688987	0
900295_Ca-113-MN_nasal_case-anterior	2.12E-07	0	0	1.01E-10	0	0	0	3.66E-09	0	0	0	0	0.0001331458813	4.56E-10	0	1.33E-07	0	0	2.79E-06	0	4.79E-05	0	0	0	0	0.0001309502691	8.10E-08	0	0	0	0.06216199963	0	0	3.30E-05	0	0	9.96E-08	8.50E-06	0	0	2.33E-05	0	0	0	1.98E-10	2.06E-07	0	0	1.08E-10	0	7.73E-08	7.18E-06	3.97E-10	0	3.78E-10	0	5.96E-10	0	0	1.08E-07	0	7.01E-06	0.007593504344	0.01326746021	0	0	8.46E-08	0.005194023837	3.87E-10	0	1.21E-07	0	4.75E-10	2.11E-08	3.75E-08	0	0.1475101077	0	0	0	0	0	0.0001632312245	0	0.4949654607	0	0	0	1.30E-07	0.2678744889	0.0002638525414	0	0	0	0.0005769823993	8.66E-07	0	0	1.04E-10	0	0	0	2.61E-05	2.44E-10	3.36E-10	0	3.55E-10	6.89E-06	0	0	0	0
900089_Ca-022-MS_nasal_case-anterior	4.59E-07	0	0	0	3.20E-13	0	0	0.0001764942894	0	0	0	0	1.62E-06	0	0	1.32E-12	0	0	0.002923007513	0	0	0	0	0	0	0.00269397717	0	0	0	0	0.002288063242	0	0	0	0	0	0.7534715897	4.52E-13	0	0	0	1.60E-12	0	0	8.47E-07	0.0009054850372	0	0	8.77E-14	0	0.2201697656	1.17E-12	1.48E-06	0	1.70E-12	0	1.73E-06	0.00331710753	0	0	0	7.73E-13	1.06E-06	0	0	8.87E-13	1.13E-12	0	1.70E-06	0	2.96E-14	0	1.42E-06	0	0	0	1.86E-06	0	0	3.16E-13	0	0	1.50E-12	0	6.76E-13	1.01E-12	1.85E-06	0	0	0.01139839236	0	5.13E-13	0	0	1.60E-12	0.002614762279	0	2.62E-05	0	0	0	0	1.39E-12	0	0	0	1.14E-06	2.75E-13	0	0	0	0
900298_Ca-114-QT_nasal_case-anterior	0	0	0	0.002035921492	0.001822019778	0	0	0.006217091506	0	0	0	0	0.00524674772	0	0	0	0	0.01775949	0.001947761992	0.0004375140824	0	0	0	0	0	0.004594631965	0	0	0	0.001520241224	0.0003309088284	0	0	0	0	0.002116954007	0	0.001632239278	0	0	0.001948675684	0	0.2217042388	0	0	0.03436344991	0	0	0.01052438167	0	0	0	0	0	0	0	0.005757349026	0.003101153077	0	0.001602960852	0	0.00188344012	0.2652722567	0.008590171223	0	0	0.001495361639	0.000253201103	0	0.0009903200692	0.001999507524	0	0	0	0	0	0.0005935875245	0	0	0.00142763497	0	0.001574493229	0.005710804257	0.001529740501	0.3279052366	0	0.00180713671	0	0	0.00686847011	0	0.0004896567296	0	0	0.007263692663	0.01531597354	0.002352308344	0	0	0	0	0	0.001160067655	0	0	0.001354929846	0.0003524025347	0.01914587551	0	0	0	0
900092_Ca-023-EJ_nasal_case-anterior	8.73E-08	0	0	7.92E-06	0	0	0	0.001370622924	0	0	0	0	5.66E-05	0	0	6.53E-07	0	1.25E-07	0.002218180397	0	0	0	0	0	0	0.00854188333	0	0	8.97E-07	0	0	0	0	0	0	0.0007115041419	5.62E-05	2.68E-07	0	0	0	0	0	0	0	6.09E-07	0	0	7.99E-07	0	0.0168421261	0.007662601014	0.0009665662952	0	0	0	6.81E-07	0.002210265274	0	0	0	4.06E-07	0.00788749298	2.50E-05	0	2.29E-07	0	5.24E-08	0	0	3.45E-07	0	4.57E-07	0	0	0	0.04893745466	0	0	0	0	0	4.90E-07	6.65E-07	0	0	0	4.47E-07	0	0.7524055218	0	0	0	0	4.62E-05	0.01225040418	0	0	0	0	0	0	0	6.21E-07	2.85E-05	5.78E-07	0	0.1377665837	0	0	0	0
900304_Ca-115-OM_nasal_case-anterior	0	0	0	0	0	0	0	0.04370697855	0	0	0	0	0.01512037685	0	0	0	0	0.004839370534	0.04346087048	0	0.005606797663	0	0	0	0	0.02639632359	0	0	0.009670091806	0	0.01407770933	0	0	0.008858567766	0	0.004781036435	0.01170057148	0.0007785376409	0	0	0	0	0	0	0.01610513049	0.02165771053	0	0	0.02182043503	0	0.1543705819	0.01094140183	0.01442552441	0	0	0	0.001080050305	0.06470422864	0.002293724547	0.01757672341	0	0	0.01046232506	0.0502403286	0	0.0451545272	0	0.04058966464	0	0	0.03373062759	0	0	0	0	0	0.01668362801	0	0	0	0	0.01367028267	0.06084903215	0	0.001262294562	0	0.01566500358	0	0	0	0	0	0	0	0.01816897921	0.01575661863	0	0	0	0	0	0	0	0	0	0	0.01065473257	0.1124295267	0	0.04070968566	0	0
900095_Ca-024-ZM_nasal_case-anterior	1.25E-07	0	0	0	0	0	0	0.0004240480528	0	0	0	0	9.95E-08	0	0	0	0	1.81E-07	0.000257692859	0	2.86E-07	0	0	0	0	0.02557372957	0	0	4.05E-07	0	2.21E-07	0	0	2.06E-07	0	3.07E-07	1.19E-07	2.35E-07	0	0	0	0	0	0	6.48E-05	0.008554439528	0	0	0	0	5.64E-08	0.0001047726375	0	0	0	0	3.51E-07	0.008472995593	0	1.64E-07	0	0.4927206399	0.08142678717	0.0002513153481	0	0	2.04E-08	1.51E-07	4.03E-07	0.0003687331832	0	0	6.41E-05	0	0	0	1.18E-07	0	0	0	0	0	0.0001513857718	0	0	0	0	2.35E-08	0	0.008393479114	0	0	0	0	0.000216962021	0.3729497297	0	5.18E-08	0	3.71E-07	0	0	0	0	2.26E-07	1.78E-07	0	7.62E-08	0	0	0	0
900307_Ca-116-AN_nasal_case-anterior	0	0.002364189718	0.002312136393	0.0003306541678	0.02407789871	0	0	0	0.009199169397	0.005308383314	0.0005665766544	0	0.001223331329	0.003812496001	0.02509118681	0.01817712975	0.01839798409	0.03849219702	0	0.01068472505	0.02379089833	0.0006052146233	0.007526141062	0.001634741332	0.001950137377	0	0.001585443487	0.03430767007	0.01863823959	0.0007302009404	0.001501695797	0	0.01009127645	0.003892945902	0.007435654829	0.002204251725	0.002476086949	0.002592818711	0	0.001275495541	0.03522190167	0.0598541636	0.0005960052415	0.01933120755	0	0	6.10E-05	0.003177797231	0.002653381701	0.01760974299	0	0	0	0	0.01200036068	0.006422836385	0.007306421763	0	0.007091175653	0	0.04802394306	0.001397055035	0	0.0002821424779	0.02139779263	0.002229592299	0.0001596852944	0.001945938849	0.006256651702	0.00923815317	0	0.07707606785	0.003379829336	0.003247392922	0.005319599836	0.029258257	0	0.002598034562	0.009118102743	0.009609766351	0.002229668941	0.03677812343	0	0.01199492272	0	0.001469899404	0	0.01867445689	0	0.002324516632	0.03432455231	0.02138436514	0.00147685773	0.01884312552	0.001776925577	0	0.01303239878	1.48E-05	0.003970396209	0.03867007387	0.006288698573	0.008254734324	0.001774872619	0.02282070051	0.0005020132726	0.001804241509	0	0	0.01990633318	0.04631306529	0.001229292129	0
900098_Ca-025-AC_nasal_case-anterior	7.35E-08	0	0.001545494616	1.78E-05	0.0001332157155	0	0	0.2639772418	0.008062075016	0.02539330674	0.02292804449	0.02053246161	0.0004727178931	0.00113120539	1.54E-06	0.0003017677732	0.0004292055433	0.02159831091	0.0001235058294	0.0001667217781	1.02E-05	3.69E-08	0.02008231758	0.0003458986388	0.0001249591046	0	2.63E-07	0.02692897217	0.007861226714	0	0.005864642675	9.43E-06	0.03250048509	0.002221478699	0.0001527885942	0.002527247916	0.01002792221	0.0006224843742	0	9.56E-07	0.02326814048	0.07655028264	0	0.004517538337	0.0005295391056	0.0005675615418	7.94E-05	4.73E-07	1.74E-05	0.0004707111355	0	2.61E-05	0.001329657472	2.77E-08	4.38E-05	1.41E-05	0.0001140325397	0.005947208901	0.0002976346007	0	0.01761952589	1.43E-05	1.91E-05	5.82E-08	0.002391910319	0.0004190425834	0.00424835991	9.62E-05	0.006434991097	0.03435643189	0.001428735709	0.02556949949	3.26E-05	0.04510167475	0.0001390177065	8.36E-06	0.0001307348299	6.62E-08	0.01646742966	0	1.12E-08	0.02795989837	0.004420503569	0.01050249369	1.81E-07	0.0002920984883	0.1077940663	0.02034283506	0	0.005332544536	0.003848085581	0.0003706132908	0	0.0009777954228	6.48E-05	4.00E-05	1.10E-06	0.002627709023	0.02670953613	0.0003453197437	0.001016825658	0.01737533015	1.64E-08	0.01786329404	1.84E-05	0.0001347531712	6.73E-06	6.45E-05	0.003769372009	0.003773060867	5.45E-07	0
900487_Ca-154-OS_nasal_case-anterior	0	0	0	0	0.01657538842	0	0.02017883557	0	0	0	0	0	0	0	0	0.01469238527	0	0	0.002697290457	0	0	0	0.003608641053	0	0	0	0.001308688989	0	0	0	0.003700520911	0	0	0	0	0.008470254304	0	0.007052124791	0	0	0	0.00121874728	0	0	0.0007154620007	0	0	0	0.003046115066	0	0	0	0	0	0.001252278288	0	0	0	0	0.007423595344	0	0	0.04028854893	0	0	0	0.001442051605	0	0	0	0	0	0	0.0692104222	0	0	0	0	0	0.00120509074	0	0.006772908564	0	0	0.5942571909	0	0.0006530796884	0	0.019908533	0	0	0	0.0005355355068	0	0.003395694698	0	0	0.1666666667	0	0	0	0	0.001129639226	0.001787246272	0	0	0	0	0	0.00080706426	0	0
900310_Ca-117-SM_nasal_case-anterior	0	0	0	0	0	0	0	0	0	0	0	0	0.01420473297	0	0	0	0.007959662651	0	0.1490375984	0	0	0	0	0	0	0	0	0	0	0	0	0	0	0	0	0	0	0	0	0	0	0	0	0	0	0	0	0	0.01596241777	0	0.1793970951	0	0	0	0	0	0	0	0	0	0	0	0.1001938378	0	0	0	0	0	0	0	0	0	0.02229560486	0.01337878579	0.001612905945	0	0.01622244639	0	0	0	0	0	0.003143092176	0	0.2352248587	0	0	0	0	0	0	0	0	0	0	0	0	0.2213190751	0	0	0	0	0	0	0	0.008943263853	0	0.01110462253	0	0	0	0
900101_Ca-026-KM_nasal_case-anterior	0	0.002124073318	0	0	0	0	0	0.0006566293763	0	0	0	0	0.01328323326	0.002786326037	0	0.0009044896707	0	0.003232010564	0.0004401459702	0	0	0	0	0	0	0.00184686475	0	0	0	0	0.006524132965	0	0	0	0	0.001142306591	0.01176692726	0	0	0	0	0	0	0	0.00179746102	0.03214722244	0	0	0.001892243379	0	0.005009415563	0.002680415978	0.2791999178	0	0	0	0.1164605683	0.02462820781	0	0.001862300119	0	0.002420509726	0.2622018114	0	0	0	0	0.001375147135	0	0.0009642184056	0.007348582418	0	0	0	0	0	0.01087915914	0	0	0.002172239767	0	0	0.02356243937	0	0.1150853378	0	0	0.003029818664	0	0.02689290342	0	0	0	0	0.007835142564	0.01305086496	0	0	0.003440259445	0	0	0	0	0	0	0	0	0.009356673625	0	0	0	0
900333_Ca-118-AS_nasal_case-anterior	3.54E-07	4.82E-05	2.07E-07	4.19E-05	0.008787705845	0	0	0.0001760738165	0	0	0	0	0.0003500899271	0	0	5.86E-08	0.1653297552	0	0	0	0	0	0	0	0	0.0138756188	0	0	0	0	5.16E-07	0	0	3.25E-07	0	3.70E-07	6.95E-07	1.18E-07	0	0	0	0	0	0	5.55E-07	0.0060286692	0	0	0	0	2.30E-07	4.42E-07	1.85E-07	0	7.30E-07	0	6.37E-07	0.02014689863	0	0	0	2.11E-05	5.89E-05	0.0002247005571	0	4.28E-07	0	0.01040622469	0	0.0004101237334	3.34E-07	0	1.59E-06	0	0.0001757627966	0	0.1522261061	0	0	0.2137947948	0	0	0.001036153384	0	7.78E-07	5.95E-07	0	0	0	2.49E-07	0	0	0	0	0.0005172494516	0.3922217083	0	0	0.0004043272731	0	0	0	0	8.05E-08	0	0	0.002497815687	0.01121072367	0	0	0	0
900104_Ca-027-IM_nasal_case-anterior	1.68E-07	0	1.11E-05	0.004758883327	1.91E-07	0	0	0	0.02434916179	9.08E-05	1.95E-05	0	7.93E-07	0.0001510830534	2.95E-05	0.003080523293	0.0001210610523	0.005302392923	0.03849532967	0.002161435659	0.01548998099	1.59E-07	0.0021242793	0.000181171766	0.002659693578	0.2797742704	0	0.001085866386	4.92E-05	0	0.005632685787	0	0.001304191177	0.0001338750767	0.001160715032	6.91E-07	7.27E-06	0.0009732713403	0	0.0001756336361	0.000588195052	0.004763846325	8.44E-07	4.47E-07	6.97E-07	8.00E-07	0.0002373731207	0.001178798959	2.49E-05	0.0001198024686	0	0.249377328	0.0001160775428	0	5.34E-05	6.28E-05	0.0005163829533	0	0.0001408598863	0	0.005373687607	4.52E-07	0.003056134805	0.01815000827	0.0001210010455	9.93E-06	2.11E-07	0	0.0001350533985	1.11E-07	0.0003218076979	0.004475798062	3.55E-07	0.01634371822	7.30E-07	1.11E-05	0.001950815502	0.001084855461	7.27E-05	0	2.10E-07	6.35E-06	5.92E-07	7.23E-07	0.1408834083	7.76E-06	0	0.0008867074937	0	0.1563415477	0.0001615091211	6.37E-05	2.70E-05	0.0005752621192	1.81E-08	6.13E-07	0	6.42E-06	0	1.03E-05	0.001614448075	2.31E-05	0	0.0007343616883	0.0002043820962	0	4.86E-07	0	8.32E-05	0.0006093525554	0.0001426105803	0
900330_Ca-119-AM_nasal_case-anterior	1.08E-07	0	0	0	4.97E-07	0	0	0.0001784854842	0	0	0	0	0.004900018768	7.52E-07	0	6.97E-07	0	0	0.0005058281704	6.99E-07	0	0	0	0	0	0.004331049218	0	0	0	7.26E-07	2.26E-07	0	0	7.35E-07	0	0.04548982842	0	0	0	0	0	0	0	6.95E-07	3.90E-07	0.0079786513	0	0	0	0	0.107346436	0	7.86E-05	0	0	0	5.89E-05	0.001164876696	5.33E-07	0	0	0.0001797620336	0.1473601606	0	0	4.81E-07	0	0	0	0.0001368858275	0.0001599813499	0	0	0	0	0	0.0001088265051	0	0	0	0	0	3.27E-07	0	0.6175807166	0	0	0	0	0.000107136821	0	1.63E-07	3.57E-06	0	6.83E-05	0.01855516915	0	0.0004543358604	1.76E-07	0	0	0	0	7.27E-07	1.25E-06	0	1.68E-06	0.04324169022	0	2.26E-08	0	0
900109_Ca-029-TD_nasal_case-anterior	2.52E-07	2.20E-07	0	0	1.71E-07	0	0	0.01974054255	0	0	0	0	2.62E-05	0	0	2.96E-08	0	3.25E-07	0	0	0	0	0	0	0	0.002143069331	0	0	0	0	0	0	0	0	0	0.002516155101	0	0.0002809963417	0	0	0	0	0.001375733404	0	0	0.001884789945	0	0	0	0	0.08289480068	2.70E-07	0	0	1.89E-09	0	0	0.0001083180596	0	0	0	3.16E-05	0.002714576786	0.00112540263	0	0	0	0	0	0	1.13E-07	0	2.31E-07	0	0	0	0.002014143209	0	0	2.87E-07	0	0	0.1671338761	2.16E-07	0.000427499965	0	0	1.63E-07	0	0.1630702562	0	0	0	0	0	0.02628345624	0	0.0003382708029	3.87E-08	0	0	0	0	0	0	0	0.025861728	2.62E-05	0	0	0	0.5
900339_Ca-120-ST_nasal_case-anterior	2.88E-07	0	0	1.05E-07	0	0	0	3.01E-12	0	0	0	0	3.62E-06	3.99E-12	5.14E-12	9.33E-12	0	1.11E-11	0.1970866031	1.39E-07	0	0	0	0	0	0.5655924254	0	0	2.04E-07	0	6.04E-05	0	0	0	0	6.22E-05	1.35E-07	0	0	0	0	0	0	0	1.74E-11	0.001030167546	0	1.01E-07	1.69E-11	0	3.08E-07	3.56E-07	4.50E-12	0	1.13E-11	0	1.80E-12	2.62E-07	0	0	0	0.0001868026475	0.002241367818	5.43E-05	0	0	0	1.16E-12	1.52E-07	0	0	0	0	0	0	0	0.0148517589	0	0	1.92E-12	0	0	9.50E-05	0	6.52E-12	7.72E-12	0	1.52E-11	0	0.009987220435	0	0	9.94E-11	0	0.0001318388261	0.1268987193	0	5.60E-11	0	0	0	0	1.78E-10	0	4.05E-06	0	4.98E-07	0.08171098805	0	0	0	0
900112_Ca-030-LM_nasal_case-anterior	0	0	0	0.003629134272	0	0	0	0	0	0	0	0	0.1798104796	0	0	0.008411143612	0	0	0.5212114403	0.004685759109	0	0	0	0	0	0.006532478876	0	0	0	0	0	0	0	0	0	0	0	0	0	0	0	0	0	0	0	0	0	0	0	0	0	0.0160097279	0	0	0	0	0	0	0	0	0	0	0	0	0	0	0	0	0	0	0	0	0	0	0	0	0.009858716697	0	0	0	0	0	0	0	0.2340570501	0	0	0	0	0.008241358869	0	0	0	0	0.002056125406	0	0	0	0	0	0	0	0.005496585262	0	0	0	0	0	0	0	0	0
900115_Ca-031-AN_nasal_case-anterior	9.07E-08	0	0	1.05E-07	0	0	0	0.0001825493342	0	0	0	0	4.13E-05	0	0	9.59E-08	0	0	0.0009128997	0	0	0	0	0	0	8.92E-08	0	0	0	0	4.20E-05	2.83E-05	0	0	0	0.0001786071657	0	5.11E-06	0	0	6.36E-08	0	0	0	0	0.301715025	0	0	3.04E-08	0	1.28E-05	8.50E-06	0	5.90E-05	1.45E-05	0	5.68E-08	0.0002549903537	0	9.62E-08	0	5.70E-08	0.2640883229	0.0001694210501	0	2.78E-08	0	2.53E-08	0	9.56E-08	3.46E-09	0	0	2.51E-05	0	0	6.84E-08	0	0	0	0	0	3.58E-08	0	0.4072944946	6.95E-08	0	0	0	0.001439090819	0	0	0	0	0	0.0009555789786	0	0.0224976418	5.91E-05	0	0	0	0	0	0	1.47E-05	0	8.53E-08	0	0	0	0
900336_Ca-121-BT_nasal_case-anterior	9.02E-07	6.86E-13	0	1.44E-08	0	0	0	2.40E-06	0	0	0	0	1.16E-11	0	0	1.42E-12	0	2.72E-08	0	0	8.49E-12	0	0	0	0	8.00E-06	0	0	0	0	2.54E-12	0	0	0	0	7.29E-07	1.70E-06	1.48E-08	0	0	0	0	0	0	8.96E-12	0.0005557094027	0	5.27E-13	0	0	0.1990378266	3.71E-12	0	0	0	0	0	3.46E-07	0	0	0	1.07E-12	5.22E-05	4.95E-12	0	0	1.11E-11	3.41E-13	3.01E-12	0	0	0	0	0	0	0	7.74E-08	0	0	0	0	0	1.07E-06	0	4.88E-09	0	8.40E-12	0	0	0.0001379863863	0	0	0	0	1.12E-11	3.53E-09	0	9.64E-12	0	3.24E-12	0	0	0	6.16E-12	9.50E-12	0	0	1.09E-08	0	0	0	0.8002010046
900118_Ca-032-LN_nasal_case-anterior	8.21E-07	0	0	2.69E-10	0	0	0	6.84E-10	0	0	0	0	0	0	0	0	0	9.29E-16	5.97E-08	0	1.91E-10	0	0	0	0	1.09E-15	0	0	8.10E-09	0	1.13E-06	0	5.03E-17	0	0	2.89E-07	1.42E-06	5.95E-14	0	0	0	3.36E-16	1.47E-13	3.89E-14	0	0.0001959337008	0	0	0	0	1.02E-10	3.35E-16	0	0	9.03E-16	0	9.52E-09	3.77E-07	0	0	0	0	0.7619978078	0	0	0	0	2.97E-07	4.75E-17	0	0	0	1.14E-15	0	0	0	7.29E-09	0	0	0	0	0	2.11E-07	0	0.2376222719	1.05E-15	0	0	0	0.0001786016998	0	0	0	0	8.63E-16	7.53E-07	0	3.78E-16	1.09E-15	1.97E-16	0	0	0	9.93E-16	0	0	0	4.10E-10	0	0	0	0
900342_Ca-122-UK_nasal_case-anterior	3.94E-07	0	0	0.001376505861	1.22E-09	0	0	0.0004808962892	0	0	0	0	1.11E-09	7.37E-10	2.48E-10	0	0	0	9.79E-07	1.49E-10	0	0	0	0	0	0.08452154326	0	0	0	0	0.0006677376105	0	1.16E-09	0	0	8.33E-10	0	0	0	0	0	0	0	0	0	3.31E-05	0	0	0	0	0.5018171735	0.0001255483696	0.0004864488875	0	2.59E-07	0	2.80E-10	0.0003733767066	0.001264534952	5.50E-10	0	1.26E-06	9.12E-06	0.001650176357	0	5.69E-10	8.81E-05	9.32E-07	2.21E-10	5.81E-10	9.17E-10	0	5.83E-07	0	0	0	0.01783715497	0	0	0	0	0	0	0	3.07E-05	0	0	2.06E-10	4.11E-06	0.1018961602	0	9.43E-07	2.42E-10	0	0.001248388252	0.2842709706	0	0.0001274429616	1.21E-09	0	0	0	0.00164915208	0	0	5.34E-10	0	3.62E-05	0	0	0	0
900121_Ca-033-UD_nasal_case-anterior	2.88E-07	0	2.90E-07	3.87E-05	0.0005308695125	0	5.28E-05	0.008545343303	5.78E-06	2.02E-05	4.52E-07	0	1.53E-07	0.0008964024328	0.0002864376834	7.33E-05	0.05108348701	5.21E-06	4.75E-08	9.51E-08	0.001113353719	3.35E-05	0.01142472965	4.17E-05	1.88E-07	2.37E-06	0.001544927059	9.60E-06	4.51E-05	0	1.98E-10	0	0.008346856144	0.0004039719491	0.0002543963085	1.49E-05	3.07E-05	9.65E-08	0	5.06E-07	0.001213772706	0.03247289661	3.05E-05	0.04050019145	0.1417985101	2.24E-06	0.001140419817	0	3.53E-05	0.0008121506739	3.38E-05	4.26E-07	2.43E-05	8.17E-11	0.006549380368	4.69E-07	2.24E-05	0.003822017543	1.75E-05	0.007263987124	0.09206191925	4.99E-07	4.31E-08	3.34E-07	4.08E-05	1.25E-05	2.60E-05	2.66E-10	0.00322731656	0.001209861873	3.54E-07	0.001172218067	0.0006851457426	0.0005332689447	0.008680228703	0.0001772067873	1.79E-07	0.003947860994	0.001661814841	3.81E-07	4.70E-11	4.11E-05	0.001151537668	0.02226548298	0	0.001940123023	4.35E-08	0.005985868621	4.19E-08	4.68E-07	0.007166943353	0.02218753313	0	4.95E-07	0.001171765409	3.98E-05	0.00041896504	0.0002390031931	4.05E-11	2.45E-10	7.51E-05	3.10E-05	5.66E-12	8.37E-11	2.20E-05	0.08162498726	0.3907625956	0.001383777017	0.01579119894	0.001112011446	0.01260329081	0
900124_Ca-034-LS_nasal_case-anterior	6.43E-07	0	9.90E-07	1.00E-06	0	0	0	0	6.06E-05	0.01013167955	1.07E-07	0	7.50E-10	0.01328532058	0.001337244175	7.25E-10	0.0008472579085	8.83E-05	0.001029006542	8.08E-05	3.16E-05	0	8.85E-05	3.13E-07	0.0056375194	1.15E-09	1.31E-09	0.008594705103	3.98E-05	7.24E-07	7.33E-11	0	0.001476862038	5.76E-05	5.55E-06	1.34E-09	5.18E-05	0.02673518455	0	0.00141285801	3.09E-05	0.0136647903	0.8243438681	1.08E-06	6.29E-07	1.96E-07	0.01324615755	4.13E-07	8.46E-07	2.12E-05	0	0	7.13E-10	0	8.38E-05	1.65E-07	3.25E-06	0	1.29E-06	0	0.04066822742	9.65E-10	5.73E-07	0	7.70E-05	7.82E-10	1.21E-06	7.44E-07	2.49E-10	8.37E-06	5.91E-07	0.004207073553	0	4.04E-05	4.19E-05	0.001268533548	0	5.58E-05	1.51E-06	0	7.69E-10	0.003384075752	4.31E-05	4.68E-05	0.0003693720747	1.27E-09	0	3.48E-05	0	0	0.01395943633	0.001073910051	0	0	0	0	1.35E-06	6.90E-05	0	5.83E-10	0.01053283968	1.18E-06	0	0	0.0004347991008	9.20E-10	0	0	0.001282198933	4.57E-07	2.33E-07	0
900469_Ca-148-AL_nasal_case-anterior	1.01E-06	0	0	0	2.11E-19	0	0	0.5800234892	0	0	0	0	0.00076219921	5.16E-19	5.88E-19	0	0	0	3.82E-11	4.49E-19	0	0	0	0	0	2.78E-19	0	0	0	0	2.78E-11	0	0	0	0	7.54E-13	2.47E-19	1.90E-19	0	0	0	2.85E-12	0	0	1.64E-19	2.07E-11	0	0	2.09E-11	0	0.4172256241	3.70E-19	0	0	0	0	3.30E-19	5.34E-19	0	0	0	1.54E-19	3.40E-12	2.55E-19	0	0	4.76E-19	1.52E-19	2.56E-19	1.42E-11	2.05E-19	0	0	0	0	0	4.18E-11	0	0	3.75E-19	0	0	0.001986765363	0	9.64E-12	0	9.79E-12	0	0	2.10E-19	0	4.66E-20	4.35E-19	0	5.12E-19	0	0	1.38E-13	4.78E-19	0	0	0	0	1.46E-19	0	0	9.08E-07	0	0	0	0	0
900478_Ca-151-QR_nasal_case-anterior	0	0	0	0	0	0	0	0	0	0	0	0	0	0	0	0	0	0	0	0	0	0	0	0	0	0	0	0	0	0	0	0	0	0	0	0	0	0	0	0	0	0	0	0	0	0	0	0	0	0	0.1610507844	0	0	0	0	0	0.04564571352	0	0	0	0	0	0.01935184057	0	0	0	0	0	0	0	0	0	0	0	0	0	0	0	0	0	0	0	0	0	0.3046777493	0	0	0	0	0	0	0	0	0	0	0	0	0.00717281677	0	0	0	0.009303743503	0	0	0	0	0	0	0	0	0	0.452797352
900404_Ca-126-KB_nasal_case-anterior	1.66E-08	0	0	1.27E-05	3.07E-08	0	0	1.93E-06	0	0	0	0	0	0	0	1.68E-08	0	0	0.002855901826	0	0	0	0	0	0	1.51E-06	0	0	0	0	5.11E-09	0	1.43E-09	0	0	0	1.62E-06	2.12E-08	0	0	0	0	0.0004840548537	2.61E-08	2.52E-08	0.01612943021	0	0	0	0	1.40E-06	0	2.62E-08	0	0	0	0.002130179675	0.0001363804185	0	2.87E-08	0	2.04E-08	0.7606118969	1.56E-07	0	0	0	1.79E-06	0	0	1.82E-06	0	2.07E-08	0	0	0	1.38E-06	0	0	1.05E-08	0	0	8.70E-06	3.08E-08	0.2176093805	0	0	0	0	5.86E-07	0	2.31E-08	2.74E-08	0	0	5.34E-06	0	2.32E-08	3.07E-08	0	0	0	2.55E-08	0	0	0	0	3.45E-06	0	0	0	0
900131_Ca-035-AR_nasal_case-anterior	5.10E-07	1.09E-08	2.06E-06	0.0001839508409	0.01017209497	0	0.003167025344	5.76E-05	1.40E-05	4.95E-12	0.004398621351	0.0002490337009	2.53E-06	0	3.30E-07	2.47E-10	7.09E-05	0.0003629747012	0.0002908742148	8.35E-06	3.64E-08	1.96E-06	1.70E-07	1.63E-11	1.12E-11	1.07E-05	0.1154558558	8.07E-16	6.16E-12	1.30E-09	0.006767575777	3.39E-10	6.46E-07	1.13E-09	1.83E-07	2.07E-06	0.003883030598	0.0006870390288	0.1238544554	8.28E-09	1.17E-08	2.18E-07	7.78E-06	7.60E-07	2.37E-05	2.42E-07	7.30E-07	1.84E-06	0.0008366605036	1.21E-11	2.50E-07	0.0002203473863	5.78E-06	7.25E-05	0.007887333378	7.75E-07	0.002040208242	0.00988147639	2.77E-05	4.76E-10	0.0002175824101	0.08003508087	0.005714609218	1.24E-09	3.41E-08	1.11E-11	8.24E-16	5.21E-05	8.14E-07	2.56E-07	2.78E-07	6.92E-07	0.00015483965	1.58E-05	4.71E-10	1.07E-08	0.0001256410987	1.38E-08	1.69E-11	0.0001430703436	5.98E-16	7.95E-07	0.002004976287	4.25E-05	7.06E-12	0.0005396494258	4.36E-12	2.94E-12	3.21E-10	0.009656820713	0.0006894785566	3.25E-06	5.83E-16	8.12E-08	2.83E-08	0.2687757661	2.49E-11	4.21E-07	1.80E-06	2.14E-16	0.0003217787819	0.3346194021	0.005049609868	7.27E-16	6.39E-07	6.36E-16	4.88E-06	0.001031697751	0.0001424808537	3.53E-07	2.89E-11	0
900134_Ca-036-TK_nasal_case-anterior	0	0	0	0.009738050854	0	0	0	0.08103699405	0	0	0	0	0.02422884067	0	0	0.004489428256	0	0	0.05350206782	0.005146022067	0	0	0	0	0	0.1178095504	0	0	6.94E-06	0	0.01356079782	0	0	0.004699505155	0	0.0001339420002	0.004839075887	0.005838404754	0	0	0	0	0	0	0.003524620258	0.05702095224	0	0	0	0	0.006156025796	0.03817313083	0	0	0	0	0.005821599413	0.0001611571305	0	0.001565943854	0	0.002149250044	0.03363227375	0.01053547138	0	0.003338348091	0.00407449402	0.0152564652	0	0	0.002291224025	0	0.02648433217	0	0	0	0.08657002355	0	0	0.03149934335	0	0	0.002409952685	0	0.006541827472	0	0.0001090769078	0	0.006327318602	0.1033690784	0	0	0	0	0.03988656486	0.125611444	0	0.0004130846885	0	0	0	0	0	0	0	0	0.007812235942	0.05330693359	0	0.0009282055871	0	0
900407_Ca-127-OM_nasal_case-anterior	2.88E-07	0	4.47E-09	0.0004228794053	0	0	0	3.27E-05	1.38E-09	5.94E-06	0.01555784291	0	0.0002271435492	0	0.01020674904	0.0003685525304	2.13E-10	2.29E-10	0.3558803031	4.16E-09	2.70E-06	0	6.84E-06	0	0	0.1885010488	0	0.0020572275	1.80E-09	0	1.27E-10	0	6.09E-06	3.87E-06	3.14E-09	2.16E-11	0	0.0002659769147	0	0.04037476194	1.44E-09	0	3.41E-09	5.04E-06	6.33E-08	0.003420391906	0.0003867635823	0	0.0003217890549	0.0006996859385	1.23E-07	2.14E-06	0	0	0	3.22E-06	2.24E-09	0.008773474844	0.0004284984738	0	0	4.26E-07	1.30E-05	0.009350712443	1.33E-06	3.43E-09	0.008749773929	0	4.04E-09	9.68E-11	2.80E-06	0	7.17E-11	3.71E-06	6.36E-06	0	0.01724932601	0.0004355806695	0.0006465158756	0	0.1666666667	2.27E-09	0.000660091294	2.35E-09	0	1.63E-10	0	0	1.06E-09	0.02068046989	3.90E-09	0	0	1.09E-09	0.1247460867	0.0001322929484	0	2.00E-06	3.45E-05	0.001512040407	4.40E-09	0	0	7.84E-08	0.0001319967929	0.002090824749	0.003153741854	0.01540664156	0	0	0.0003608458397	0
900149_Ca-037-HM_nasal_case-anterior	1.30E-07	0	0	0.03035722923	0	0	0	0.03290754703	0	0	0	0	0.8224413146	1.61E-07	0	6.07E-09	0	0	3.80E-08	0	8.26E-08	0	0	0	0	0.003604570672	0	0	0	0	8.95E-08	0	0	0	0	9.96E-08	0	1.01E-07	0	0	0	0	0	0	0	0.0002361403485	0	0	0	0	0.0001801631128	5.73E-08	3.54E-08	0	0.01778942849	0	3.66E-08	8.42E-08	0	0	0	8.90E-08	0.007389682194	0.0003062706034	0	1.32E-07	0	1.32E-07	0	0	0.0002897424449	0	0.01612875993	0	0	0	0.02006208828	0	0	9.03E-08	0	0	5.63E-08	0	0.0229330312	0	0	0	0	1.56E-07	0	0	0	0	0.0003033051209	0.0001084032141	0	0	0	0	0	1.09E-07	0	5.47E-08	0	1.16E-07	0	0.02496046681	0	0	0	0
900410_Ca-128-SN_nasal_case-anterior	4.38E-07	0	7.47E-06	0.03543046398	0.001743963049	0	0	0.0956488482	1.66E-06	0.0001957900865	0.0001703162729	0	0.03369836979	3.30E-12	1.33E-07	2.69E-08	0.0002219960288	0.0002686804059	4.81E-07	3.29E-05	0.0004876303713	0	6.69E-05	3.98E-12	6.87E-06	3.16E-11	1.07E-11	0.0002026857847	6.74E-13	1.42E-08	7.23E-07	0	0.003981947577	1.04E-08	0.002174228261	9.83E-05	1.52E-05	0.000931529888	0	3.17E-08	0.0002072707324	0.002415239445	3.64E-12	0.0003150712695	1.59E-08	0.0001139070584	0.0002075304631	0	0.009252889234	0	0.563451643	9.61E-11	5.69E-08	3.36E-12	0.0003178604641	0.0002636954105	1.41E-08	9.61E-07	3.70E-08	0	0.03405034462	8.77E-07	0.0001826247596	3.94E-11	1.34E-08	0.001889944262	1.09E-12	4.12E-12	2.54E-05	3.95E-07	9.61E-07	6.77E-06	0.003200414886	0.00224740122	0.0002959497019	0	0.002536375917	0.003625352168	3.84E-06	2.65E-08	5.51E-09	0.0001995508115	0.003044609599	0.0002309421932	0	0.0009008016488	0	0.01675309765	0	1.15E-06	0.0003161239706	0.03936518007	0	1.13E-08	4.87E-07	0.0008489957048	0.003465406284	0.0001747273523	3.19E-11	4.60E-12	2.47E-12	1.31E-12	0	0.0002186186115	4.89E-05	0.000292293712	3.31E-07	0.1290001374	0.005111457819	1.94E-05	7.28E-06	0
900559_Ca-042-AM_nasal_case-anterior	3.10E-07	0	0	0.005561698895	0	0	0	9.07E-06	0	0	0	0	0	0	0	1.45E-08	0	3.89E-06	0.000247064277	0	0	0	0	0	0	2.22E-06	0	0	0	0	1.58E-08	0	1.42E-08	8.56E-09	0	9.31E-06	1.83E-08	5.18E-09	0	0	0	0	1.19E-08	0	0	1.24E-05	0	1.54E-07	0	0	0.005805564932	4.61E-06	0	0	0	0	0	0.0001725052679	8.20E-09	0	0	2.92E-08	0.03519200913	2.47E-05	0	0	0	1.40E-08	0	7.28E-07	1.09E-08	0	4.09E-06	0	0	0	1.93E-05	0	0	0	0	0	0.001474436456	0	3.57E-05	0	0	0	8.16E-06	0.523758709	0	1.26E-09	2.52E-09	0	2.36E-05	0.02908561693	0	0.398484029	0	0	0	0	1.91E-08	6.82E-09	0	0	2.52E-05	3.48E-05	0	0	0	0
900416_Ca-129-AJ_nasal_case-anterior	0	0	0	0	0	0	0	0	0	0	0	0	0.02028121388	0	0	0	0	0	0.07248054144	0	0	0	0	0	0	0	0	0	0	0	0	0	0	0	0	0	0	0.009674096302	0	0	0	0	0	0.02508756329	0	0	0	0	0	0	0	0	0	0	0	0	0	0	0	0	0	0	0.01868579769	0	0	0	0	0	0	0	0	0	0	0	0	0	0	0	0	0	0	0	0	0	0.8320991594	0	0	0	0	0	0	0	0	0	0	0	0	0	0	0	0	0	0	0	0	0	0.02169162801	0	0	0	0	0
900413_Ca-130-PM_nasal_case-anterior	3.71E-07	0	0	0	0	0	0	0.1440282964	0	0	3.12E-10	0	2.69E-12	0	3.46E-10	9.99E-12	0	0	9.25E-12	0	0	0	0	0	0	0	0	0	0	0	2.56E-12	0	0	0	0	9.70E-12	2.81E-07	1.16E-12	0	0	0	0	6.62E-13	9.43E-13	0	3.13E-07	0	0	1.02E-11	0	1.39E-05	1.02E-11	0	0	2.02E-07	0	0	6.21E-12	0	0	0	1.93E-12	0.152839972	4.10E-05	0	2.71E-12	0	2.92E-11	8.94E-12	0	5.18E-12	0	2.10E-07	0	4.59E-13	0	0.5945939019	0	0	6.44E-12	0	0	2.75E-08	0	0.09576308751	0	0	0	0	2.91E-07	3.35E-10	0	0	0	0	0.01271055466	0	6.23E-12	0	0	0	0	0	0	0	0	1.00E-11	7.60E-06	0	1.27E-12	0	0
900556_Ca-043-SS_nasal_case-anterior	0	0	0	0.004415832815	0.002326549692	0	0	0.0628474716	0	0	0	0	0.0004156147209	0	0	0	0	0.002042848468	0.08621003586	0	0.00278808699	0	0	0	0	0.03132143514	0.02272914552	0	0	0	0.003020786401	0	0	0.002712076374	0	0	0.01072987582	0.007503105067	0	0	0	0	0	0.0002250796985	0	0.01996913482	0	0.005830839291	0.001873530858	0	0.00231713522	0.05559341221	0.01178083244	0	0.00276201277	0	0	0.05894506267	0.003964907823	0	0	0	0.01924595117	0.01086259276	0	0.003638870854	0.001074798559	0	0.003520192001	0.002833424	0.02325498579	0	0.02919761923	0	0	0	0.007805104749	0	0	0	0	0	0.04815908222	0.001803669906	0.0131003953	0.003684892502	0.0001958673635	0	0	0.1037260687	0	0	0	0	0.04350941921	0.06894862546	0	0.0001670739757	0	0	0	0	0.0246100764	0	0	0.0003907515597	0.006145919652	0.01513313974	0	0	0	0.1666666667
900419_Ca-131-PM_nasal_case-anterior	1.50E-07	0	4.81E-08	0.0001327371901	2.96E-06	0	0.001647226545	0.04085022816	0	1.22E-06	0	0.4027706682	3.88E-07	1.72E-08	0	0.0005316139123	0	1.23E-08	0.001538018452	0.0002071268538	0	4.88E-09	0	0	0	0.00432020743	0.002873185522	0	0	0	0.001310341511	0.00505847526	0	0	0	4.64E-07	2.42E-07	1.61E-07	0	0	0	0	1.10E-09	0	0.001841324719	0.0299647641	1.13E-08	3.21E-05	0	0	0.004974173892	0.006811061772	0	0	1.83E-05	0	1.57E-08	0.1010687033	0	9.28E-05	0	1.49E-07	1.49E-07	1.77E-07	0	1.21E-08	0	4.84E-08	7.66E-05	0.001081591417	0.01819711431	0	0.0001657481549	0	0	0.0001221400346	0	0	0	0	0	0	0.06204800787	0	3.34E-08	1.50E-08	0.220694691	0	6.88E-06	0.07329812728	3.83E-09	0	1.21E-08	0	8.57E-06	8.26E-05	1.74E-08	0	2.38E-05	0	0	6.33E-06	0	0.008654234823	0	2.17E-07	0.009483999421	3.99E-08	9.12E-09	0	0	0
900580_Ca-045-HN_nasal_case-anterior	7.32E-08	0	0	2.15E-06	1.90E-08	0	0	0.01256714312	0	0	0	0	0.0009507928782	8.19E-08	9.20E-08	0.0003067532708	0	3.71E-08	1.02E-05	0	1.83E-08	0	0	0	0	0.05207896731	0	0	0	0	5.60E-08	0	0	5.01E-08	0	0.001104332904	6.79E-08	3.29E-09	0	0	0	0	0	1.92E-06	3.13E-05	0.0008923115703	0	2.26E-06	4.90E-08	0	3.95E-05	0.001235404224	0	0	3.74E-09	0	0	0.02389182025	0	1.90E-09	0	1.30E-05	0.01868398991	1.25E-06	0	0	0	3.65E-05	8.37E-08	3.39E-08	0.0006525264886	0	4.82E-08	0	0	0	0.09218203674	0	0	0	0	0	4.15E-05	0	6.19E-08	0	5.09E-08	0	0	0.07484220021	0	0	2.89E-08	0	7.51E-09	0.7194580917	0	7.56E-07	0	0	0	0	0	0	0	8.42E-08	7.85E-09	0.0009723353905	0	0	0	0
900422_Ca-132-LD_nasal_case-anterior	0	0	0	0.01977022837	0	0	0	0.008100981903	0	0	0	0	0.001529844695	0	0.00120950294	0.0008864543971	0	0	0.01961403588	0	0	0	0	0	0	0.003078693553	0	0	0	0	0.1049442758	0	0	0	0	0.0009718834003	0.0004586939433	0.002021980525	0	0	0	0	0.003093089776	0	0.0002210484091	0.005722559643	0	0	0.003791562499	0	0.4209820668	0.01054037062	0	0	0.01110436482	0	0.002853670826	0	0	0.001856300749	0	0.002136068533	0.005648273709	0.009993129445	0	0.008857284499	0.002269452039	0.0008422386351	0	0.001054646424	0.002001215847	0	0.003792128963	0	0	0	0.03041062344	0	0	0	0	0	0.06347072543	0	0.04545507807	0	0	0	0	0.004264890375	0	0	0.002564695114	0	0	0.06354144062	0	0.1286582642	0	0.0008462705059	0	0	0	0	0	0	0	0.001441964671	0	0	0	0
900571_Ca-046-MT_nasal_case-anterior	2.26E-07	0.0008559132155	0	0	2.55E-06	0	0	0.03894441256	0	0	0	0	0.002446506905	0	0	0	0	0	0.00100341725	0	0	0	0	0	0	0.0002687363936	0	0	0	0	2.81E-06	0	3.90E-07	0	0	0.0001844914991	0.0001645954311	0	0	0	2.43E-06	0	0	0	0	0.0002869592002	0	0	0	0	0.002654223484	1.17E-06	0	0	4.43E-07	0	0.01664787652	0.05881819663	0	1.31E-06	0	0.01159949613	0.005856542076	0.0008646839822	0	7.11E-07	0	0	1.44E-06	1.22E-06	0	0	2.14E-06	0	0	0	0.05095712259	0	0	0.1355331368	0	0	0.01187120779	0	0.6584198053	2.12E-06	0.0002199445239	7.01E-07	0	0.0001415478052	0	0	0	0	0.0001030749359	0.00212950058	0	5.87E-06	0	0	0	0	0	0	0	2.33E-06	5.40E-08	7.03E-07	0	0	0	0
900425_Ca-133-LT_nasal_case-anterior	0	0	0	0.003374077552	0.0001762600802	0	0	0.0053019404	0	0	0	0	0.003361007711	0.0009857036646	0	0.003652908839	0	0	0.0008131447977	0.001788783796	0	0	0	0	0	0.01351298115	0	0	0	0	0.0007430402716	0	0	0	0	0.003270066464	0.0007308301881	0.003370141705	0	0	0.0001233844263	0	0	0	0.01058463955	0.02833063886	0	0	0	0	0.0009341732395	0	0	0	0.003394657835	0	0.001214444351	0.00402887698	0	0.001269723086	0	0	0.03539107321	0.0007234802934	0	0.0008036619247	0.002928848971	0.002438272787	0	0.002245362145	5.81E-05	0	0.003472064986	0	0	0	0.02640601509	0	0	0.005605589453	0	0	0.00093484411	0	0.0009124742369	0.001639632719	0	0.01623648825	0	0.001583868459	0	0.0004576642993	0	0	0.001089118446	0.1012869382	0	0.1856190638	0	0	0	0	0.01773509796	0	0	0	0	0.02042329053	0	0	0	0.4810476028
900574_Ca-047-MD_nasal_case-anterior	7.36E-08	0	0	3.97E-09	4.57E-07	0	0	0.04889599095	0	0	0	0	0.04777811068	3.93E-07	0	2.56E-06	0	6.70E-07	2.95E-06	8.11E-10	0	0	0	0	0	0.02301168914	0	0	0	0	3.28E-07	0	0	4.87E-08	0	2.13E-08	0	0.0001019422375	0	0	0	0	0	0	6.14E-07	0.003687436754	0	0	5.22E-07	0	0.00441704981	0.001391202906	1.24E-07	0	0.0008342811498	0	0	5.39E-06	0	7.84E-08	0	0.06626756938	0.01746387564	1.91E-06	0	1.13E-07	0	6.48E-07	0	4.15E-07	0	0	0	0	0	0	0.282920803	0	0	0	0	0	0.04028206371	0	1.65E-07	0	0	0	0	0.1893730366	0	0	0	0	0	0.2735564203	0	0	0	0	0	0	0	8.44E-08	0	4.10E-07	0	5.52E-07	0	0	0	0
900106_Ca-028-PN_nasal_case-anterior	0	0	0	0	0	0	0	0	0	0	0	0	0	0	0	0	0	0	0	0	0	0	0	0	0	0	0	0	0	0	0.01513403926	0	0	0	0	0	0	0	0	0	0	0	0	0.00482451721	0	0	0	0	0	0	0	0	0.09123362084	0	0	0	0	0	0	0	0	0	0.09559299839	0	0	0	0	0	0	0	0	0	0	0	0.01472293219	0	0	0	0	0	0	0	0	0	0.7784918921	0	0	0	0	0	0	0	0	0	0	0	0	0	0	0	0	0	0	0	0	0	0	0	0	0	0	0
900430_Ca-135-NS_nasal_case-anterior	1.77E-05	1.59E-194	8.41E-122	6.14E-20	8.84E-72	0	0	0.002922059561	4.25E-49	3.68E-79	7.23E-49	0	3.12E-71	6.70E-71	1.14E-194	2.00E-122	1.77E-25	3.05E-70	6.07E-25	5.84E-80	3.82E-26	5.80E-122	1.28E-49	9.90E-122	4.09E-122	1.28E-55	7.22E-195	1.68E-49	5.34E-122	5.87E-80	1.49E-194	0	1.31E-49	0	7.74E-50	3.44E-55	2.39E-62	0.04844848482	0	1.11E-25	2.79E-79	1.48E-06	2.32E-195	6.05E-27	4.75E-109	3.61E-70	3.87E-26	1.29E-194	3.02E-79	1.21E-123	3.85E-122	2.21E-70	6.29E-171	0	5.85E-49	5.52E-122	6.42E-20	1.76E-99	4.47E-79	7.61E-172	2.37E-06	9.51E-122	0.2764849637	7.33E-56	2.52E-79	4.50E-49	2.99E-109	1.92E-55	2.02E-122	4.04E-49	2.47E-110	1.34E-06	7.29E-98	5.35E-122	6.79E-122	4.17E-79	1.71E-62	5.33E-49	1.55E-25	9.89E-171	5.46E-195	3.16E-06	0.5128272478	2.06E-25	6.71E-19	7.02E-80	0	7.70E-20	0	1.89E-55	2.05E-49	0.1592766288	7.92E-195	4.07E-79	1.33E-170	1.46E-05	4.53E-15	1.11E-49	0	2.83E-80	3.20E-50	3.00E-196	0	3.92E-110	3.48E-80	1.32E-194	7.95E-43	0	1.62E-49	1.02E-49	5.37E-21	0
900432_Ca-136-OM_nasal_case-anterior	0	0	0.0004011413801	0.001306776826	4.23E-05	0	0	0	0.003281240611	0.005359572106	0.0006654824863	0	0.0003839071627	0.002154182679	0.00156787714	0	0.007067421612	0.001297721816	0.05203044381	0.001289754957	0.001831925101	0.0005863405373	0.001421622615	0.005703644929	0.001615358136	0.02025126697	0.0003710398573	0.0006561011857	0.0003241109466	0.0002428169899	0.0007413619001	0	0.002531690095	0.0006046276269	0.003173470062	0.0003271558169	0.0002486909733	0.1724306347	0	0.003376504657	0.001807705306	0.00893733032	0.002721663956	0.004199132863	0.0003730625913	0.0001286354111	0.003018742927	0	0.001357389384	0.0003776704969	0	0.0003219400546	0.002874485003	0.0003536310847	0.01431983636	0.007706069559	0.003455085936	0	0.002919539529	0	0.001351121661	0	0.08657167231	0.0002384228795	0.005122293668	0.0007948585013	0.0003303829429	0	9.13E-05	0.001418441509	0	0.001066470195	9.60E-05	0.1529357707	0.001009145759	0.0002665879758	0.0003962872199	0.001059263138	0.006995082587	0	0.003767097226	0.002055864948	0.001298162428	0.003280677739	0.2125026758	0.005939819332	0	0.01049467369	0	0	0.003500062668	0.00507932619	9.84E-05	5.94E-05	0.0002795539333	3.18E-05	0.0002731712824	0.000274633558	0	0.003606203192	0.1280767585	0.0002245303385	0.001607610342	0.0008740576211	0.0004320633139	0	0.0001003119395	0	0.001736877405	0.005681375915	0.000823686835	0
900428_Ca-134-IT_nasal_case-anterior	0	0	0	0	0	0	0	0	0	0	0	0	0.02506887825	0	0	0	0	0	0	0	0	0	0	0	0	0	0	0	0	0	0	0	0	0	0	0	0	0	0	0	0	0	0	0	0	0	0	0	0	0	0	0	0	0	0	0	0	0	0	0	0	0	0.3933074893	0	0	0	0	0	0	0	0	0	0	0	0	0	0.0173921451	0	0	0	0	0	0	0	0.5135691814	0	0	0	0	0	0	0	0	0	0	0	0	0.05066230595	0	0	0	0	0	0	0	0	0	0	0	0	0	0
900577_Ca-047-MD_nasal_case-anterior	0	0	0	0.0276608554	0.002682967939	0	0	0.02687092894	0	0	0	0	0.003031144929	0	0	0.0001648704635	0	0.001181055965	0.04041826084	0	0	0	0	0	0	0.03847584591	0.001204295581	0	0	0	0.01746980538	0	0	0	0	0.01443039986	0.003036359311	0.001147802009	0	0	0	0	0	0	0.001011569737	0.05318925024	0	0.02117569945	0	0	0.0005479347249	0.003349963406	0.0013434576	0	0.008853637799	0	0	0.0316780609	0	0	0	0.01032872683	0.05119393842	0.003727233983	0	0.0009120741538	0	0.00570554711	0	0.02374757407	0.001157283343	0	0.002102404187	0.004081937171	0	0	0.01328737119	0	0	0.006086503591	0	0	0.02830491855	0	0.1724956531	0	0	0.002744131768	0	0.25684361	0	0	0.00145354955	0	0.02253314502	0.03616436474	0	0	0.0007143995412	0	0	0.003424135363	0	0	0	0	0.006888146695	0.04717918521	0	0	0	0
900583_Ca-049-LM_nasal_case-anterior	8.11E-07	3.31E-09	0	0	1.83E-06	0	0	2.58E-13	0	0	0	0	0.1895092384	0	0	0	0	0	4.19E-08	0	0	0	0	0	0	6.94E-07	2.06E-13	0	1.19E-19	0	0.002376939958	0	0	0	0	3.37E-07	3.13E-13	0	0	0	0	0	0	0	0	0.0007639844026	0	0	1.85E-06	0	0.004690878814	1.22E-06	0	0	6.68E-13	0	0	0.0107530913	0	0	0	1.04E-06	0.3229056251	4.01E-13	0	0.004070724024	0	0.3244267918	0.005979761782	5.21E-13	0	0	0	0	0	0	7.17E-13	0	0	0.02395318565	0	0	0.0006914685721	0	0.1010167046	2.75E-13	5.86E-14	0	0	0.00265049099	0	0	0	0	1.58E-07	0.006202019765	0	0	0	0	0	0	0	0	0	6.60E-13	1.11E-06	9.13E-13	0	0	0	0
900589_Ca-050-MM_nasal_case-anterior	0	0	0	0	0	0	0	0	0	0	0	0	0	0	0	0	0	0.02276601745	0.05802487434	0	0	0	0	0	0	0	0	0	0	0	0	0	0	0	0	0	0	0	0	0	0	0	0	0	0	0	0	0	0	0	0	0	0	0	0	0	0	0	0	0	0	0	0.7700751268	0	0	0	0	0	0	0	0	0	0	0	0	0	0	0	0	0	0	0	0	0	0.105369899	0	0	0	0	0	0	0	0	0	0	0	0	0	0	0	0.0437640824	0	0	0	0	0	0	0	0	0	0	0
900438_Ca-137-TM_nasal_case-anterior	1.35E-06	0	0	0	4.59E-16	0	0	8.51E-16	0	0	0	0	2.52E-07	0	0	1.00E-15	0	0	1.38E-09	2.76E-16	0	0	0	0	0	5.50E-17	0	0	9.09E-16	0	1.45E-09	0	0	0	0	0	1.75E-09	9.61E-10	0	0	0	0	0	0	0	0.002425885998	0	0	0	0	0.001457729651	1.81E-16	1.53E-16	0	0	0	0	8.30E-06	0	0	0	0.0002947799074	0.7882579495	3.24E-17	0	5.08E-16	5.42E-11	5.50E-16	0	7.89E-16	1.27E-09	0	0	0	0	0	3.12E-07	0	0	0	0	0	2.66E-10	0	8.25E-16	1.04E-15	0	0	0	0	0	1.04E-15	0	0	2.76E-10	5.56E-06	0	0.2075478602	0	0	0	0	0	7.80E-16	0	0	1.58E-16	1.73E-09	0	0	0	0
900586_Ca-051-AM_nasal_case-anterior	0	0	0	0	0	0	0	0	0	0	0	0	0	0	0	0	0	0	0	0	0	0	0	0	0	0	0	0	0	0	0	0	0	0	0	0	0	0	0	0	0	0	0	0	0	0	0	0	0	0	0.6049326497	0	0	0	0	0	0	0	0	0	0	0	0.04028106567	0	0	0	0	0	0	0	0	0	0.1305303214	0	0	0	0	0	0	0	0	0	0	0	0.06401020019	0	0	0	0	0	0	0	0	0	0	0	0	0	0	0	0	0	0	0	0	0	0.160245763	0	0	0	0	0
900493_Ca-155-LS_nasal_case-anterior	0	0	0	0	0	0	0	0	0	0	0	0	0	0	0	0	0	0	0	0	0	0	0	0	0	0	0	0	0	0	0	0	0	0	0	0	0	0	0	0	0	0	0.002318515884	0	0	0	0	0	0	0	0.3447327868	0	0	0	0	0	0	0	0	0	0	0	0	0	0	0	0	0	0	0	0	0	0	0	0	0	0	0	0	0	0	0	0	0	0.08354921739	0	0	0	0	0	0	0	0	0	0	0	0	0.1501165731	0	0	0	0	0	0	0	0	0	0	0	0	0	0.4192829068
900592_Ca-052-LM_nasal_case-anterior	0	0	0	0	0	0	0	0	0	0	0	0	0	0	0	0	0	0	0	0	0	0	0	0	0	0	0	0	0	0	0	0	0	0	0	0	0	0.0869326008	0	0	0	0	0	0	0	0	0	0	0	0	0	0	0	0	0	0	0	0	0	0	0	0	0.1895268059	0	0	0	0	0	0	0	0	0	0	0	0.03631220393	0	0.04095277119	0	0	0	0	0	0	0	0.6462756181	0	0	0	0	0	0	0	0	0	0	0	0	0	0	0	0	0	0	0	0	0	0	0	0	0	0	0
900435_Ca-138-SM_nasal_case-anterior	5.06E-07	0.0005744714429	0	0	0	0	0	1.34E-06	0	0	0	0.006500943514	1.72E-07	0.004645313893	0	0	0	4.97E-05	0.004389245321	0.0002734232634	0	0	0	0	0	0.0005517446544	0	0	0	0	0.0004234215518	0	0	0	0	0.0006450616153	3.04E-10	7.58E-12	0	0	0.0001169344114	0	0	0	1.40E-06	0.0001956763652	0	0	0	0	0.1666666667	6.23E-11	1.22E-06	0	9.81E-07	0	0	0.07481174311	0	0	0	0.05744781671	1.03E-08	1.58E-05	0	8.95E-11	0	6.27E-05	0	1.25E-10	0.004637948272	0	7.19E-11	1.70E-10	0	0	0.3308556737	0	0	0.003515286303	0	0	1.19E-06	3.66E-10	1.87E-10	0	0	0	0	0.0002135665391	0	0	0	0	1.64E-06	0.2140171239	0	0	0	0	0	0	0	2.63E-10	0	0	2.63E-10	0.1293812261	0	0	0	0
900595_Ca-053-NN_nasal_case-anterior	0	0.09343346711	0	0	0.002064576734	0	0.08444737677	0.00458775164	0	0.005498357023	0	0	0	0	0	0.006099399796	0.01569119191	0	0	0	0	0.006018038091	0.01584417434	0	0.001917126256	0	0.07094564013	0	0.03314453349	0	0	0.006827888727	0.003107205304	0.02792231704	0	0.002486745774	0.009933270083	0	0.1429434054	0.01106400148	0	0	0.02956560097	0	0.002808053942	0	0	0.03306203868	0.0004457451795	0	0	0.03143893957	0	0.004417989735	0	0	0	0	0	0.02302486269	0	0	0	0	0	0	0	0	0	0	0.002268826151	0	0.04466521881	0	0	0.006261053006	0	0	0	0.01287793797	0.01273410794	0	0	0.0004744937765	0	0.006091046639	0.01406261977	0	0.1922697375	0	0.003123857442	0	0.009491606476	0	0.01372732707	0	0.001367697888	0	0	0	0.0005590091978	0	0	0	0	0.0002295841679	0.007445220992	0	0	0.003610957314	0	0
900441_Ca-139-OS_nasal_case-anterior	7.77E-08	0	0	0	0	0	0	0.6493449606	0	0	0	0	0.005652120902	0	0	4.01E-07	0	1.21E-07	0.007202891126	0	0	0	0	0	0	9.15E-05	1.20E-07	0	0	0	0	0	0	3.38E-07	0	1.03E-07	4.54E-07	0	0	0	0	0	0	0	5.29E-05	0.0001389441734	0	0	4.18E-05	0	0	1.43E-07	2.36E-08	0	0	0	0	1.79E-05	0	0	0	9.38E-05	0.05580850449	0.01026319427	0	0.0001328167945	0	0.000166952136	0	0	2.65E-07	0	1.88E-07	0	0	0	0.0002442935985	4.95E-07	0	0.0002494655563	0	0	0.008263404294	0	0	0	0	0	0	0.1412761992	0	0	0	0	1.18E-07	0.004044765347	0	1.06E-07	2.73E-07	0	0	0	0	0	0	5.43E-08	9.10E-08	0.1169101987	0	0	8.13E-08	0
900612_Ca-054-RN_nasal_case-anterior	0	0	0	0	0	0	0	0	0	0	0	0	0	0	0	0	0	0	0.03936000031	0	0	0	0	0	0	0	0	0	0	0	0	0	0	0	0	0	0	0	0	0	0.04891136855	0	0	0	0	0	0	0	0	0	0	0	0	0	0	0	0	0	0	0	0	0	0.09253118691	0	0	0	0	0	0	0	0	0	0	0	0	0	0	0	0	0	0	0	0	0	0.8191974442	0	0	0	0	0	0	0	0	0	0	0	0	0	0	0	0	0	0	0	0	0	0	0	0	0	0	0
900444_Ca-140-EM_nasal_case-anterior	2.32E-07	6.47E-07	0	0	5.89E-11	0	0	6.43E-05	0	0	0	0	8.06E-11	0	0	0	0	9.80E-11	2.92E-05	8.01E-07	0	0	0	0	0	0.0003489990522	7.92E-11	0	0	0	5.45E-11	0	0	0	0	7.96E-07	8.07E-07	0	0	0	0	0	0	0	1.61E-10	0.595875299	0	0	4.58E-07	0	4.04E-12	6.35E-11	0	0	1.68E-10	0	7.60E-11	0.00288415498	0	0	0	5.81E-05	8.25E-11	0.002469193091	0	2.36E-11	1.31E-11	1.93E-10	1.84E-10	6.46E-05	0	0	4.68E-11	0	0	0	0.0007967497168	1.14E-10	0	0.0004247954178	0	0	8.20E-07	0	0	6.92E-07	0	0	0	0.2335967133	0	0	0	0	1.65E-11	0.1603284865	0	8.97E-11	0	0	0	0	2.03E-11	0	9.90E-11	0	0.0009095209628	0.002144541869	0	0	0	0
900623_Ca-055-LN_nasal_case-anterior	1.19E-07	4.83E-06	0	0.001339084157	1.81E-07	0	0	0.0254950202	0	0	0	0	1.74E-05	0	0	2.72E-08	0	1.66E-07	3.17E-05	0	0.0001649468795	0	0	0	0	0.0008381345696	0	0	4.59E-09	0	1.35E-07	0	0	0	0	2.27E-05	0	0.002619086246	0	0	0	0	4.17E-09	1.57E-07	1.34E-07	0.1950247971	0	0	0	0	1.65E-07	0.0001305162007	0	0	0	0	1.77E-07	4.28E-05	0	2.44E-07	0	0	0.01421302032	0.0006083019733	0	0	7.29E-09	0	0.0001582484284	5.11E-05	0.003383634533	0	1.07E-07	0	0	0	0.004323671124	0	0	0.2167549993	0	0	0.006095542586	0	0.2084333978	0	7.42E-08	4.50E-08	0	0.2917240648	0	0	0	0	0.0003125228484	0.02754253412	0	0.000580196636	4.53E-08	0	0	0	0	0	0	0	1.26E-08	8.59E-05	0	0	0	0
900447_Ca-141-TC_nasal_case-anterior	0	0	0	0	0	0	0	0	0	0	0	0	0	0	0	0	0	0	0	0	0	0	0	0	0	0	0	0	0	0	0	0	0	0	0	0	0	0	0	0	0	0	0.2442172681	0	0	0	0	0	0	0	0.2200051899	0	0	0	0	0	0	0	0	0	0	0	0	0	0	0	0	0	0	0	0	0	0.07163642757	0	0	0	0	0	0	0	0	0	0	0	0.321470457	0	0	0	0	0	0	0	0	0	0	0	0	0	0	0	0	0	0	0	0	0	0	0.06291385679	0	0	0	0.07975680062
900450_Ca-142-AM_nasal_case-anterior	0	0.0002745200892	0.006022005301	0.001347042612	0.03803211125	0	0.1533724164	0	0.003875814088	0.02781131016	0.02205593982	0.00687365141	0	0.005613994715	0.007244765493	0.007280770354	0.001854632502	0.0003017142586	0	0.0003987085604	0.01561084587	0	0.008017948298	0.0005770276774	0.0071713058	0.0002645613149	0	0.00163447886	0.0001393538036	0	0	0	0.0003179428884	0.003103439784	0.01425988164	0.02896934289	0.0002638244582	0.007542798729	0	0.004133893742	0.01173470836	0.009475657547	0.0004092255542	0.04209322696	0.006237665108	0.0002491886558	0.001183068805	0.0187363049	0.01361143297	0.02661907294	0	0.0001192145785	8.24E-05	4.40E-06	0.001897389971	0.007830904396	0.00208548419	0	0.002864430754	0.00460594777	0.005126804681	0.000272550951	0	0.0003415810765	0.005278486101	0.0009271053145	0.003903564113	0	0.07152807575	9.73E-05	0.001237044351	0.009569114939	0.02117023715	0.002925687602	0.01191567343	0.008862260874	0.008174694181	0.03021846182	0.01958445327	0.0001722655863	0.0006003548549	0.001112938203	7.81E-05	0.009029776755	0	0.01123754412	0.005052067116	0.007394438332	0.049540673	0	0.005356343949	0.009472414067	0.000246956564	0.003167243202	0.0002808322316	0	0.09681653259	0.0003872179961	0.0002903787458	0.003019085211	0.0001834556234	0.002928950534	0	0.003259321755	0.0105581504	0.00926868386	0	0	0.007949978361	0.006232413938	0.03102497065	0
900626_Ca-056-DH_nasal_case-anterior	1.31E-06	1.22E-14	2.81E-14	5.13E-10	1.42E-07	0	0	3.92E-15	9.04E-05	8.56E-09	8.04E-13	0	5.73E-05	3.18E-07	1.98E-09	3.75E-10	2.49E-09	5.01E-05	1.19E-14	4.27E-08	0.198111591	0	1.81E-06	2.34E-18	1.27E-06	1.43E-10	2.36E-15	7.66E-13	2.00E-12	0	1.22E-06	0	4.61E-07	4.80E-10	3.54E-09	2.67E-18	1.80E-05	1.06E-05	0	0.0001358295614	6.72E-07	0.004177781605	1.11E-11	8.72E-06	2.53E-12	0.02115138338	1.40E-05	0	7.12E-08	6.22E-05	0.000967055746	8.52E-15	1.47E-07	2.32E-18	0.007743669356	5.03E-09	3.64E-12	6.44E-15	5.58E-11	0	0.002228255265	1.48E-06	0.0007860021455	0.0001004848035	0	7.98E-14	1.94E-06	3.11E-11	6.26E-19	1.21E-10	2.23E-10	0.00262688097	1.32E-10	1.05E-09	1.25E-05	5.34E-10	5.94E-15	1.45E-10	0.0001254591498	1.62E-06	0	1.49E-06	0.03687641561	1.94E-06	0.0001508866055	5.37E-18	0	2.16E-09	0	1.38E-10	1.22E-05	5.84E-09	0	1.17E-06	4.60E-15	1.19E-05	3.71E-09	0.3911390431	0	3.90E-09	1.62E-05	2.10E-14	2.14E-15	3.03E-12	1.74E-12	3.82E-12	1.01E-14	6.59E-06	5.53E-07	2.01E-06	5.04E-08	0.3332887489
900453_Ca-143-ST_nasal_case-anterior	3.16E-08	0	9.07E-09	2.18E-06	0	0	0	2.49E-05	0	0	0	0	5.34E-07	0	0	2.82E-08	0	1.55E-08	0.01145515478	0	0	0	0	0	0	0.08232153303	0	0	6.22E-10	0	4.41E-06	0	0	0	0	1.25E-06	5.60E-06	6.01E-08	0	0	0	0	0	9.61E-07	3.56E-06	7.99E-06	0	0	6.84E-09	0	4.95E-06	0.0001374879078	3.24E-06	0	0	0	1.06E-06	2.05E-05	0	0	0	6.19E-06	0.003401314829	0.05137604645	0	5.74E-08	0	0	0	5.15E-08	7.51E-08	0	0	0	0	0	6.11E-05	0	0	7.08E-05	0	0	4.90E-05	0	0.1657777195	0	0	0	0.0005254615517	0.1573028033	0	7.08E-08	0.3952140538	0	0.07093107842	4.06E-05	0	6.09E-08	6.31E-08	0	0	0	0	0	0	0.000680706708	6.28E-07	0.06056657384	0	0	0	0
900456_Ca-144-HN_nasal_case-anterior	9.48E-07	1.29E-11	2.20E-08	5.87E-05	3.12E-05	0	0	1.10E-05	0.02023614896	7.95E-06	0.0001037260284	0	0.0003088825927	6.29E-06	1.75E-06	1.49E-08	0.0001594357045	0.06690017477	0.01785099657	9.79E-13	2.87E-05	2.75E-08	0.002109282833	0	0.0002040190533	0.0003980085175	9.46E-10	5.88E-06	6.56E-06	1.13E-09	1.37E-06	0	0.0001275642868	1.21E-13	5.21E-06	5.92E-06	8.62E-07	6.46E-07	0	2.52E-06	0.001414330914	0.0002050685379	1.09E-11	4.53E-05	2.14E-08	0.0004071318255	0.002662764699	8.91E-10	0.001234727952	9.22E-05	1.04E-05	1.21E-11	0.01173496139	1.11E-11	0.0001616759883	4.27E-08	0.02160612413	0.04466972	0.0006616954991	0	0.002303133139	9.44E-07	0.09519933	0.04902997565	9.87E-05	6.76E-12	1.38E-11	1.02E-08	9.24E-12	4.14E-06	0.006070928253	0.0005556203647	1.12E-06	4.99E-08	9.68E-05	2.60E-08	0.0002417342154	4.15E-08	5.02E-06	0.0004540244584	6.56E-12	0.0001342145836	0.5704622652	0.0001578723501	1.42E-09	5.96E-08	0	0.002866229123	0	0.001569872525	6.44E-06	9.47E-05	3.13E-08	8.01E-12	6.12E-08	0.06164071079	5.83E-08	5.76E-05	9.55E-12	0	9.88E-05	3.71E-05	0	7.85E-06	0.0001090407415	3.09E-05	1.47E-09	8.86E-07	0.0001225932753	0.01506071354	5.56E-07	0
900459_Ca-145-LM_nasal_case-anterior	0	0	0	0	0	0	0	0	0	0	0	0	0	0	0	0	0	0	0.01410883244	0	0	0	0	0	0	0	0	0	0	0	0.004885049189	0	0	0	0	0	0	0	0	0	0	0	0	0	0	0.001520019491	0	0	0	0	0	0	0	0	0	0	0	0	0	0	0	0	0.2867771197	0	0	0	0	0	0	0	0	0	0	0	0	0	0	0	0	0	0	0	0	0	0.0260423125	0	0	0	0	0	0	0	0	0	0	0	0	0.2211991018	0	0	0	0	0	0	0	0	0	0	0	0	0	0.4454675648
900466_Ca-147-LJ_nasal_case-anterior	8.69E-08	0	0	0	4.11E-10	0	0	6.78E-05	0	0	0	0	2.35E-07	5.84E-09	0	0	0	1.06E-05	0.005837219998	0	2.64E-06	0	0	0	0	0.0267066172	0	0	0	0	9.66E-08	0	0	0	0	1.38E-05	1.91E-10	5.54E-12	0	0	0	0	0	1.34E-10	1.09E-10	4.47E-05	0	0.0001002490103	4.29E-10	0	0	2.94E-05	9.81E-11	0	1.10E-07	0	0	0.0001086546655	0	0	0	5.79E-05	7.80E-06	0	0	2.61E-10	2.37E-06	2.37E-10	0	2.15E-07	0	0	0	0	0	0	0.06015272237	0	0	0	0	0	1.93E-07	0	0	2.08E-10	0	0	4.98E-06	0.9067586443	0	0	0	0	7.51E-05	4.02E-06	0	5.92E-06	0	7.39E-08	0	0	0	0	0	4.32E-06	0	3.47E-06	0	0	0	0
900507_Ca-160-LB_nasal_case-anterior	2.44E-07	0	0	0.0003989408831	3.61E-07	0	0	0.03382314683	0	0	0	0	0.0002094832316	0	0	0.0009389601762	0	2.10E-07	4.33E-05	0	0	0	0	0	0	0.2592845568	0	0	0	0	2.22E-06	0	0	0	0	0.003751403928	0	0.0001857830284	0	0	0	0	0	0	1.01E-06	2.13E-06	0	0	0	0	0.0001053094078	0.05487270776	0	0	0	0	1.43E-06	0.01037839432	0	0	0	0.03322057812	0.1108189874	0.00760970309	0	0.0002241680229	0.02051715224	1.23E-06	0	1.44E-06	0.0003267772431	0	0.0002789613626	0	0	0	0.0002964785379	0	0	0.0002471837838	0	0	0.0003453005584	0	0	1.28E-06	0	0	0.000733426321	0.07814140549	1.74E-06	0	1.69E-06	0	0.008136023219	0.2806390862	1.80E-06	0	2.51E-06	0	0	0	8.02E-06	0	0	0	2.44E-06	0.0944430285	0	0	0	0
Ca008HNPN_Ca-008-HN_nasal_case-anterior	1.56E-07	0	0	0.001853281232	3.79E-08	0	0	0.0006320444395	0	0	0	0	0	0	6.01E-07	0.0003461002111	0	6.60E-07	6.64E-07	3.01E-07	6.92E-07	0	0	0	0	0.05350230302	6.31E-07	0	1.34E-07	0	0.0001011310124	0	5.02E-07	0.0001054893048	0	4.83E-07	0	5.09E-07	0	0	0	0	0	0	6.29E-07	0.0001642821685	0	0	0	0	0.00061593964	0.01209617479	0	0	0	0	1.51E-07	8.90E-05	0	0.0001510070344	0	2.47E-07	6.54E-05	0.001600587115	0	3.64E-07	0	7.49E-05	0	0.0001031503393	0.07595851042	0	8.22E-06	0	0	0	0.1066770842	0	0	0	0	0	0.0001441701445	0	5.89E-07	0	4.89E-07	1.35E-07	0.000113543575	0.7207627645	0	0	2.19E-06	0	0.0001365017036	0.00257891453	6.06E-07	2.01E-06	0	0	0	0	1.01E-06	0	1.87E-06	3.92E-07	9.07E-05	0.02201249143	0	2.20E-07	0	0
900496_Ca-156-MV_nasal_case-anterior	1.35E-07	0	0	0	0	0	0	9.10E-05	0	0	0	0	0	5.12E-09	3.23E-09	0	0	7.27E-08	5.48E-05	1.72E-09	0	0	0	0	0	1.71E-07	0	0	0	0	3.40E-09	0	2.31E-09	0	0	0	1.66E-07	0	0	0	0	0	0.03470077331	0	5.46E-09	4.37E-07	0	0.01190461144	0	0	0.1852743975	4.04E-07	3.38E-10	0	0	0	0	4.16E-09	0	0	0	3.48E-07	1.40E-05	2.72E-10	0	0	0	0	4.18E-09	0	4.17E-07	0	0	0	0	0	1.09E-05	0	0	0	0	0	0.6831556678	0	0.07505919213	0	3.46E-09	0	0	7.02E-06	0	0	4.48E-09	0	0	3.04E-06	0	7.16E-10	5.05E-10	0	0	0	0	0	0.009721983836	0	5.05E-07	0	0	0	2.15E-09	0
Ca007NKPN_Ca-007-NK_nasal_case-anterior	0	0.006215259599	5.25E-05	0.01427910688	0.004926749997	0	0.1238280615	0	0.0009770447958	0.01106798386	0.002288200779	0	0	0	0	0.008159465532	0	0.001455738137	0.0003985474056	0.003572443207	0.008862966955	0.0006430520229	0.00761342091	0	0.0143201958	0	0.1855522554	0.01744586229	0.003666768728	0	0.001755918493	0	0.002004126615	0.016268725	0.0001816754703	0.0002545497086	0.001506538014	0	0.07108979741	0.01293523526	0.0001066184028	0.001229745745	0.001399462428	0.001051069332	0.006969057278	0	0	0.01226347869	0.008433060794	0.0367553827	0	0.008649516853	0	0.00209354193	0.0007746270155	0.009126292635	0.004856521877	0	0.02048603178	0.04284527841	0	0	0	0.00188712996	0.004457700152	0	0.02596844089	0.008857040031	0	0.001986400504	0.002787316278	0	0	0.0008826656235	0.004363266849	0.002404513035	0	0.02019429642	0	0	0.0007710148055	0.01898582885	0.003221404463	0.0008671112055	0	0.02782261417	0.02118457746	0.000297041013	0.05325524897	0.001241224736	0.002311771653	0.002110665737	0.02118239967	0.001086584586	0	0	0.01041726739	0	0	0	0.01550163217	0	0.008908010007	0	0.01904538814	0.006252393025	0.02825805416	0	0.002218437891	0.001569808795	0.001340860221	0
900475_Ca-150-ZS_nasal_case-anterior	2.32E-07	0	0	1.03E-09	1.13E-07	0	0	0.004201443982	1.76E-08	2.33E-06	0.001326763515	0	2.72E-08	0	1.57E-09	7.49E-05	0.0007129579222	9.54E-08	0.01577201876	0.0003429458359	2.65E-08	0	2.51E-08	0	2.26E-08	0.007140148208	3.84E-09	3.66E-06	0	0	0.003227683223	0	1.30E-08	3.14E-06	1.80E-05	0	6.31E-05	2.26E-08	0	0.0005339859188	1.17E-05	4.72E-09	0	5.44E-05	0.0001116555159	0.3110606584	0.0002424968486	0.000125704046	0	0.004783714131	0.002228423512	1.82E-08	0	0	0	2.77E-08	2.10E-05	0.0001791899271	0	0	0	0.2043367182	8.60E-05	0.003269617376	3.02E-08	3.44E-07	5.47E-05	6.91E-10	3.76E-05	1.52E-07	0.0006857697492	0	5.67E-08	0	1.64E-05	3.38E-08	0.01474893983	1.63E-05	0.001984974993	0	0.000372595548	1.67E-08	0.003073776718	0	1.77E-07	6.73E-06	1.01E-08	0	2.32E-09	0.406172806	0	2.98E-08	3.22E-06	0	6.85E-05	0.011260582	0.0005726094571	2.28E-07	0	4.13E-08	1.30E-05	0	0	0	0.0004083441242	1.46E-05	7.26E-05	6.60E-05	2.90E-08	0	0.0004137964635	0
900502_Ca-158-LC_nasal_case-anterior	0	0	0	0	0	0	0	0	0	0	0	0	0	0	0	0	0	0	0	0	0	0	0	0	0	0	0	0	0	0	0	0	0	0	0	0	0	0	0	0	0	0	0	0	0	0	0	0	0	0	0.2041481835	0	0	0	0	0	0	0	0	0	0	0	0	0	0	0	0	0	0	0	0	0	0.004312378339	0	0	0	0	0	0	0	0	0	0	0	0	0	0	0	0	0	0	0	0	0	0	0	0	0.3333333333	0	0	0	0	0	0	0	0	0	0	0	0	0	0.4582061049
900505_Ca-159-AS_nasal_case-anterior	1.16E-06	0	0	1.08E-05	3.90E-17	0	0	1.23E-10	0	0	0	0	5.59E-06	0	0	1.26E-13	0	3.34E-17	0.0002791810746	0	0	0	0	0	0	0.0002356233367	0	0	1.82E-11	4.08E-17	2.17E-05	0	0	0	0	3.48E-10	1.52E-17	1.53E-17	0	0	0	0	0	0	4.24E-17	1.61E-06	0	1.11E-11	0	0	4.66E-10	5.01E-07	0	0	3.59E-17	0	0	3.40E-10	0	0	0	3.70E-10	3.12E-06	3.30E-12	0	4.80E-18	0	0	0	1.27E-11	2.74E-17	0	5.01E-18	0	0	0	0.0001144176155	0	0	2.68E-17	0	0	1.01E-06	0	0	1.14E-18	0	0	1.10E-20	0.2751168798	0	0	0	0	6.46E-05	0.7241438141	0	2.09E-17	6.52E-11	1.06E-11	0	0	6.71E-12	0	0	3.23E-22	4.80E-10	1.25E-13	0	0	0	0
900472_Ca-149-LM_nasal_case-anterior	0	0	0	0	0	0	0	0	0	0	0	0	0	0	0	0	0	0	0.04925132935	0	0	0	0	0	0	0	0	0	0.01181692127	0	0	0	0	0	0	0	0	0	0	0	0	0	0	0.03187167856	0	0	0	0	0	0	0	0	0	0	0	0	0.01730252651	0	0	0	0	0	0.06151946092	0	0	0	0	0	0	0	0	0	0	0	0	0	0	0	0	0	0	0	0	0	0.8282380834	0	0	0	0	0	0	0	0	0	0	0	0	0	0	0	0	0	0	0	0	0	0	0	0	0	0	0
900510_Ca-161-OM_nasal_case-anterior	2.98E-07	0	0	2.35E-10	7.74E-10	0	0	9.20E-06	0	0	0	0	0.0005692936147	1.09E-09	0	0	0	0	1.35E-06	1.91E-09	1.78E-09	0	0	0	0	5.27E-08	0	0	0	0	7.66E-06	0	0	0	0	8.00E-07	0	5.21E-10	0	0	0	0	0	0	1.12E-06	1.63E-05	0	1.14E-09	0.0008739573353	0	0.2229488391	1.87E-09	0	0	7.81E-10	0	1.94E-09	9.19E-10	0	5.13E-10	0	1.07E-06	0.0861431687	8.86E-07	0	1.28E-06	0	1.02E-06	0	0	7.63E-07	0	9.90E-07	0	0	0	1.68E-09	1.76E-09	0	0	0	0	1.21E-05	0	0.6883521149	4.51E-10	1.78E-09	0	0	0.0005979792901	0	7.22E-10	4.51E-10	0	5.32E-07	1.35E-06	0	7.55E-05	0	0	0	0	1.81E-09	0	1.99E-06	0	0.0003264398602	5.40E-05	0	0	0	0
900126_Ca-009-ZN_nasal_case-anterior	2.60E-07	0	4.27E-08	1.88E-07	0	0	0	0.0006089697791	0	0	0	0	0.2133600955	9.87E-05	0	1.21E-07	0	0	0.001601456504	2.66E-08	0	0	0	0	0	2.47E-07	0	0	0	0	8.11E-05	0	0	2.02E-07	0	0.005803457502	0.004652414126	7.82E-05	0	0	0	0	0	0	1.23E-07	0.04057504278	0	0	0	0	0.003272450832	6.19E-08	0	0	0	0	0	0.06255484751	0	0	0	2.38E-07	0.5577332732	0.003341806727	0	0.002805483787	0	2.48E-08	2.10E-07	4.70E-08	2.94E-08	0	4.87E-08	1.04E-07	0	0	0.03078153578	0	0	0	0	0	0.004357090875	0	0.008212071896	0	0	0	0	6.43E-08	0	0	0	0	4.53E-05	0.0599423573	0	2.69E-07	2.83E-07	0	0	0	0	0	0	4.73E-08	1.55E-07	9.16E-05	0	0	0	0
900499_Ca-157-LM_nasal_case-anterior	0.08150431111	5.35E-48	0	6.29E-12	0	0.002541976235	0	3.80E-10	0	0	0	0	0.06014344601	0	3.09E-28	0	0	1.20E-46	2.03E-11	4.28E-44	0	3.14E-19	0	4.90E-12	1.48E-45	0.3911507081	0	0	2.02E-45	0.06969451517	1.57E-18	0	0	0	0	1.52E-28	1.13E-27	6.02E-27	0	0	0	0	0	2.33E-29	3.73E-28	2.17E-11	0	2.85E-29	2.85E-27	0	2.27E-44	2.58E-11	2.37E-06	4.95E-29	5.27E-28	8.57E-19	4.01E-45	0	0	6.52E-28	0	5.14E-27	3.81E-17	3.60E-29	2.11E-45	1.80E-44	0	0	0	1.41E-28	3.09E-44	0	2.51E-17	0	0	0	1.57E-17	0	0	5.12E-45	0	0	5.34E-27	5.39E-44	7.16E-44	0	0	0	3.00E-29	0.03804514896	0	0	1.46E-28	0	0.3568971527	4.48E-17	4.08E-44	0	1.02E-45	1.02E-28	0	0	5.23E-27	0	5.12E-30	1.42E-29	0	2.04E-05	0	0	0	0
900396_Ca-123-PG_nasal_case-anterior	0	0	0.08765403563	0.005337079744	0.002532355104	0	0	0	0.0015288039	0.0261576379	0.00499430595	0.1202761074	0	0.04982847962	0.00778561643	0.0011234449	0.02035526619	0.02029354147	0	0.01364510796	0.01591411065	6.12E-05	0.02190042684	0.002417889167	0.002190958184	0	0	0.01494650229	0.00873818978	0.003039832855	0.0003864073134	0.03297477771	0.001612998573	0.02279157032	0.002019326944	8.84E-05	0.00292830507	0.01102932498	0	0.001548073233	0.02257460344	0.006397609068	0.001433071825	0.007792059722	0.0003001527486	0.0004622516082	0.01851566559	0.02014516958	0.008627998802	0.0171764558	0	0.00209972734	0.0004104493303	0	0.000691123308	0.009176026652	0.02725450242	0.0084783396	0.01547839323	0	0.01845015908	0.002617501019	0	0.0001103922528	0.007063475552	0.01200419412	0.001434765906	0	0.003917700695	0.004512728719	0.001504582378	0.0147240023	0	0.001530163627	0.01858552798	0.01331422777	0	0.02519188806	0.02669967073	0.0018894111	0.002201489906	0.02017858118	0.014588926	0.003084736138	0	0.006397853107	0.001671718458	0.008758725688	0	0.0006814663906	0.003656345172	0.01051553952	0.0002428936647	0.0002611482302	0.002705217727	0	0.000968136264	0.0004587734526	0.0236158791	0.0004143320817	0.001587506076	0.03004452848	0	0.005816289068	0.01025760904	0.004408164195	0.004144849129	0	0.001948138036	0.008625134791	0.006101934025	0
9003962_Ca-123-PG_nasal_case-anterior	0	0	0	0	0	0	0	0	0	0	0	0	0.01422333612	0	0	0	0	0	0	0	0	0	0	0	0	0	0	0	0	0	0	0	0	0	0	0	0	0.009984762274	0	0	0	0	0.03772093743	0	0	0	0	0	0.01561647732	0	0.05129273848	0	0	0	0	0	0	0	0	0	0	0	0.007302889413	0	0	0.008446540135	0	0	0	0	0	0	0	0	0	0	0	0	0	0	0	0	0	0	0.8314219877	0	0	0	0	0	0	0	0	0	0	0.00260549017	0	0.02138484102	0	0	0	0	0	0	0	0	0	0	0	0	0	0
900399_Ca-125-IM_nasal_case-anterior	0	0.0002004425583	0.001069237154	0.0009387747181	0.007515520626	0	0.007546264637	0	0.0001369097133	0.0001283615579	0.01537741111	0	0.001850689962	0.005008670828	0.007610937221	0.04419628033	0.004226941126	0.0004894121845	0.001703540296	0.0003474236488	0.01679764914	0.0001899252149	0.00605871985	0.00297876586	0.007351757769	7.78E-05	0.0004582260083	0.02663474406	0.003189831309	0	0.0002362050352	0	0.0090925883	0.008853415146	0.01798271003	0.001102561466	0.0001524379947	0.008151808803	0	0.003388589349	0.009812367172	0.001909144318	0.005149150859	0.02871824212	0.04332684056	0.0005233910659	0.01103596596	0.003545515697	0.003669634845	0.02190044906	0.0009044572276	0.0002928453159	0.0004285536235	0.003494565501	0.008576775976	0.003383172239	0.0124770346	0	0.01978682577	0	0.03267611719	0	0	0.001573667559	0.03958880638	0.002246746079	0.01544650964	0.0004386781002	0.03203323599	0.0002363239386	0	0.02926753695	0.01877614615	0.01401457248	0.01321262486	0.02233976267	0	0.03166482804	0.0001809833206	0.002098557301	6.69E-05	0.01761179603	0.003039638291	0.03085724474	0	0.02541708356	0	0.03021482705	0.02707984418	0	0.01593225424	0.03785799873	0.005528220259	0.03582563608	0.000499259344	0	0.02231027482	0.01439233754	0.0031873415	0.001099126271	0.0002930663216	0.0007467340031	0	0.0052679664	0.02374075584	0.01314623904	0.01044866063	0.002931992488	0.006760706345	0.00191624501	0.0180532584	0
9003992_Ca-125-IM_nasal_case-anterior	0	0	0	0	0.002598558437	0	0.04749380646	0.001115611961	0	0	0	0	0.0001293852145	0	0	0.03650812922	0	0.001310438714	0.001605493592	0	0	0	0	0	0	0.00445845088	0.03920976118	0	0	0	0	0	0	0	0	0	0.009295398095	0.0001666000452	0	0	0.00289400371	0	0.03213649372	0	0.05994024017	0.07246957794	0	0.01027171985	0	0	0.0321847019	0	0.001883025803	0	0.002972486644	0	0.02420639771	0.0003173144102	0	0.00187074251	0	0.006468908987	0.04029231113	0.02767584443	0	0.001250652385	0	0.007185199235	0.01988267868	0.01338501916	0.0005821490821	0.05469874611	0.01814076116	0	0	0	0.02896047263	0	0	0.1054593139	0	0	0.126237778	0	0.002428227157	0	0	0	0.01231193308	0.003116672012	0	0	0.002352784544	0	0	0.0005109168829	0.0192631508	0.06968765804	0.003119253164	0	0	0	0.04507956633	0	0	0.002236057131	0	0.001411783439	0	0.003223824326	0	0
900402_Ca-124-AB_nasal_case-anterior	1.96E-07	1.87E-12	0.0001183952161	0.0006081618039	0.002757270066	0	0	0.0006679974622	0.0289347572	8.46E-06	0.002328518796	0	3.81E-08	4.89E-06	0.002921956361	0.001000022029	0.005387164497	0.005230308742	0.0005717803476	0.0002307175168	0.04009098481	9.89E-12	0.005145419527	0.008110032933	0.003239944163	1.27E-08	0	0.04415027138	3.92E-06	4.37E-11	0.1805473706	0	0.001192900816	0.0011565015	5.30E-05	4.74E-11	0.0002786307602	0.0004169343702	0	0.000336332552	0.00669856157	0.006105981777	0.0001924733661	0.006670382873	1.05E-07	5.79E-05	0.04215192086	8.75E-06	0.07126956802	0.009868628334	3.78E-11	8.27E-06	7.33E-06	4.60E-11	0.00021405175	0.00130544695	0.0008001134447	3.15E-05	0.04689841937	0	0.06099824448	0.001858272415	6.35E-07	0.001264513461	0.05991250245	2.02E-08	3.22E-05	4.44E-08	2.02E-06	0.0002912656334	1.34E-05	0.008895168025	0.0001892301674	6.70E-06	0.001926555004	0.0001988719356	8.66E-05	0.01744309417	0.01019142108	0	4.32E-12	0.01871491959	0.01969615925	0.002738742029	8.94E-11	1.29E-07	1.41E-10	0.08943871058	0	2.75E-05	0.0005422887372	0.03950780399	0	0.0007036719188	2.54E-08	5.28E-05	0.008249164925	1.64E-05	0	7.72E-08	0.002036456652	6.59E-08	6.88E-12	0.0001419385118	0.01895250219	4.63E-05	6.74E-08	1.94E-07	0.05041594073	0.01248456316	0.04514057001	0
9004022_Ca-124-AB_nasal_case-anterior	0	0	0	0	0	0	0	0	0	0	0	0	0	0	0	0	0	0	0.02129554677	0	0	0	0	0	0	0	0	0	0	0	0.05540532081	0	0	0	0	0	0	0	0	0	0	0	0	0	0	0	0	0	0	0	0	0	0	0	0	0	0	0	0	0	0	0	0.2713947431	0	0	0	0	0	0	0	0	0	0	0.06053466644	0	0	0	0	0	0	0	0	0	0	0.5913697229	0	0	0	0	0	0	0	0	0	0	0	0	0	0	0	0	0	0	0	0	0	0	0	0	0	0	0
Ca006ONPN_Ca-006-ON_nasal_case-anterior	0	0	0	0	0	0	0	0	0	0	0	0	0	0	0	0	0	0	0	0	0	0	0	0	0	0	0	0	0	0	0	0	0	0	0	0	0	0	0	0	0	0	0	0	0	0	0	0	0	0	0.8473549952	0	0	0	0	0	0	0	0	0	0	0	0	0	0	0	0	0	0	0	0	0	0	0	0	0	0	0	0	0	0	0	0	0	0	0	0	0	0	0	0	0	0	0	0	0	0	0	0	0	0	0	0	0	0	0	0	0	0	0	0	0.1526450048
Ca006ONPN2_Ca-006-ON_nasal_case-anterior	2.01E-07	1.27E-07	3.96E-10	4.81E-08	6.32E-06	0	2.14E-07	0	0.0003528272313	0.0001130855813	1.33E-07	0	0	1.05E-05	6.84E-06	2.12E-07	7.70E-05	4.16E-06	0	2.98E-08	4.48E-06	4.77E-10	1.21E-05	1.10E-07	4.52E-05	0	0.08188295551	4.72E-10	2.86E-10	3.48E-08	0	0	7.72E-06	2.69E-05	1.37E-07	0	0.0005939956125	5.06E-08	0	2.34E-07	0.0004620600979	0.003290744453	3.88E-05	1.90E-05	0.0001423601383	0	7.52E-11	2.36E-10	1.39E-06	4.05E-10	0.1823319113	3.69E-10	1.70E-10	0	0.0008535090644	6.95E-06	0.000366188955	0	2.79E-06	9.45E-07	0.003385661606	5.03E-08	0	0	7.36E-05	1.56E-05	1.98E-07	0	2.71E-09	1.07E-07	1.67E-10	0.1851263879	3.20E-10	1.76E-07	7.54E-05	3.20E-10	0	3.03E-06	5.17E-05	1.28E-11	0	0.001495540049	2.50E-06	0.0002034337441	0.0008373766173	0.0001155505267	0	0.0005021304866	1.34E-06	4.33E-07	5.26E-06	0.0009654044175	0	7.26E-08	8.72E-07	0	9.25E-06	0.03483452739	0	1.51E-07	4.84E-06	0.0005978784459	0	9.98E-07	7.82E-06	4.07E-06	0	2.49E-06	0.0005598091649	0.0007468340191	1.99E-05	0.4996874586