	Co004LNPN_Co-004-LN_nasal_control-anterior	900242_Co-101-AN_nasal_control-anterior	Co005SNPN_Co-005-SN_nasal_control-anterior	900244_Co-102-LD_nasal_control-anterior	900138_Co-011-SF_nasal_control-anterior	900246_Co-103-MM_nasal_control-anterior	900140_Co-012-ON_nasal_control-anterior	900248_Co-104-IV_nasal_control-anterior	900250_Co-105-IV_nasal_control-anterior	900142_Co-013-AY_nasal_control-anterior	900252_Co-106-AB_nasal_control-anterior	900146_Co-014-TN_nasal_control-anterior	900254_Co-107-TG_nasal_control-anterior	900144_Co-015-OJ_nasal_control-anterior	900264_Co-108-OG_nasal_control-anterior	900541_Co-026-LT_nasal_control-anterior	900365_Co-138-AT_nasal_control-anterior	900543_Co-027-IS_nasal_control-anterior	900267_Co-109-AG_nasal_control-anterior	900545_Co-028-UV_nasal_control-anterior	900269_Co-110-SW_nasal_control-anterior	900547_Co-029-YL_nasal_control-anterior	900266_Co-111-AM_nasal_control-anterior	900549_Co-030-AL_nasal_control-anterior	900272_Co-112-SN_nasal_control-anterior	900280_Co-113-MM_nasal_control-anterior	900551_Co-031-LM_nasal_control-anterior	900284_Co-114-IG_nasal_control-anterior	900553_Co-032-AR_nasal_control-anterior	900282_Co-115-SG_nasal_control-anterior	900561_Co-033-LN_nasal_control-anterior	900286_Co-116-MR_nasal_control-anterior	900563_Co-034-AS_nasal_control-anterior	900288_Co-117-TG_nasal_control-anterior	900599_Co-036-OM_nasal_control-anterior	900290_Co-118-MG_nasal_control-anterior	900597_Co-037-LM_nasal_control-anterior	900292_Co-119-MG_nasal_control-anterior	900601_Co-038-AG_nasal_control-anterior	900312_Co-120-MM_nasal_control-anterior	900603_Co-039-KG_nasal_control-anterior	900607_Co-040-ST_nasal_control-anterior	900314_Co-121-MM_nasal_control-anterior	900605_Co-041-LC_nasal_control-anterior	900316_Co-122-IS_nasal_control-anterior	900609_Co-042-LN_nasal_control-anterior	900614_Co-043-ZS_nasal_control-anterior	900320_Co-124-UM_nasal_control-anterior	900351_Co-133-KT_nasal_control-anterior	900618_Co-044-KM_nasal_control-anterior	900322_Co-125-MM_nasal_control-anterior	900616_Co-045-OM_nasal_control-anterior	900324_Co-126-ID_nasal_control-anterior	900620_Co-046-KL_nasal_control-anterior	900326_Co-127-MB_nasal_control-anterior	900628_Co-047-LV_nasal_control-anterior	900328a_Co-128-IV_nasal_control-anterior	900632_Co-049-LJ_nasal_control-anterior	900345_Co-130-MM_nasal_control-anterior	900634_Co-050-AH_nasal_control-anterior	900347_Co-131-AM_nasal_control-anterior	900349_Co-132-IM_nasal_control-anterior	900361_Co-137-AM_nasal_control-anterior	900353_Co-134-KK_nasal_control-anterior	900375_Co-144-LM_nasal_control-anterior	900377_Co-145-HN_nasal_control-anterior	900357_Co-135-LT_nasal_control-anterior	900359_Co-136-SM_nasal_control-anterior	900363_Co-139-MP_nasal_control-anterior	900369_Co-141-IG_nasal_control-anterior	900371_Co-142-IP_nasal_control-anterior	900373_Co-143-AN_nasal_control-anterior	900481_Co-146-LK_nasal_control-anterior	900367_Co-140-IM_nasal_control-anterior	900381_Co-146-LK_nasal_control-anterior	900379_Co-147-SV_nasal_control-anterior	900383_Co-148-IM_nasal_control-anterior	900385_Co-149-LM_nasal_control-anterior	Co002MPPN_Co-002-MP_nasal_control-anterior	Co001SMPN_Co-001-SM_nasal_control-anterior	Co003LTPN_Co-003-LT_nasal_control-anterior	900318_Co-123-LZ_nasal_control-anterior	900387_Co-150-LN_nasal_control-anterior	900136_Co-016-CB_nasal_control-anterior	900389_Co-151-AN_nasal_control-anterior	900391_Co-152-AF_nasal_control-anterior	9003912_Co-152-AF_nasal_control-anterior	900393_Co-153-YM_nasal_control-anterior	9003932_Co-153-YM_nasal_control-anterior	Unknown
Co004LNNL_Co-004-LN_skin_control-nonlesional	0	0	0	0	0	0	0	0	0	0	0	0	0	0	0	0	0	0	0	0	0	0	0	0	0	0	0	0	0	0	0	0	0	0	0	0	0	0	0	0	0	0	0	0	0	0	0	0	0	0	0	0	0	0	0.06375077246	0.04924653601	0	0	0	0	0	0	0	0	0	0	0	0	0	0	0	0	0	0.09186619292	0	0	0	0	0	0	0	0	0	0	0	0	0	0	0	0.7951364986
900241_Co-101-AN_skin_control-nonlesional	0	0	0	0	0	0	0	0	0	0	0	0	0	0	0	0	0	0	0	0	0	0	0	0	0	0	0	0	0	0	0	0	0	0	0	0	0	0	0	0	0	0	0	0	0	0	0	0	0	0	0	0	0	0	0	0	0	0	0.08329028245	0	0	0	0	0	0.04182072705	0	0	0	0.04155565717	0	0	0.04560345313	0	0.06990355118	0	0	0	0	0	0	0	0	0	0	0	0	0	0	0	0.717826329
Co005SNNL_Co-005-SN_skin_control-nonlesional	1.83E-06	7.06E-11	5.88E-11	3.33E-14	0	0.09286622677	0	0.0002393567839	6.42E-07	2.69E-07	0	0.0008445710531	7.53E-07	1.07E-09	3.61E-22	9.20E-05	0.007669010867	1.81E-22	5.54E-22	2.51E-06	3.69E-14	5.39E-15	7.27E-07	2.49E-14	8.34E-08	1.18E-22	5.77E-10	1.13E-14	2.47E-22	4.34E-22	1.17E-14	0.0007773513266	3.73E-14	2.62E-06	4.71E-24	0.0006840902388	1.27E-15	0.02021730527	2.98E-14	0	0.0006675758587	0.06825432139	0.0001510935912	0	0	4.25E-07	0	2.17E-14	0.0005520922158	1.33E-09	6.07E-10	0	1.66E-10	0.07913934127	6.47E-10	0	3.49E-22	0.0006490623337	0.1666666667	7.91E-23	2.22E-10	0.0008803101113	4.21E-22	0	3.11E-22	5.08E-23	0.05020663977	3.25E-15	0	1.18E-09	3.01E-14	3.28E-22	6.90E-07	0.01547715164	3.72E-10	0	1.76E-22	1.83E-14	0.0001187601349	0	1.09E-14	1.12E-09	0	3.96E-14	1.01E-09	1.12E-09	2.53E-06	0	5.62E-22	0.4938339493
900243_Co-102-LD_skin_control-nonlesional	0	0	0.004182176382	0.000555024799	0.301535481	0.0008393221843	0	0.003428774421	0.0008036637353	0.01351907764	0	0.003278561841	0.00673667472	0	0	0.0008640934334	0.000726228387	0.0007682600889	0.004601436337	0	0.002741657511	0	0.01532147303	0	0	0.0001091763464	0.000122186429	0.0005837280582	0	0	0.0007146757933	0	0.0002165308237	0.009825818073	0	0	0.004201503468	0	0	0	0	0	0	0.2551904783	0	0	0	0.0009490741471	0.0002776416783	0	0	0	0.009460373464	0	0	0.01340750415	0	0	0.01602163862	0.001784841627	0.004270980105	0.005111772683	0.01873771072	0	0	0.00510709343	0	0.009338404552	0	0.00835963806	0.008428970502	7.80E-05	0	0	0	0.06192765311	0	0.004509351467	0.0001288467058	0	0.001334213129	0.001555336265	0	0.005226432243	0	0	0.003178408789	0.1896424866	0.0002975896943	0
900137_Co-011-SF_skin_control-nonlesional	0	0	0	0	0.1948310284	0	0	0	0	0	0	0	0	0	0	0	0	0	0	0	0.001913265633	0	0	0	0	0	0	0	0	0	0	0	0	0	0	0	0	0	0	0	0	0	0	0.4176330925	0	0	0	0	0	0	0	0	0	0	0	0.03686239242	0	0	0.1839354302	0	0	0	0	0	0	0	0	0	0	0	0	0	0	0	0	0.07372701789	0	0	0	0	0	0	0	0	0	0	0	0.09109777297	0	0
900245_Co-103-MM_skin_control-nonlesional	0	0	0	0	0.3398019679	0	0	0	0	0	0	0	0	0	0	0	0	0	0	0	0	0	0	0	0	0	0	0.01109190545	0	0.01218660142	0	0	0	0	0	0	0	0	0	0.01086290166	0	0	0	0.02944235127	0	0	0	0.05323327801	0	0	0	0.0468204155	0	0	0.2332796398	0.02751688857	0	0	0.009374492158	0	0	0	0	0	0	0	0	0	0	0	0.007252689624	0	0.01433987705	0	0	0.09513613929	0	0	0	0	0	0	0	0	0	0	0	0.1096608523	0	0
900139_Co-012-ON_skin_control-nonlesional	0	0	0	0	0.09884719414	0	0	0	0	0	0	0	0	0	0	0	0	0	0	0	0	0	0	0	0	0	0	0.0003805945973	0	0	0	0	0	0	0	0	0	0	0	0.002133116705	0.001417002585	0	0	0.03303572941	0	0	0	0	0	0	0	0	0	0	0	0	0	0	0.3956883877	0	0	0	0.006556743918	0	0.1174045287	0	0	0	0.02601865097	0	0	0	0	0.05752786048	0.1601099227	0.009577711532	0	0	0	0	0	0	0	0	0	0	0	0.09130255655	0	0
900247_Co-104-IV_skin_control-nonlesional	0	0	0	0	0	0	0	0	0	0	0	0	0	0	0	0	0	0	0	0	0	0	0	0	0	0	0	0	0.1392510529	0	0	0	0	0	0	0	0	0	0	0	0	0	0	0	0	0	0	0	0	0	0	0.04697507201	0	0	0.02571918083	0	0	0	0	0	0	0	0	0	0	0	0	0	0	0	0	0.07648174191	0	0	0	0	0	0	0	0	0	0	0	0	0	0	0	0	0	0.7115729524
900249_Co-105-IV_skin_control-nonlesional	0	0	0	0	0	0	0	0	0	0	0	0	0	0	0	0	0	0	0	0	0	0	0	0	0	0	0	0	0	0.02400475259	0	0	0.0186693134	0	0	0	0	0	0	0	0	0	0	0	0	0	0	0	0	0	0	0.2278992006	0	0	0.05338066466	0	0	0	0	0	0	0	0	0	0.1666666667	0	0	0	0	0	0	0	0	0	0	0.009379402097	0	0	0	0	0	0	0	0	0	0	0	0	0	0.5
900141_Co-013-AY_skin_control-nonlesional	0	0	0	0	0.1380044286	0	0	0	0	0	0	0	0	0	0	0	0	0	0.04412253729	0	0.005302773598	0	0	0	0	0	0	0	0	0	0.008453635851	0	0	0	0	0	0	0	0	0	0	0	0	0.02168729579	0	0	0	0	0	0	0	0	0	0	0	0.1276636145	0.07651090523	0	0.008745319694	0	0	0	0	0	0	0.2	0	0	0	0	0	0	0	0.005124072644	0	0.2650106992	0	0	0	0	0	0	0	0	0	0.07936655748	0	0.0200081601	0	0
900251_Co-106-AB_skin_control-nonlesional	1.47E-06	2.18E-14	1.55E-06	1.78E-10	0	6.43E-10	0	2.90E-22	9.12E-07	0.03011275761	9.19E-10	1.48E-22	0.0002789708999	0.0003207655673	1.67E-22	3.86E-07	5.35E-10	2.10E-10	5.02E-16	1.59E-24	4.54E-23	3.42E-22	4.60E-08	7.57E-10	1.43E-06	7.09E-15	2.38E-22	2.65E-06	0	0	6.18E-10	3.08E-07	3.79E-07	2.03E-07	2.35E-22	0.03965175207	1.05E-06	0.0004277944425	1.96E-22	0	0.0001924096945	1.19E-14	9.81E-05	2.95E-09	0	1.09E-14	0	2.57E-10	5.82E-10	0.0001627411377	0.3355514891	0	7.63E-07	4.97E-05	5.94E-10	0	0	0.03399258982	0.3322749575	0	6.75E-10	1.35E-15	1.29E-22	0	2.73E-22	3.91E-10	0.0591505551	2.14E-14	0	3.60E-10	7.35E-15	5.68E-07	4.90E-10	2.02E-22	8.59E-10	0	2.98E-22	3.00E-23	2.61E-22	0	3.72E-10	8.04E-11	0	1.82E-22	1.65E-14	8.88E-08	4.06E-07	0.001056489693	2.40E-14	0.1666666667
900145_Co-014-TN_skin_control-nonlesional	0	0	0	0	0	0	0	0	0	0	0	0	0	0	0	0	0	0	0	0	0	0	0	0	0	0	0	0	0	0	0	0	0	0	0	0	0	0	0	0	0	0	0	0	0	0	0	0	0	0	0	0	0	0	0	0	0	0	0	0	0	0	0	0	0	0	0	0	0	0	0	0	0	0	0	0	0	0	0	0	0	0	0	0	0	0	0	0	0	1
900253_Co-107-TG_skin_control-nonlesional	0	0	0	0	0	0	0	0	0	0	0	0	0	0	0	0	0	0	0.02990976107	0	0	0	0	0	0	0	0	0	0	0	0	0	0	0	0	0	0	0	0	0	0	0	0	0	0	0	0	0.067233346	0	0	0	0	0	0	0.04704214974	0.08400473296	0	0	0	0	0	0	0	0	0	0.07154529146	0	0	0	0	0	0	0	0	0	0	0.1176027851	0	0	0	0	0	0	0	0	0	0	0	0.104355124	0.4783068097
900143_Co-015-OJ_skin_control-nonlesional	0	0	0	0	0.1593469945	0	0	0	0	0	0	0	0	0	0	0	0	0	0	0	0	0	0	0	0	0	0	0	0	0	0	0	0	0	0	0	0	0	0	0	0	0	0	0.1319359082	0	0	0	0	0	0	0	0	0	0	0	0.009819659442	0	0	0.107408339	0	0	0	0.001038266778	0	0.04733677934	0	0	0	0.04220088166	0	0	0	0.02550714793	0	0	0.09692505895	0	0	0.0001802843892	0	0	0	0	0	0	0	0	0.04496734644	0	0.3333333333
900263_Co-108-OG_skin_control-nonlesional	1.32E-06	5.54E-09	9.96E-07	0.1744544938	0	0.01969213379	6.41E-21	3.29E-07	0.2464307362	0.02484333168	5.96E-13	0.0001043900198	0.008540109475	0.01254837183	0	1.81E-06	0.008522986601	8.42E-20	0.02045901446	6.69E-09	5.61E-10	4.20E-06	0.01095019985	4.19E-14	8.49E-09	2.67E-13	0.01199424527	1.13E-07	0	0	1.34E-07	8.54E-09	6.21E-06	0.0006819395172	5.17E-13	0.0001404118605	0.01087351793	0.0003550733376	6.24E-13	0	0.0002112704328	7.02E-10	0.0006931066397	0	0	7.77E-09	0	3.36E-07	0.0001338760826	3.65E-06	2.69E-09	2.25E-21	0.006788689191	0.03146113681	3.77E-07	2.13E-21	0	2.20E-06	0.005165623672	6.21E-10	0.003244684883	0.0002651091775	2.88E-09	0	0.1931912639	1.73E-07	0.01361804372	0.0008895024784	2.41E-11	5.03E-05	0.002067368734	1.24E-14	0.0006825903471	2.47E-06	0.001651716454	0	0.1666666667	5.95E-08	4.70E-10	0	1.29E-09	9.86E-05	0	4.74E-06	4.86E-09	4.27E-13	0.02249878636	0	1.62E-06	0
900540_Co-026-LT_skin_control-nonlesional	4.73E-06	1.38E-13	0.001011152625	0.02806471101	0.4930278059	0.0008475328443	0	0.02972690385	3.21E-06	0.01725351659	5.87E-14	1.11E-18	2.10E-05	1.88E-06	1.03E-29	0.0007012709062	0.02248572929	1.09E-17	2.82E-09	1.52E-13	2.36E-11	9.39E-20	0.0004805832527	3.67E-19	3.75E-19	2.67E-12	9.24E-05	9.75E-06	0	9.16E-29	1.43E-13	0.0005372062845	0.01681524145	0.03702463394	2.79E-13	0.0002657482511	0.008078495154	0.0023175442	1.45E-19	0	4.00E-06	1.31E-29	0.001666378045	2.19E-07	0	2.39E-06	0	1.82E-18	0.005709116666	2.35E-06	3.99E-08	0	0.02315995039	2.09E-06	2.96E-14	4.69E-05	0.1666666667	1.20E-13	3.05E-08	0	2.92E-08	2.18E-05	0	0	1.18E-32	4.32E-13	0.00112992516	0.02608511188	0	0.09687655888	1.90E-05	9.15E-13	4.80E-29	1.67E-09	1.92E-13	0.002492636042	1.02E-19	6.30E-08	3.35E-07	0	2.31E-05	0.007125663183	0	3.18E-05	2.88E-07	1.93E-19	0.00571248471	0.004407812001	4.23E-05	0
900364_Co-138-AT_skin_control-nonlesional	0	0	0	0	0.05889510578	0	0	0	0	0	0	0	0	0	0	0	0	0	0	0	0	0	0	0	0	0	0	0	0	0	0	0	0	0	0	0	0	0	0	0	0	0	0	0.02087300087	0	0	0	0.0764806657	0	0	0	0	0	0	0	0.2960769404	0	0	0	0	0	0	0	0	0	0	0	0	0	0	0.3006568399	0	0.0003879634873	0	0	0.0193670176	0	0	0.001034714672	0	0	0	0	0	0	0	0	0.04488537447	0	0.1813423771
900265_Co-109-AG_skin_control-nonlesional	0	0	0	0	0.03919019468	0	0	0	0	0	0	0	0	0	0	0	0	0	0.1028394486	0	0.001036293281	0	0	0	0	0	0	0.003275389743	0	0	0	0	0	0	0	0	0	0	0	0	0	0	0	0.01154102035	0	0	0	0	0	0	0	0	0	0	0	0.01409472671	0	0	0.002295577254	0	0	0	0	0	0	0	0	0	0	0	0	0	0	0	0	0.06968432409	0	0.1591431637	0	0	0	0	0	0	0	0	0	0.02554914055	0	0.571350721
900542_Co-027-IS_skin_control-nonlesional	0	0	0	0	0.1231306356	0	0	0	0	0	0	0	0	0	0	0	0	0	0	0	0	0	0	0	0	0	0	0	0	0.01255114301	0	0	0	0	0	0	0	0	0	0	0	0	0	0.03710395243	0	0	0	0	0	0	0	0	0	0.03433733167	0	0.03067752844	0	0	0.008466369361	0	0	0	0	0	0	0	0	0	0	0	0	0	0	0	0	0.5292449763	0	0.1666666667	0	0	0	0	0	0	0	0	0	0.05782139654	0	0
900544_Co-028-UV_skin_control-nonlesional	0	0	0.0006593566853	0	0.02028524843	0	0.01253527029	0	0.0006856424958	0	5.20E-05	0.001011434037	0	9.37E-05	0	0.0002465966967	0	0.01380693508	0	0.008214482516	0.007955005147	0.01284731859	0	0.01628009142	0	0.001790453058	0	0	0	0.0004787544582	0.00221015686	0	0	0	0.0001739619231	0.000952031423	0	0	0.005813728507	0.001403053098	0.0001763283329	0.006982596071	0	0.09470378212	0	0.002515810739	0.01038930184	0	0	0.003545060848	0	0	0	0	0	0.09074944899	0	0	0.004205641404	0.0156393929	4.58E-05	0	0.005738700773	0.0008860417107	0.2043973641	0	0	0	0	0.0009602447757	0.008613878724	0	0	0	0	0.3268919984	0.0004128083172	0	0	0	0.0006609188293	0	0	0	0.0008368591616	0	0	0.1132616635	0.0008911932475	0
900268_Co-110-SW_skin_control-nonlesional	0	0	0	0	0.06059739623	0	0	0	0	0	0	0	0	0	0	0	0	0	0	0	0	0	0	0	0	0	0	0	0	0	0	0	0	0	0	0	0	0	0	0	0	0	0	0.1540973533	0	0	0	0	0	0	0	0	0	0	0	0.03295135596	0	0	0.07876520745	0	0	0	0	0	0	0	0	0	0	0	0	0	0.003331606399	0.008800067396	0	0.1227759896	0	0	0.0008031080926	0	0	0	0	0	0	0	0	0.5378779157	0	0
900546_Co-029-YL_skin_control-nonlesional	0	0	0	0	0.03669954501	0	0	0	0	0	0	0	0	0	0	0	0	0	0	0	0	0	0	0	0	0	0	0.006734281941	0	0	0	0	0	0	0	0	0	0	0	0	0	0	0	0.0009511118814	0	0	0	0	0	0	0	0	0	0	0	0.05772681572	0	0	0.001933662712	0	0	0	0.001881721564	0	0	0	0	0	0	0	0	0	0	0.01311684971	0	0.05435302903	0	0	0	0	0	0	0	0	0	0	0	0.006386498804	0	0.8202164836
900270_Co-111-AM_skin_control-nonlesional	0.2297946264	0	0	0	0.001037403757	0	0	0	0	0	0	0	0	0	0	0	0	0	0	0	0	0	0	0	0	0	0	0.1035387069	0	6.56E-18	0	0	0	0	0	0	0	0	0	0	0	0	0	0.07307641368	0	0	0	0	0	0	0	0	0	0	0	1.36E-11	0	0	8.48E-09	0	0	0	0	0	0	0	0	0	0	0	0	0	1.13E-17	1.04E-17	0	3.58E-07	0	0	0	0	0	0	0	0	0	0	0	0.5925524829	0	0
900548_Co-030-AL_skin_control-nonlesional	0	0	0	0	0.3382999234	0	0	0	0	0	0	0	0	0	0	0	0	0	0	0	0	0	0	0	0	0	0	0	0	0	0	0	0	0	0	0	0	0	0	0	0	0	0	0.19484694	0	0	0	0	0	0	0	0	0	0	0	0.03535301156	0	0	0.06665356485	0	0	0	0	0	0	0	0	0	0	0	0	0	0	0	0	0.2039318121	0	0	0	0	0	0	0	0	0	0	0	0.1609147481	0	0
900271_Co-112-SN_skin_control-nonlesional	0	0	0	0	0.0793173698	0	0	0	0	0	0	0	0	0	0	0	0	0	0	0	0	0	0	0	0	0	0	0	0	0	0	0	0.1381319434	0	0	0	0	0	0	0	0	0	0	0.01743508034	0	0	0	0	0	0	0.02311125014	0	0	0	0.1062830073	0.04215944747	0	0	0	0	0	0	0	0	0	0	0.00269252712	0	0	0	0	0	0.0006950567796	0	0	0.2118791831	0	0	0	0	0	0	0	0	0	0	0.3706057425	0.007689391964	0	0
900279_Co-113-MM_skin_control-nonlesional	0	0	0	0	0.07095346641	0	0	0	0	0	0	0	0	0	0	0	0	0.01609438857	0	0	0	0	0	0	0	0	0	0.001200618809	0	0	0	0	0	0	0	0	0	0	0	0	0	0	0	0.08152424649	0	0	0	0	0	0	0	0	0	0	0	0.00944921746	0	0	0.4530023179	0	0	0	0	0	0.2454286841	0	0	0	0.006481072947	0	0.0007069837891	0	0	0	0	0.003651444103	0	0	0	0	0	0	0	0	0	0	0	0.1115075594	0	0
900550_Co-031-LM_skin_control-nonlesional	0	0	0	0	0.1305443949	0	0	0	0	0	0	0	0	0	0	0	0	0.005907056076	0	0	0	0	0	0	0	0	0	0.006014764398	0	0	0	0	0	0	0	0	0	0	0	0.005765570584	0	0	0	0.1349829769	0	0	0	0	0	0	0	0	0	0	0	0.1275753618	0	0	0.06619575462	0	0	0	0.001413297017	0.09516985691	0	0	0	0	0	0	0	0	0	0.07149680976	0	0.3033358885	0	0	0	0	0	0	0	0	0	0	0	0.05159826858	0	0
900283_Co-114-IG_skin_control-nonlesional	0	0	0	0	0.01566391205	0	0	0	0	0	0	0	0	0	0	0	0	0	0	0	0.003917039208	0	0	0	0	0	0	0.002459505411	0	0	0	0	0	0	0	0.1666666667	0	0	0	0	0	0	0	0.05594332513	0	0	0	0	0	0	0	0	0	0	0.387466387	0.001068815547	0	0	0.0503041364	0	0	0	0	0	0	0	0	0	0	0	0	0	0.0003466524037	0	0	0.0043927928	0.112533613	0	0	0	0	0	0	0	0	0	0	0.1992371544	0	0
900552_Co-032-AR_skin_control-nonlesional	0	0	0.0006943176968	0	0.0186921342	0	0.007482773293	0	0.001502210865	0	0	0	0	0.00462282557	0	0.007516400098	0	0.01890028693	0.001674377249	0.03567747969	0	0.007700074488	0	0.01717166802	0	0.020649516	0	0.001249614081	0	0.02873493222	0	0	0	0	0.001454631063	0.004632023536	0.0008624774722	0	0.01415758757	0.03011509827	0	0.002200006178	0	0.2131984483	0	0.008960978852	0.006828440365	0	0	0.0112986817	0	0	0	0	0	0.0432109067	0	0	0.003775626449	0.001121708388	0.003417553972	0	0.002208839172	0.02058300601	0.1666666667	0	0	0	0	0	0	0	0	0	0	0.136224718	0.0007585627345	0	0.001422187609	0	0.001622374983	0	0	0.007405538969	0.009463820786	0	0	0.1352405181	0.0009009877849	0
900281_Co-115-SG_skin_control-nonlesional	0	0	0	0	0.07375418459	0	0	0	0	0	0	0	0	0	0	0	0	0	0	0	0.006219627001	0	0	0	0	0	0	0.006141544715	0	0.004711270411	0	0	0	0	0	0	0	0	0	0	0	0	0	0.1185395498	0	0	0	0	0	0	0	0	0	0	0.06071602464	0.01884231438	0	0	0.006598119252	0	0	0	0.001384608189	0	0	0	0	0	0	0	0	0	0	0.105878108	0	0.1597978095	0	0	0	0	0	0	0	0	0	0	0	0.1040109721	0	0.3334058674
900560_Co-033-LN_skin_control-nonlesional	5.79E-07	0	0	0	0.008822002275	0	0	0	0	0	0	0	0	0	0	0	0	0	0	0	0	0	0	0	0	0	0	0	0	0	0	0.01382941907	0	0	0	0	0	0	0	0	0	0	0	0.007926392348	8.59E-07	0	0	0	0	0	0	0.1666666667	0	0	0	5.33E-19	0.1528372476	0	0.4999985082	0	0	0	3.09E-19	0	5.35E-08	0	0	0	0	0	0	0	0	0	0	0.1498629963	0	0	0	0	0	0	0	0	0	0	0	5.53E-05	0	0
900285_Co-116-MR_skin_control-nonlesional	6.70E-07	1.66E-16	5.31E-07	0.0003300728818	0.6666650289	0.0004919624133	3.70E-17	1.19E-11	6.89E-09	2.88E-05	2.90E-07	0	7.00E-07	2.52E-05	0	6.86E-09	5.71E-09	0	3.50E-12	2.19E-09	4.45E-12	0	0.000494287939	1.67E-07	8.21E-07	2.56E-12	5.27E-07	2.88E-07	0	0	2.38E-09	5.09E-06	4.86E-10	3.07E-09	1.22E-11	0.0001650186465	3.49E-07	1.90E-07	1.25E-11	0	0.0003088714457	2.37E-05	4.11E-07	2.30E-06	1.39E-16	6.65E-17	0	0.3258593945	2.08E-05	1.22E-05	1.85E-16	0	2.21E-09	3.05E-06	0.004784149554	0	0	2.08E-07	1.62E-08	4.90E-07	1.43E-07	3.56E-07	3.90E-12	0	1.29E-09	1.24E-16	0.0005163871106	4.68E-07	0	8.33E-11	3.11E-09	7.54E-17	1.35E-17	7.53E-07	7.03E-12	9.70E-06	1.47E-16	9.17E-12	3.52E-12	0	1.84E-16	0.0002356167434	0	1.11E-11	8.13E-09	1.09E-05	1.98E-08	9.79E-10	1.71E-16	0
900562_Co-034-AS_skin_control-nonlesional	0	0	0	0	0	0	0	0	0	0	0	0	0	0	0	0	0	0	0	0	0	0	0	0	0	0	0	0	0	0	0	0	0	0	0	0	0	0	0	0	0	0	0	0	0	0	0	0	0	0	0	0.0665751101	0	0	0.05059088088	0	0	0	0	0	0	0	0	0	0	0	0	0	0	0	0	0	0	0	0	0	0.04838491382	0	0	0	0	0	0	0	0	0	0	0	0	0.8344490952
900287_Co-117-TG_skin_control-nonlesional	8.92E-07	3.81E-09	1.86E-06	2.09E-10	0.01184291126	3.81E-09	0	1.58E-14	1.92E-05	0.003909405091	1.17E-06	0.0001215114908	0.0001136194033	0.003832285684	0	3.30E-07	6.12E-05	3.40E-09	0.002254745505	4.60E-10	8.33E-10	3.36E-15	0.00432262158	0.002608364983	2.23E-09	3.25E-09	0.0001122142047	1.63E-05	0	0	1.82E-14	0.004507281592	6.34E-07	0.003642274839	6.36E-14	0.001590003447	5.10E-07	0.03164556716	0	0	0.001155604737	3.40E-09	0.0006066865034	8.81E-05	0	6.93E-05	1.06E-13	4.28E-10	7.84E-06	0.0002166384117	1.81E-06	6.32E-10	6.25E-07	0.01811873892	0.0002151782467	0.006226942231	4.45E-09	0.0001416920659	4.25E-12	1.70E-06	1.37E-13	0	2.89E-09	0	1.81E-09	9.10E-05	0.01756765042	1.01E-13	0	6.75E-05	5.75E-07	1.02E-13	0.0004540069356	0.04657372366	4.02E-09	0.8164234369	1.32E-06	2.03E-07	4.28E-09	0	0	0.003683989387	4.52E-14	6.40E-15	7.62E-07	6.44E-06	1.62E-09	9.68E-08	0.01767346281	0
900598_Co-036-OM_skin_control-nonlesional	0	0	0	0	0.2139088434	0	0	0	0	0	0	0	0	0	0	0	0	0	0	0	0	0	0	0	0	0	0	0.02275291985	0	0.003659506036	0	0	0	0	0	0	0	0	0	0.01056730373	0	0	0.04574742918	0.1950971417	0	0	0	0	0	0	0	0	0	0	0	0.1001744712	0	0	0.02448943531	0	0	0	0	0	0	0	0	0	0	0	0	0	0.00466637003	0	0	0.210867442	0	0	0	0	0	0	0	0	0	0	0	0.1680691375	0	0
900289_Co-118-MG_skin_control-nonlesional	0	0	0.003701299501	0.001521318284	0.02753116782	0	0	0.001772868309	0	0	0	0.0002480941026	0	0	0	0.0006748733423	0.0007681423853	0	0.001781049652	0	0.0001577651675	0	0.006301816677	0	0	0.001703948124	0.02797913199	0	0	0	0.001081087942	0	0.0001406183824	0.001118264508	0	0	0.0003111230819	0	0	0	0	0.001121063154	0	0.0005684620255	0	0	0	0.1666666667	0.001747991768	0	0.1256172503	0	0.02233827966	0	0.207716083	0.0003323505292	0	0	0.1909608907	0.001375010983	0	0.005859302567	0	0	0	0.006089602674	0	0.006184717254	0.009430703341	0.001534777054	0.00503770317	0.003151264336	0.002322752374	0	0	0.06908635339	0	0.01354094246	0.00664454324	0	0.004004656357	0.01210368856	0	0	0	0	0.02607848989	0.03331812232	0.0003757629665	0
900596_Co-037-LM_skin_control-nonlesional	0	0	0	0	0.3333144817	0	0	0	0	0	0	0	0	0	0	0	0	0	0	0	0	0	0	0	0	0	0	0.02227642479	0	0.0003899907212	0	0	0	0	0	0	0	0	0	0	0	0	0	0.4054208159	0	0	0	0	0	0	0	0	0	0	0	0.01936651501	0	0	0.06235861817	0	0	0	0	0	0	0	0	0	0	0	0	0	0	0	0	0.05713688427	0	0	0	0	0	0	0	0	0	0	0	0.09973626943	0	0
900291_Co-119-MG_skin_control-nonlesional	0	0	0	0	0.0427731229	0	0.001143450457	0	0.0006730020467	0	0	0.0003521529365	0	0.0001308076004	0	0.0004461242455	0	0.01248505608	0.07147243952	0.01063118202	0.1657726709	0.05185175147	0	0.01569091214	0.1627548895	0.001559521563	0	0	0	0.003984266685	0.005526656021	0.00604956241	0	0	0.005621682729	0	5.38E-05	0	0.06037102976	0.05697958984	0	0.001030120242	0	0.0305114898	0	0.003863891851	0.02999308409	0	0	0.001608772096	0	0	0	0	0	0.008033574641	0	0	0.002309522534	0.02063130796	0.007216852053	0	0.04807338678	0.03350535262	0	0	0	0	0	0.001992110699	0	0	0	0	0	0.08342479509	0.00396246684	0	0	0	0	0	0	0.003367709667	0.002793057222	0	0	0.04110793151	0.0002509094646	0
900600_Co-038-AG_skin_control-nonlesional	0	0	0	0	0.0001607579303	0	0	0	0	0	0	0	0	0	0	0	0	0	0	0	0.0003764043981	0	0	0	0	0	0	0.0002391564668	0	0	0	0	0	0	0	7.70E-06	0	0	0	0	0	0	0	0.003575437208	0	0	0	0	0	0	0	0	0	0	0	0.1983822028	0	0	0.007175929061	0	0	0	0	0	0.1666666667	0	0	0	0	0	0	0	0	0	0.1666666667	0.007943714799	0	0	0	0	0	0	0	0	0.06943378842	0	0	0.04267280368	0	0.3366987731
900311_Co-120-MM_skin_control-nonlesional	0	0	0	0	0.1655529809	0	0	0	0	0	0	0	0	0	0	0	0	0	0	0	0	0	0	0	0	0	0	0.01579164585	0	0	0	0	0	0	0	0	0	0	0	0	0	0	0	0.2158053715	0	0	0	0	0	0	0	0	0	0	0	0.09890283218	0	0	0.03627660756	0	0	0	0	0	0	0	0	0	0	0	0	0	0	0	0	0.3153853017	0	0	0	0	0	0	0	0	0	0	0	0.1522852603	0	0
900602_Co-039-KG_skin_control-nonlesional	5.21E-07	1.11E-09	0.000994765595	1.30E-09	0	0.001470183919	1.94E-10	1.80E-05	0.0100570667	0.002956779875	1.98E-10	0	0.004167497298	0.01379190181	0	8.78E-05	2.19E-05	0	9.35E-06	2.59E-05	1.21E-05	9.55E-07	0.08335816538	1.29E-06	8.38E-05	0	0.001186398425	1.39E-06	0	0	1.36E-06	0.000702849651	7.74E-05	0.00153863587	4.26E-07	0.05882815507	0.004003580364	0.002077856371	1.12E-06	0	0.0006393701584	5.48E-05	0.008326778454	0	0	7.85E-05	0	0	0.00721073372	0.007462507405	0.01395815816	1.99E-07	2.05E-05	0.06486020724	0.0001277890239	0	7.65E-10	0.00017576596	0	0.0004084644578	0.00610370486	0.1889856557	1.32E-09	0	0	0.0004328772559	0.0006919640684	9.21E-05	0	0.0008470310594	1.42E-09	5.37E-08	4.98E-10	3.34E-05	1.41E-06	0	4.39E-05	0.0001304002909	1.60E-06	0	8.71E-13	0.0005759014498	0	9.51E-05	0.01118921346	0.001764197754	3.19E-10	0	0.0002106873669	0.4999998009
900606_Co-040-ST_skin_control-nonlesional	0	0	0	0	0.283931524	0	0	0	0	0	0	0	0	0	0	0	0	0	0	0	0.01049226666	0	0	0	0	0	0	0.03815367569	0	0	0	0	0	0	0	0	0	0	0	0	0	0	0	0.1126431522	0	0	0	0	0	0	0	0	0	0	0	0.2394535359	0	0	0.05592972182	0	0	0	0	0	0	0	0	0	0	0	0	0	0	0	0	0.008999800465	0	0	0	0	0	0	0	0	0	0	0	0.2503963233	0	0
900313_Co-121-MM_skin_control-nonlesional	0	0	0	0	0.1382987474	0	0	0	0	0	0	0	0	0	0	0	0	0	0	0	0	0	0	0	0	0	0	0.0006917846828	0	0	0	0	0.05773245937	0	0	0	0	0	0	0	0	0	0	0.0875426396	0	0	0	0	0	0	0	0.0505324923	0	0	0.058401715	0.1954994512	0	0	0.2806794737	0	0	0	0	0	0	0	0	0	0	0	0	0	0	0.02392275442	0	0.0006720122262	0	0	0	0	0	0	0	0	0	0	0	0.1060264701	0	0
900604_Co-041-LC_skin_control-nonlesional	0	0	0	0	0.1351296844	0	0	0	0	0	0	0	0	0	0	0	0	0	0	0	0	0	0	0	0	0	0	0.02431006474	0	0	0	0	0	0	0	0.1156109569	0	0	0	0	0	0	0	0.02471778192	0	0	0	0.2843890431	0	0	0	0	0	0	0	0.006216593597	0	0	0.001787670243	0	0	0	0	0	0.03228070779	0	0	0	0.1434092275	0	0	0	0	0	0	0.1603332654	0	0	0	0	0	0	0	0	0	0	0	0.07181500448	0	0
900315_Co-122-IS_skin_control-nonlesional	0	0	0	0	0	0	0	0	0	0	0	0	0	0	0	0	0	0	0	0	0	0	0	0	0	0	0	0	0	0	0	0	0	0	0	0	0	0	0	0	0	0	0	0	0	0	0	0	0	0	0	0	0	0	0	0.003042906955	0	0	0	0	0	0	0	0	0	0	0	0	0	0	0	0	0	0	0	0	0	0	0	0	0	0	0	0	0	0	0	0	0	0.996957093
900608_Co-042-LN_skin_control-nonlesional	0.2500044132	4.22E-45	8.04E-07	4.92E-12	0	1.99E-11	0	1.03E-18	2.29E-18	1.38E-18	1.49E-18	8.88E-19	0.06862159783	0.06398621029	0	3.43E-06	1.41E-28	1.69E-28	1.05E-45	2.36E-45	1.48E-44	3.66E-28	8.04E-13	2.14E-18	1.05E-07	1.80E-45	1.24E-28	2.58E-28	2.22E-45	2.43E-45	1.06E-18	1.72E-18	1.29E-07	1.98E-11	1.15E-44	2.93E-12	2.75E-13	3.46E-06	1.41E-11	0	5.93E-07	4.62E-45	4.12E-06	0	1.01E-44	4.43E-19	0	1.72E-18	2.45E-18	0.01739430226	2.60E-18	0	4.81E-28	0.03866847362	0.3333471151	2.08E-28	0	1.64E-11	0.1666666667	0	3.07E-08	2.48E-12	2.87E-18	0	8.59E-12	2.68E-06	0.06129074236	1.44E-18	0	2.69E-45	2.50E-28	3.38E-28	1.45E-44	3.72E-12	2.06E-19	3.07E-35	0	2.34E-19	2.17E-18	0	3.75E-12	2.29E-18	0	1.45E-11	4.06E-06	1.05E-06	2.39E-08	0	1.53E-11	0
900613_Co-043-ZS_skin_control-nonlesional	1.25E-07	0	0	0	0.04666671175	0	6.95E-09	0	0	0	0	0	0	0	0	2.44E-09	0	0.007791146621	8.71E-09	0.002407399078	4.62E-11	0.1184888885	0	0.0009056742541	0	0.0003684674651	0	5.20E-05	0	0.001138522507	2.74E-06	0	0	0	6.52E-09	0	0	0	5.46E-06	0.0133166512	0	2.19E-06	0	0.01042575314	0	4.66E-06	0.01781010596	0	0	1.13E-08	7.93E-09	0	0	0	0	3.68E-07	0	0	0.1038541666	0.0002487241434	0	0	0.0001559875863	0.001759054679	0	0	0	0	0.1666666667	1.01E-08	0	0	3.52E-10	0	0	0.0004675590872	4.68E-06	0	2.91E-06	0	1.28E-06	0	0	1.06E-09	1.09E-08	0	0	0.5074519892	0	0
900319_Co-124-UM_skin_control-nonlesional	0	0	0	0	0	0	0	0	0	0	0	0	0	0	0	0	0	0	0	0	0	0	0	0	0	0	0	0	0.04511968176	0	0	0	0	0	0	0	0	0	0	0	0	0	0	0	0	0	0	0.01980349188	0	0	0	0.02856857925	0	0	0	0	0	0	0	0	0	0	0	0	0	0	0	0	0	0	0	0	0	0	0	0	0	0	0	0	0	0	0	0	0	0	0	0	0	0.9065082471
900350_Co-133-KT_skin_control-nonlesional	0	0	0.0007501260754	0	0.0627774075	0	0.003960621197	0	0.0002632295409	0	0	0	0	0.0001013963519	0	0	0	0.01159892792	0.0007750153892	0.01177514116	0	0.0001899619821	0	5.36E-05	0	0.0023254455	0	0.02450744756	0	0.05010810191	0.004176274604	0.0009587426906	0.0003787907296	0	0.004358664675	0.0007566100815	0	0	0.0006255822022	0.01673138989	0	0.0002227769265	0	0.2627222821	0	0.01535597942	0.005321742105	0	0	0.005419519629	0	0	0	0	0	0.0410057769	0.0007455323466	0	0.3201047009	0.003250535872	0.009644915984	0	0.002178615813	0.0008927818714	0	0	0	0	0	0.0008680794739	0	0	0	0	0	0.0872569595	0.002947155928	0	0	0	7.54E-05	0	0	0.000764336764	0.007235880897	0	0	0.03669635557	0.0001181943209	0
900617_Co-044-KM_skin_control-nonlesional	0	0	0	0	0.1305923922	0	0	0	0	0	0	0	0	0	0	0	0	0	0	0	0	0	0	0	0	0	0	0	0	0	0	0	0	0	0	0	0	0	0	0	0	0	0	0.4371819703	0	0	0	0	0	0	0	0	0	0	0	0.01933746585	0	0	0.03731969819	0	0	0	0	0	0	0	0	0	0	0	0	0	0.0007102824888	0	0	0.05605708033	0	0	0.01285222723	0	0	0	0	0	0	0	0	0.3059488834	0	0
900321_Co-125-MM_skin_control-nonlesional	6.95E-07	1.27E-06	9.52E-05	1.16E-13	0.0005810309329	0.001224489855	2.70E-14	0.00030781527	0.01950123006	1.07E-06	3.14E-09	3.70E-09	0.000132396798	0.003546434448	0	4.31E-05	0.0001451092409	4.64E-06	3.48E-05	7.39E-14	3.63E-07	1.18E-13	1.30E-06	9.10E-07	6.42E-05	1.39E-08	0.0001195582872	1.12E-13	0	0	1.69E-06	1.43E-06	0.1738460552	0.00289573993	2.55E-09	0.003358698167	5.64E-05	0.009195331869	0	9.62E-14	1.50E-05	0.0001377724599	3.74E-08	2.11E-13	0	0.0001351024664	0	4.41E-05	1.31E-06	1.14E-06	2.23E-09	0.02128023575	7.61E-05	0.04399494189	1.23E-06	0.001050972833	0	0.003105768347	0.5053161944	3.55E-14	1.01E-09	5.28E-05	1.52E-09	0	0	0	0.02581882457	1.42E-06	3.00E-12	3.18E-09	3.94E-05	1.07E-13	1.54E-14	0.001857628068	0.0001271360564	0.1429648582	7.22E-14	2.08E-14	1.31E-06	0	1.19E-07	9.30E-05	0	0	0.02172283883	1.09E-06	1.15E-06	0.01699734541	2.85E-07	0
900615_Co-045-OM_skin_control-nonlesional	0	0	0	0	0.01126371257	0	0	0	0	0	0	0	0	0	0	0	0	0	0	0	0	0	0	0	0	0	0	0	0	0	0	0	0	0	0	0	0	0	0	0	0	0	0	0.2034979392	0	0	0	0	0	0	0	0	0	0	0	0.02223143677	0	0	0.005486996697	0	0	0	0	0	0	0.09140421716	0	0	0	0	0	0.07526244951	0	0.1666666667	0	0.3936665198	0	0	0	0	0	0	0	0	0	0	0	0.0305200616	0	0
900323_Co-126-ID_skin_control-nonlesional	0	0	0	0	0.1189726673	0	0	0	0	0	0	0	0	0	0.2432977703	0	0	0	0	0	0	0	0	0	0	0	0	0.001284690096	0	0	0	0	0	0	0	0	0	0	0	0	0	0	0	0.1108138872	0	0	0	0	0	0	0	0	0	0	0	0.03643295046	0	0	0.006441288674	0	0	0	0	0	0	0	0	0	0	0	0	0	0	0	0	0.003011041451	0	0	0	0	0	0	0	0	0	0	0	0.0563768081	0	0.4233688964
900619_Co-046-KL_skin_control-nonlesional	0	0	0	0	0.1341155778	0	0	0	0	0	0	0	0	0	0	0	0	0	0	0	0	0	0	0	0	0	0	0	0	0	0	0	0	0	0	0	0	0	0	0	0	0	0	0.04699901684	0	0	0	0	0	0	0	0	0	0	0	0.0105387291	0	0	0.3125812664	0	0	0	0	0	0.3333333333	0	0	0	0	0	0	0	0	0.001738222661	0	0.01695015181	0	0	0	0	0	0	0	0	0	0	0	0.143743702	0	0
900325_Co-127-MB_skin_control-nonlesional	0	0	0	0	0.020043259	0	0	0	0	0	0	0	0	0	0	0	0	0	0	0	0	0	0	0	0	0	0	0	0	0	0	0	0	0	0	0	0	0	0	0	0	0	0.01023103119	0.006186705605	0	0	0	0	0	0	0	0	0	0	0	0.2875799071	0	0	5.15E-05	0	0	0	0	0	0	0	0	0	0	0	0	0	0	0.1666666667	0	0.0384626686	0	0	0	0	0	0	0	0	0	0	0	0.00503104621	0	0.4657471777
900627_Co-047-LV_skin_control-nonlesional	3.48E-07	2.60E-07	1.27E-11	2.23E-07	0	0	0.001329002336	0	0	0	1.77E-05	2.63E-12	0	4.34E-08	0.0002638112022	1.00E-11	0	2.38E-05	1.83E-07	0.002002173408	3.95E-11	0.001433390142	0	0.002035504224	0	3.52E-05	0	2.64E-11	0.005791923964	0.008090501912	4.37E-12	3.56E-11	0	0	4.63E-11	0	0	0	0.001518849055	0.2128036825	0	1.20E-07	0	1.05E-11	2.89E-07	1.69E-07	0.2437084759	1.16E-11	0	2.15E-07	0	0	0	0	0	0	0.02217259265	1.55E-11	0	2.37E-07	0	0	1.42E-12	0.195930739	4.95E-12	0	0	4.49E-11	2.21E-07	0	0	2.23E-11	2.46E-11	0	0	0	2.85E-08	1.26E-11	0	0.3027905171	0	0	1.65E-07	1.32E-11	9.96E-06	4.79E-11	0	0	3.96E-05	0
900327_Co-128-IV_skin_control-nonlesional	2.06E-07	3.29E-06	0.0001840847045	5.81E-05	0.474367582	0.0005624185443	0	0.001472296076	0.0001608412574	0.003613798055	5.88E-08	0.0008733685963	0.01265133073	0.0001449627657	0	0.02312375725	0.04575291487	1.59E-05	0.0004747432613	1.28E-09	2.59E-05	1.38E-09	0.0006519630269	0	1.00E-07	8.38E-06	0.0431402529	0	0	0	0.02861898097	5.56E-05	7.74E-05	0.008321276976	8.92E-06	1.33E-05	0.008657902535	4.69E-07	8.41E-06	0	0.0006770528339	0.000383090061	4.04E-05	0.02158482647	0	8.96E-06	0	9.59E-08	0.003893348001	3.20E-05	0.0007211080845	0	0.005126377802	0.0002417830288	0.0001138104033	5.68E-06	2.74E-09	0.0002725055018	2.30E-05	0.0002713891664	0.0007300798619	0.003821397205	9.05E-05	0	0	0.0119262871	0.001048282315	0.03730842159	0	0.006134808983	0.005132104641	0.0003692576113	1.49E-05	2.64E-07	0.2244657816	0	0	0.005282444102	0.008751478663	0	0.0004517543047	0.0002155388105	0	9.60E-05	1.31E-05	6.17E-05	0.007610137454	0	3.16E-05	0
900343_Co-129-IS_skin_control-nonlesional	2.32E-07	0	0	0	0.002004729549	0	0	0	0	0	0	0	0	0	0	0	0	0	0	0	0	0	0	0	0	0	0	1.90E-07	0	0	0	0.1666666667	0	0	0	0	0	0	0	0	0	0	0	0.001653347696	0	0	0	0	0	0	0	2.86E-06	0	2.02E-06	0	0.002138429899	0	0	0	0	0	0	0	0	0	0	0	0	0	0	0	0	1.09E-07	0	0	0.03038256378	0	0	0	0	0	0	0	0	0	0	0	0.1304870655	0	0.6666617873
900631_Co-049-LJ_skin_control-nonlesional	4.44E-07	0	6.51E-05	2.05E-05	0.0002617294861	0.0001441172684	0	2.09E-05	3.60E-07	0.0001933733653	0	7.46E-07	7.49E-05	0.0009835258665	0	7.58E-06	0.0004467151958	1.60E-07	1.44E-07	1.57E-05	2.65E-08	4.03E-05	0.0001080545914	1.18E-05	1.64E-08	5.24E-10	0.001372663517	4.35E-07	0	0	2.03E-05	0.0001638056804	0.03059664271	0.005066208478	3.72E-07	0.003208499518	1.66E-05	0.0001900926433	4.32E-07	0	0.0007059908493	0.0009235654384	0.006218547062	5.77E-05	0	2.30E-05	0	1.94E-05	0.005036214669	0.005318084347	2.40E-05	0	0.0002328604545	0.0001176983474	2.45E-05	0.5093968517	0	0.0008355778071	0.0003257407349	3.52E-09	2.99E-06	1.01E-05	2.62E-09	0	8.87E-11	0	0.002766570418	0.0002078487786	0	4.02E-09	0.002940580552	5.91E-07	1.41E-07	0.004755922786	3.48E-07	0.4001139846	2.13E-10	0.0002146102575	0.0002160269957	0	2.83E-09	0.0001281804312	0	2.19E-09	2.83E-06	0.00549485075	0.0005041345697	0.01021803478	0.0001303926151	0
900344_Co-130-MM_skin_control-nonlesional	1.87E-06	0.001062157201	0.0003841170811	0.1184609411	0	0.009503912985	4.40E-14	0.0008833828444	0.0403073868	0.0007232440128	0.001496850014	0.0002793980712	0.0002000200407	0.000153035863	0.001840375729	1.41E-06	0.0004908297788	7.33E-12	2.93E-06	2.63E-10	0.0006404215994	3.88E-15	0.06288772764	1.14E-14	5.51E-10	7.55E-10	0.08069708823	6.64E-14	0.0009139320305	5.85E-14	0.0001440454649	3.98E-07	0.0004783558977	0.06730999639	6.43E-15	0.0002263015942	0.03950099474	0.02944585224	2.12E-10	0	0.01724433927	2.08E-05	1.50E-10	0	9.39E-14	1.69E-07	0	0.05619561663	0.02639049882	4.46E-10	6.24E-10	8.53E-22	0.009161993674	9.66E-06	5.84E-15	3.13E-14	0.000808726641	0.02564803001	0	1.33E-22	0.006322234974	0.04204260362	4.68E-10	0	0	3.08E-06	0.02114862252	0.1030869775	3.73E-06	1.32E-14	0.03815919673	0.0006359883277	0.000256684663	0.02591065888	1.36E-07	0	1.77E-10	2.41E-06	6.30E-07	0.08190515852	0.0004428407509	0.04337872066	7.77E-06	8.68E-07	1.94E-12	0.00716695992	0.03600761701	0	3.14E-07	0
900633_Co-050-AH_skin_control-nonlesional	0	0	0	0	0.02474914408	0	0.003538358608	0	0	0	3.30E-06	0	0	0	0	0.003187595576	0	0.006637209008	0	0.002256558102	0	0.002516774132	0	0.01668847662	0	0.001363760478	0	0.0003274879169	0	0.001460785145	0.003574967359	0.0005226980958	0	0	5.78E-05	0.0004382299137	0	0	0.003763222558	0.02884745708	0.0001859150366	0.0007335426372	0	0.2142055255	0	0.0005392180662	0.02542209704	0	0	0	0	0	0	0	0.1666666667	0.0003881612608	0.0003219963173	0	0.1081502038	0.004558436935	3.69E-05	0	0.01167331866	0.00510191684	0	0	0	0	0	0	0	0	0	0	0	0.02525215065	0.0006561764507	0	0	0	0.002763689513	0	0	0.000960521432	0.0002092432481	0	0	0.1654895738	8.42E-05	0.1666666667
900346_Co-131-AM_skin_control-nonlesional	5.79E-07	2.04E-07	1.38E-14	0	0	0	0.01419247008	0	9.53E-15	0	7.71E-05	9.63E-15	0	0	0.03318245388	4.21E-15	0	0.014224309	1.02E-14	1.29E-06	0	0.05259800208	0	0.3347527022	0	0.0002138945808	0	0.0001607488811	5.92E-05	0.01048009313	1.99E-09	1.14E-14	0	0	0.009013113524	7.45E-15	0	5.50E-15	0.0001511695233	0.01390352143	6.34E-10	8.61E-07	0	2.67E-06	0.003435370281	8.51E-07	0.3465185178	6.08E-07	2.56E-15	4.61E-15	0	0	0	0	0	0	0.000568577179	8.61E-15	0	1.06E-10	0	7.12E-15	2.56E-07	0.05133823331	0	6.11E-15	0	0	0	1.63E-09	0	0.0001243947568	4.75E-10	0	0	0	6.07E-15	9.60E-15	0	0.1126359636	0	7.13E-15	0.002086686134	0.0002761841299	1.19E-14	6.87E-15	0	1.99E-15	0	0
900150_Co-016-CB_skin_control-nonlesional	0	0	0	0	0.2805474375	0	0	0	0	0	0	0	0	0	0	0	0	0	0	0	0.006839277039	0.003324202168	0	0	0	0	0	0	0	0	0	0	0	0	0	0	0	0	0	0	0	0	0	0.1456156244	0	0	0	0	0	0	0	0	0	0	0	0.05751424612	0	0	0.02453861566	0	0	0	0	0	0	0	0	0	0	0	0	0	0	0	0	0.4388523901	0	0	0	0	0	0	0	0	0	0	0	0.04276820703	0	0
900348_Co-132-IM_skin_control-nonlesional	0	0	0	0	0.05317465146	0	0	0	0	0	0	0	0	0	0	0	0	0	0.2508892088	0	0.003392932535	0	0	0	0	0	0	0.001857820474	0	0.001067146822	0	0	0	0	0	0	0	0	0	0	0	0	0	0.01188182941	0	0	0	0.08244412457	0	0	0	0	0	0	0	0.01411299067	0	0	0.1694294622	0	0	0	0	0	0	0	0	0	0	0	0	0	0	0	0	0.07287672395	0	0	0	0	0	0	0	0	0	0	0	0.3388731091	0	0
900360_Co-137-AM_skin_control-nonlesional	1.05E-06	0	0.0002738993244	1.90E-06	0	0.0003061761068	7.29E-06	0.003358449618	0.0004313301665	0.0009535750835	4.14E-15	0.0004610657121	0.0003705342661	0.0001353155422	0	5.80E-05	0.0003073766723	0.0001365435077	0.001186872954	9.08E-05	6.04E-07	4.41E-05	0.0008756967076	1.17E-05	8.88E-11	7.51E-05	0.0004506834691	4.56E-05	6.75E-15	4.82E-06	0.0003360060544	2.12E-05	3.34E-05	0.0002235255102	1.19E-05	0.2688592169	0.0004419037264	5.89E-06	6.83E-06	7.21E-05	4.15E-06	0.0001395342477	9.28E-06	7.05E-15	0	3.38E-05	9.06E-07	1.87E-06	0.001059525799	0.000121549847	3.32E-05	0	2.42E-05	2.78E-05	1.85E-08	6.72E-14	2.45E-12	8.09E-06	0	3.03E-05	7.24E-05	0.0001056048492	0.3974101138	3.62E-05	3.98E-11	2.51E-07	0.0001837985155	1.37E-05	0	0.0006875963697	5.71E-05	1.48E-07	6.27E-11	3.53E-15	1.71E-14	0	1.79E-11	0.3167388224	0.0004073177044	0	1.11E-05	0.0002493290979	0	0.0001072900677	0.0001182529489	1.02E-06	0.002705004719	0	9.46E-08	0
900352_Co-134-KK_skin_control-nonlesional	7.80E-08	0	0	0	0.0008285014755	0	0	5.36E-07	0	0	0	0	0	0	0	0	0	0	0	0	0	0	0	0	0	0	0	3.96E-08	0	9.52E-08	0	1.43E-06	0	0	0	0	0	0	0	0	0	0	0	0.000252468231	0	0	0	0	0	0	0	0	0	0	0	0.03477059123	0	0	1.77E-05	0	0	0	0	1.37E-05	0	0	0	0	0	0	0	0	0	0	0	0.105748894	0	0	0	0	0	0	0	0	0	0	0	0.03295369682	0	0.8254122837
900390_Co-152-AF_skin_control-nonlesional	7.91E-07	7.96E-14	4.60E-05	1.13E-09	0	0.001444255141	0	7.75E-05	7.27E-05	0.03531106703	4.25E-14	1.07E-14	3.67E-05	1.05E-05	0	4.54E-05	7.48E-05	3.49E-14	8.12E-05	7.73E-10	2.89E-14	7.38E-08	0.00240739594	1.48E-14	4.90E-07	7.43E-14	6.99E-05	8.12E-14	0	5.12E-14	5.30E-14	0.001000924258	5.72E-07	8.09E-07	4.54E-10	0.02264282701	1.21E-07	0.00164175168	1.73E-14	0	0.001958811107	3.11E-12	8.39E-05	4.97E-14	0	1.85E-09	0	5.89E-14	0.03596754436	0.0008071984399	2.68E-05	0	0.00235705248	0.00808547023	2.49E-05	2.23E-09	0	0.03794444973	0	4.56E-14	3.03E-10	5.47E-07	3.24E-07	0.1666666667	2.24E-10	2.65E-09	0.01278780897	3.82E-05	0	0.0003240144333	0.0005614532006	2.46E-09	4.95E-14	2.33E-06	1.56E-09	0	9.04E-07	2.00E-05	1.27E-09	0	4.31E-07	6.02E-05	0	1.54E-14	3.90E-08	0.0006400419895	1.64E-05	0	2.23E-07	0.6666584504
900374_Co-144-LM_skin_control-nonlesional	2.28E-07	1.33E-05	0.02520375174	4.05E-08	0	0.003562982711	0	0.001744924421	0.0003574494954	0.0001722009976	1.60E-07	0.001949094002	0.009643987871	0.007417252185	0	0.01060296739	0.01285309334	0.002550329879	1.52E-07	6.22E-06	1.51E-05	1.67E-07	1.54E-05	1.54E-07	1.58E-05	1.30E-05	7.18E-05	1.56E-07	0	0	0.0001013609511	0.0006850502614	0.009430160628	0.001551462749	0.0003019435288	0.02566472128	1.36E-05	0.01569925821	0	7.12E-06	0.007326424097	5.73E-08	1.51E-05	0	6.60E-09	0.0001597219978	0	1.48E-05	0.009292340877	0.03744156782	0.002468672548	0	0.001071366695	0.01069561164	0.2633907268	0.2349237457	0	0.002321037314	0	0	0.0001942666115	1.31E-07	6.61E-05	0	1.56E-07	0.0001069020636	0.04813262755	0.0005070286934	0	0.0002947587709	1.87E-05	0	0.0003775325802	0.2157850764	1.21E-07	0	1.94E-05	9.83E-06	8.87E-06	0	1.12E-05	0.03052145028	0	0.000240763354	0.0003904151295	0.001385470316	0.0001419703362	0	0.003001889801	0
900376_Co-145-HN_skin_control-nonlesional	4.05E-07	1.78E-07	1.14E-05	0.0001040295382	0.04696739188	0.002043221903	1.14E-10	1.72E-07	0.02512961395	0.02680857633	2.50E-05	0.0001239197262	0.0001294111842	0.0003766902144	0	1.00E-10	3.98E-07	6.51E-11	3.50E-07	1.13E-10	1.59E-07	1.69E-10	0.001461207632	1.46E-05	1.31E-07	3.85E-06	1.47E-05	1.22E-06	0	0	4.67E-07	0.01291395396	7.23E-07	4.30E-11	3.37E-06	0.004188302759	2.08E-05	0.007462196851	2.80E-07	3.32E-07	0.001461286936	1.21E-06	0.0002188007133	0.2628394219	0	1.28E-10	0	7.44E-06	1.22E-05	5.13E-05	2.42E-10	1.33E-10	3.64E-06	0.02500375973	0.2014229895	0.0041739188	3.97E-07	6.40E-05	0.01174114371	1.55E-07	0.0004194984223	2.77E-07	1.05E-07	0	1.31E-05	3.50E-10	0.01937252025	6.68E-11	0	4.37E-06	2.51E-05	4.17E-07	2.12E-07	2.22E-05	3.12E-05	0.3228984617	0	3.16E-10	1.47E-05	0	2.36E-05	0.002374147106	0	3.82E-11	0.0002188066274	1.16E-10	1.87E-05	0.01973884146	1.49E-05	0
900356_Co-135-LT_skin_control-nonlesional	0	0	0	0	0	0	0	0	0	0	0	0	0	0	0	0	0	0	0	0	0	0	0	0	0	0	0	0	0	0	0	0	0	0	0	0	0	0	0	0	0	0	0	0	0	0	0	0	0	0	0	0	0	0.09901123904	0	0.04873211368	0	0	0	0	0	0	0	0.008835054215	0	0	0	0	0	0	0	0	0	0	0	0	0	0	0	0	0	0	0	0	0	0	0	0	0	0.8434215931
900358_Co-136-SM_skin_control-nonlesional	0	0	0	0	0	0	0	0	0	0	0	0	0	0	0	0	0	0	0	0	0	0	0	0	0	0	0	0	0	0	0	0	0	0	0	0.06581371617	0	0	0	0	0	0	0	0	0	0	0	0	0	0	0	0	0	0.1008529505	0	0	0	0	0	0	0	0	0	0	0.1666666667	0	0	0	0	0	0	0	0	0	0	0	0	0	0	0	0	0	0	0	0	0	0	0	0	0.6666666667
900370_Co-142-IP_skin_control-nonlesional	0	0	0	0	0.1140124666	0	0	0	0	0	0	0	0	0	0	0	0	0	0.1346269695	0	0	0	0	0	0	0	0	0.002846401171	0	0	0	0	0	0	0	0	0	0	0	0	0	0	0	0.06608749888	0	0	0	0	0	0	0	0	0	0.1831422816	0	0.02216476616	0	0	0.001417319986	0	0	0	0	0	0.1666666667	0	0	0	0	0	0	0	0	0	0	0.009822478162	0	0	0	0	0	0	0	0	0	0	0	0.1169824024	0	0.1822307489
900372_Co-143-AN_skin_control-nonlesional	0	0	0	0	0.009154069421	0	0	0	0	0	0	0	0	0	0	0	0	0.02966569556	0	0	0	0	0	0	0	0	0	0.02024627407	0	0	0	0	0	0	0	0	0	0	0	0	0	0	0	0.1058351558	0	0	0	0	0	0	0	0.1550287476	0	0	0.154994542	0	0	0	0.001765471801	0	0	0	0.1258706387	0	0	0	0	0	0	0	0	0	0	0	0	0.2245982181	0	0	0	0	0.1728411869	0	0	0	0	0	0	0	0	0
900366_Co-140-IM_skin_control-nonlesional	5.58E-07	0	8.58E-06	0	0	0.006003737761	2.39E-10	0.01318778801	0.002321144572	0.001540811737	0	3.83E-07	0.003545101945	0.004314716523	0	2.49E-07	0.0001685108967	1.71E-07	2.36E-07	8.26E-07	2.16E-07	0	0.002918990875	1.24E-07	3.57E-07	0	0.0002771994292	2.10E-10	0	8.11E-11	2.13E-05	0.002122189344	0.000449764675	0.003432829999	1.23E-10	0.02220279987	2.77E-07	0.001467225637	1.87E-07	0	1.80E-05	9.09E-06	0.009616601434	0	0	0.0008997453584	0	0	1.37E-05	3.44E-07	3.35E-06	0.0001118334046	9.43E-08	0.009668333374	0.6746986015	0	2.01E-10	0.01480662909	0	2.62E-10	0.0001765342895	6.95E-06	4.02E-07	0	1.85E-05	1.87E-10	0.01714619051	3.93E-10	0	0.0002632489599	1.06E-08	6.16E-11	0.001249956877	3.26E-05	0.2006846857	0	0	1.21E-05	0.001681188869	0	0	4.18E-06	3.16E-10	4.41E-10	0.000359381856	0.002468761444	0.001702061574	0	0.0003606442952	0
900380_Co-146-LK_skin_control-nonlesional	0	0	0	0	0.2005222305	0	0	0	0	0	0	0	0	0	0	0	0	0	0	0	0	0	0	0	0	0	0	0	0	0	0	0	0	0	0	0	0	0	0	0	0	0	0	0.01131537012	0	0	0	0	0	0	0	0	0	0	0	0.1742588138	0	0	0.06490556103	0	0	0	0	0	0	0	0	0	0	0	0	0	0	0.03948949023	0	0.3773920343	0	0	0	0	0	0	0	0	0	0	0	0.1321165001	0	0
900378_Co-147-SV_skin_control-nonlesional	1.04E-06	6.37E-13	2.17E-12	9.28E-13	0	0.0001183293918	3.87E-18	1.67E-09	1.22E-06	4.53E-18	1.49E-12	3.07E-12	0.0002072755431	5.28E-05	0	4.75E-07	1.86E-12	6.14E-18	0.1955139894	2.87E-12	2.10E-12	2.81E-09	1.75E-12	5.24E-09	1.25E-06	6.00E-18	0.0001130266339	1.94E-07	0	0	2.77E-12	1.62E-06	3.30E-05	5.76E-09	4.96E-18	4.27E-07	5.28E-18	0.002290928504	2.34E-12	0	1.72E-09	1.91E-09	0.0001178889926	0	5.02E-14	3.23E-12	0	3.12E-19	9.98E-05	2.30E-05	1.33E-12	0	2.83E-09	0.002503156013	0.2948261062	6.32E-18	5.32E-18	0.000116604384	0	6.99E-20	3.70E-13	8.50E-13	5.28E-18	0	2.03E-12	3.85E-19	0.002310992064	2.89E-12	0	4.39E-09	9.16E-13	3.46E-12	1.70E-18	1.45E-12	2.30E-09	0	1.86E-19	0.001574823238	4.80E-09	0	4.26E-18	1.80E-06	0	0	6.99E-09	3.08E-12	4.12E-05	0	4.90E-05	0.5
900382_Co-148-IM_skin_control-nonlesional	0	0	0	0	0.07074793893	0	0	0	0	0	0	0	0	0	0	0	0	0	0	0	0	0	0	0	0	0	0	0.01372809357	0	0	0	0	0	0	0	0	0	0	0	0	0	0	0.007385425041	0.1219705591	0	0	0	0	0	0	0	0	0	0	0	0.05522391486	0	0	0.05090665011	0	0	0	0	0	0	0	0	0	0	0	0	0	0	0	0	0.5796595498	0	0	0	0	0	0	0	0	0	0	0	0.1003778686	0	0
900384_Co-149-LM_skin_control-nonlesional	0	0	0	0	0	0	0	0	0	0	0	0	0	0	0	0	0	0	0	0	0	0	0	0	0	0	0	0.0009288990417	0	0	0	0	0	0	0	0	0	0	0	0	0	0	0	0	0	0	0	0	0	0	0	0	0	0	0	0	0	0	0.1351284047	0	0	0	0	0	0.005657943816	0	0	0	0.01922670903	0	0	0	0	0.005724710077	0	0	0	0	0	0	0	0	0	0	0	0	0	0	0	0.8333333333
Co001SMNL_Co-001-SM_skin_control-nonlesional	0	0	0	0	0.1716629816	0	0	0	0	0	0	0	0	0	0	0	0	0.002532904833	0	0	0	0	0	0	0	0	0	0.008766227527	0	0	0	0	0	0	0	0	0	0	0	0	0.004001762999	0	0.006788969235	0.3070864598	0	0	0	0	0	0	0	0	0	0	0	0.05292372364	0	0	0.1191220991	0	0	0	0.00659410414	0	0	0	0	0	0	0	0	0	0	0	0	0.2421311789	0	0	0	0	0	0	0	0	0	0	0	0.07838958823	0	0
Co003LTNL_Co-003-LT_skin_control-nonlesional	0	0	0	0	0	0	0	0	0	0	0	0	0	0	0	0	0	0	0	0	0	0	0	0	0	0	0	0.137531963	0	0	0	0	0	0	0	0	0	0	0	0	0	0	0	0	0	0	0	0	0	0	0	0	0	0	0	0	0	0	0	0	0	0	0	0	0.1998388239	0	0	0	0.1626292131	0	0	0	0	0	0	0	0	0	0	0	0	0	0	0	0	0	0	0	0	0.5
Co002MPNL_Co-002-MP_skin_control-nonlesional	1.96E-06	1.53E-14	1.68E-14	2.25E-07	0.02902014298	2.88E-07	0	0.03737710549	9.36E-10	1.62E-06	4.27E-16	2.37E-14	8.20E-10	1.79E-06	0	1.42E-09	2.98E-22	8.63E-22	1.22E-21	4.23E-14	1.60E-21	4.13E-10	8.08E-15	3.70E-10	1.09E-09	0	1.56E-06	4.80E-14	0	0	1.94E-14	0.01835142439	1.18E-21	0.0003739119107	7.09E-10	0.0393565252	2.17E-14	0.04406710892	1.17E-21	0	0.0003647983715	1.87E-06	0.02896441791	0.3778661075	0	2.49E-15	0	4.25E-10	0.0002703741569	1.15E-06	1.17E-21	0	6.78E-10	0.02979328939	1.36E-21	0.3847042352	0	4.87E-08	4.56E-20	6.54E-11	6.57E-07	4.25E-07	6.53E-22	0	1.63E-22	4.89E-14	0.0002896936432	1.06E-11	0	1.04E-10	3.92E-22	1.75E-21	2.66E-22	8.73E-07	8.29E-10	0.003994329756	2.59E-14	1.05E-21	7.67E-11	0	3.78E-22	0.0004891142237	0	0	3.97E-15	0.0002872581331	9.54E-07	0.004415184555	1.55E-06	0
900386_Co-150-LN_skin_control-nonlesional	0	0	0	0	0.2034793181	0	0	0	0	0	0	0	0	0	0	0	0	0	0	0	0	0	0	0	0	0	0	0.01548062027	0	0	0	0	0	0	0	0	0	0	0	0	0	0	0	0.03295495885	0	0	0	0	0	0	0	0	0	0	0	0.04553213551	0	0	0.1786743524	0	0	0	0	0.01825438808	0.05726321539	0	0	0	0	0	0	0	0.005752403319	0	0	0.1831719134	0	0	0	0	0	0	0	0	0	0	0	0.092770028	0	0.1666666667
900317_Co-123-LZ_skin_control-nonlesional	0	0	0	0	0.1440862111	0	0.0189274704	0	0	0	0	0	0	0	0	0	0	0	0	0	0	0	0	0	0	0	0	0	0	0	0	0	0	0	0	0	0	0	0	0	0	0	0	0.1847624178	0	0	0	0	0	0	0	0	0	0	0	0.1442552009	0	0	0.02035067145	0	0	0	0	0	0	0	0	0	0	0	0	0	0	0	0	0.2589653697	0	0	0	0	0	0	0	0	0	0	0	0.2286526587	0	0
900388_Co-151-AN_skin_control-nonlesional	0	0	0	0	0	0	0	0	0	0	0	0	0	0	0	0	0	0	0	0	0.04542683026	0	0	0	0	0	0	0	0	0	0	0	0	0	0	0	0	0	0	0	0	0	0	0	0	0	0	0	0	0	0	0	0	0	0.1073908799	0	0	0	0	0	0	0	0	0	0	0	0	0	0	0	0	0	0	0	0	0.01384895655	0	0	0	0	0	0	0.01979756214	0	0	0	0	0	0	0.8135357712
900135_Co-016-CB_skin_control-nonlesional	0	0	0	0	0	0	0	0	0	0	0	0	0	0	0	0	0	0	0	0	0	0	0	0	0	0	0	0	0	0	0	0	0	0	0	0	0	0	0	0	0	0	0	0	0	0	0	0.1290835545	0	0	0	0	0	0	0	0.13910318	0	0	0	0	0	0	0	0	0	0	0	0	0	0	0	0	0	0.0275634867	0	0	0	0	0	0	0	0	0	0	0	0	0	0	0	0.7042497789
900392_Co-153-YM_skin_control-nonlesional	0	0	0	0	0.06334529413	0	0	0	0	0	0	0	0	0	0	0	0	0	0	0	0	0	0	0	0	0	0	0	0	0	0	0	0	0	0	0	0	0	0	0	0	0	0	0.6762448566	0	0	0	0	0	0	0	0	0	0	0	0.000745094008	0	0	0.06866314602	0	0	0	0	0	0	0	0	0	0	0	0	0	0.001683703948	0	0	0.03763663483	0	0	0	0	0	0	0	0	0	0	0	0.1516812705	0	0
9003922_Co-153-YM_skin_control-nonlesional	1.00E-06	1.46E-08	0.003485260295	5.48E-10	0	0.0003269051508	0	0.00216393825	3.35E-05	0.03073984001	9.81E-13	4.47E-09	0.01467152112	0.05359017083	1.12E-12	0.0002975618594	1.32E-06	4.15E-14	1.23E-06	0	1.50E-08	1.21E-08	5.44E-06	3.10E-06	1.76E-06	3.23E-13	1.09E-08	1.46E-08	8.65E-09	0	2.11E-06	0.0001427792537	1.85E-05	3.57E-06	0.0001981109942	0.06407468983	0.007292235495	0.09345254284	9.21E-13	0	0.004875417868	0.007277498862	5.91E-05	0	0	0.0002082812085	0	2.01E-08	0.000140676251	6.54E-06	0.0002843534479	0	6.69E-09	0.01088259039	6.95E-09	1.19E-08	5.00E-09	0.0003190812799	0	1.90E-08	7.07E-13	3.36E-06	9.92E-13	0	4.95E-06	7.74E-13	0.03217630624	4.06E-06	0	4.26E-06	0.0002785233667	1.85E-08	0	4.83E-12	6.62E-13	0	2.75E-13	3.81E-07	1.89E-06	0	5.74E-06	0.006111907273	0	0.0001801762603	1.70E-08	3.02E-07	1.99E-08	0	5.19E-07	0.6666666667