	Co004LNNL_Co-004-LN_skin_control-nonlesional	900241_Co-101-AN_skin_control-nonlesional	Co005SNNL_Co-005-SN_skin_control-nonlesional	900243_Co-102-LD_skin_control-nonlesional	900137_Co-011-SF_skin_control-nonlesional	900245_Co-103-MM_skin_control-nonlesional	900139_Co-012-ON_skin_control-nonlesional	900247_Co-104-IV_skin_control-nonlesional	900249_Co-105-IV_skin_control-nonlesional	900141_Co-013-AY_skin_control-nonlesional	900251_Co-106-AB_skin_control-nonlesional	900145_Co-014-TN_skin_control-nonlesional	900253_Co-107-TG_skin_control-nonlesional	900143_Co-015-OJ_skin_control-nonlesional	900263_Co-108-OG_skin_control-nonlesional	900540_Co-026-LT_skin_control-nonlesional	900364_Co-138-AT_skin_control-nonlesional	900265_Co-109-AG_skin_control-nonlesional	900542_Co-027-IS_skin_control-nonlesional	900544_Co-028-UV_skin_control-nonlesional	900268_Co-110-SW_skin_control-nonlesional	900546_Co-029-YL_skin_control-nonlesional	900270_Co-111-AM_skin_control-nonlesional	900548_Co-030-AL_skin_control-nonlesional	900271_Co-112-SN_skin_control-nonlesional	900279_Co-113-MM_skin_control-nonlesional	900550_Co-031-LM_skin_control-nonlesional	900283_Co-114-IG_skin_control-nonlesional	900552_Co-032-AR_skin_control-nonlesional	900281_Co-115-SG_skin_control-nonlesional	900560_Co-033-LN_skin_control-nonlesional	900285_Co-116-MR_skin_control-nonlesional	900562_Co-034-AS_skin_control-nonlesional	900287_Co-117-TG_skin_control-nonlesional	900598_Co-036-OM_skin_control-nonlesional	900289_Co-118-MG_skin_control-nonlesional	900596_Co-037-LM_skin_control-nonlesional	900291_Co-119-MG_skin_control-nonlesional	900600_Co-038-AG_skin_control-nonlesional	900311_Co-120-MM_skin_control-nonlesional	900602_Co-039-KG_skin_control-nonlesional	900606_Co-040-ST_skin_control-nonlesional	900313_Co-121-MM_skin_control-nonlesional	900604_Co-041-LC_skin_control-nonlesional	900315_Co-122-IS_skin_control-nonlesional	900608_Co-042-LN_skin_control-nonlesional	900613_Co-043-ZS_skin_control-nonlesional	900319_Co-124-UM_skin_control-nonlesional	900350_Co-133-KT_skin_control-nonlesional	900617_Co-044-KM_skin_control-nonlesional	900321_Co-125-MM_skin_control-nonlesional	900615_Co-045-OM_skin_control-nonlesional	900323_Co-126-ID_skin_control-nonlesional	900619_Co-046-KL_skin_control-nonlesional	900325_Co-127-MB_skin_control-nonlesional	900627_Co-047-LV_skin_control-nonlesional	900327_Co-128-IV_skin_control-nonlesional	900343_Co-129-IS_skin_control-nonlesional	900631_Co-049-LJ_skin_control-nonlesional	900344_Co-130-MM_skin_control-nonlesional	900633_Co-050-AH_skin_control-nonlesional	900346_Co-131-AM_skin_control-nonlesional	900150_Co-016-CB_skin_control-nonlesional	900348_Co-132-IM_skin_control-nonlesional	900360_Co-137-AM_skin_control-nonlesional	900352_Co-134-KK_skin_control-nonlesional	900390_Co-152-AF_skin_control-nonlesional	900374_Co-144-LM_skin_control-nonlesional	900376_Co-145-HN_skin_control-nonlesional	900356_Co-135-LT_skin_control-nonlesional	900358_Co-136-SM_skin_control-nonlesional	900370_Co-142-IP_skin_control-nonlesional	900372_Co-143-AN_skin_control-nonlesional	900366_Co-140-IM_skin_control-nonlesional	900380_Co-146-LK_skin_control-nonlesional	900378_Co-147-SV_skin_control-nonlesional	900382_Co-148-IM_skin_control-nonlesional	900384_Co-149-LM_skin_control-nonlesional	Co001SMNL_Co-001-SM_skin_control-nonlesional	Co003LTNL_Co-003-LT_skin_control-nonlesional	Co002MPNL_Co-002-MP_skin_control-nonlesional	900386_Co-150-LN_skin_control-nonlesional	900317_Co-123-LZ_skin_control-nonlesional	900388_Co-151-AN_skin_control-nonlesional	900135_Co-016-CB_skin_control-nonlesional	900392_Co-153-YM_skin_control-nonlesional	9003922_Co-153-YM_skin_control-nonlesional	Unknown
Co004LNPN_Co-004-LN_nasal_control-anterior	0	0	0	0.0008735182608	0	0	0.008232406825	0	0	0.0002008668722	0.007791259835	0	0.002252980112	0	0.02286255271	0.0168238037	0.001787162393	0	7.43E-05	0.0005384256036	0	0	0	0	0	0.01284470705	0.002110200575	0	0.100540926	0.00811109498	0	0	0	0.002475601853	0	0.003005110065	0	0.01211935805	0	0	0.009844203449	0	0	0	0	0.008316758293	0	0	0.002188446856	0	0.00192033939	0	0	0	0	0.0009557670102	2.33E-05	0.0003153344218	0	0.04663015384	0	0.01395125541	0.00316090313	0	0.002145522731	0	0.0013301876	0.003648852213	0.0003869509561	0	0	0	0	0.003934995663	0	0	0	0	0	0	0.01016811932	0	0	0	0	0	0.003882623005	0.6845520516
900242_Co-101-AN_nasal_control-anterior	0	0	0.0675356103	0	0	0.005149457318	0.03537554429	0	0	0	0.001544680269	0	0.006073384092	0.000651534364	0.001725508715	0	0.04017681549	0	0	0	0	0.000390987632	0	0	0	0.0002280605814	0.02642741423	0	0.077188967	0.003235165258	0.004640228695	0.005260904271	0	0.01409180173	0	0.1417323527	0	0.004908803407	0	0	0.01063829243	0	0	0	0	0.03282017069	0.0004971506096	0	0.009109524196	0	0.05338309074	0	0.0152607947	0	0	0.03337969015	0.03141846081	0.01503084034	0	0.05140900441	0	0.08943134285	0	0	0.06302683674	0	0.005270994769	0.078629243	0	0.0004938818848	0	0	0.003594266138	0.03990122239	0	0	4.62E-05	0.0002144144184	0	0.009177284137	0.01480026295	0.0004309139683	0	0.004762230399	0	0	0.0009366898063	0
Co005SNPN_Co-005-SN_nasal_control-anterior	0	0.006126731728	0.01570764991	0	0	0	0.004420141906	0	0	0	0.005988862571	0	0	0	0.04614543413	0.005339478496	0.05798838461	0	0	0.001006844228	0	0.0003287595857	0	0	0	0.002205934915	0.07824543215	0	0	0.008792762823	0	0	6.75E-05	0.005572076404	0	0.01789158719	0	0.001197948069	0	0.001576262837	0.000166722516	0	0	0	0.005825990384	0.0005312233669	0.01727109829	0.002237743772	0	0	0.01145853601	0	0.001217024356	0	0	0	0.2425245833	0.008054624571	0	0.2036976074	0	0	0.001374776636	0	0.0004591748045	0	0.0001580241888	0.01977145959	0.00801496085	0	0	0	0.001918413483	0.1373219404	0	0.0009360160786	0	0.007502216584	0	0	0.001020265734	0	0	0	0.001889568004	0	0.06804626537	0
900244_Co-102-LD_nasal_control-anterior	0	0	0.001905699202	0.08049424806	0	0.003699091047	0.03687499712	0	0	0.00165659713	0.01033989744	0	2.07E-05	0	0.09407552586	0.01234998975	0.1203437468	0.0003818255622	0	0	0	0	0	0	0	0.001519158102	0.0161058037	0	0	0	0	0	0	0.005236440157	0	0.02307694307	0.0008080330298	0.003020063688	0	0	0.001596752249	0	0	0	0	0.1478988593	0.007874395692	0	0	0	0.004490046865	0	0	0	0.001244132279	0	0.002647801354	0.001103065232	0	0.1340551138	0	0	0	0	0.04898819745	0	0.000927579455	0	0.002236256458	0	0	0	0.1	0.01561998391	0	0	0	0	0	0	0.01543499133	0	0	0	0.007496433801	0	0.09647767213	0
900138_Co-011-SF_nasal_control-anterior	0	0.000785980765	0	0.01030693275	0.0609860785	0.006064279134	0.0005636903065	0.001235544067	0.0007718088299	0.008016531618	0.001733505809	0.0001351215133	0.0009420423182	0.01581213533	0.001220869333	0.01673862307	0	0.0001235844016	0.01115832002	0.05637832053	0.03349163164	0.01655842816	0.01274083409	0.0005300795622	0.01349808209	0.003215516648	0.0002090140168	0.01003148372	0.03132806088	0.006956919026	0.002288522549	0.001586203317	0.004166154933	0.0006269893955	0.07136781309	0.001794568541	0.003421977067	0.007251357248	0.001058808717	0.01780077415	0	0.06507493712	0.03479465027	0.0003686993485	0	0.0005537970747	0.004580785659	0.001132557285	0.03050421719	0.07648612808	0.0002973020016	0.04728496026	0.0009879033774	0.004526047767	0.0008688996694	0	0	3.81E-05	0.003116182067	0	0.005008024998	0	0.04848496194	0.02316239303	0.001529930566	0.0008383292916	0	0	0.006206399975	0	0	0.01733678159	0.007122019012	0	0.02795707309	0	0.02340033519	0.0004816690548	0.01045968984	0	0.01616854674	0.01085598377	0.0551209779	0	0.003118811005	0.03923628444	0	0
900246_Co-103-MM_nasal_control-anterior	0	0	0.002380701342	0.01964279618	0	0.001986552695	0.007860735155	0	0.01016331267	0.0001785670027	0.008883267929	0	0	0	0.03767998708	0.001518224452	0.07915622407	0.002701850904	0	0.006498250144	0	0.01129219216	0	0	0	0.04387130957	0.01670687162	0.01949651714	0	0	0	0.002728382622	0.001194411616	0.05003553644	0	0.003952784915	0	0.01024930839	0	0	0.04901859243	0	0	0	0	0	0.00311090261	0	0.02615317245	0	0.1177903687	0	0	0	0	0	0.00670872094	0.0002808995348	0	0.2666128823	0	0	0.01904056635	0	0.005271004577	0	0	0.004426507562	0.0153813406	0	0	0	0.01780701238	0.04113546002	0	0	0	0.008423448307	0	0	0	0	0	0	0	0	0.08066133711	0
900140_Co-012-ON_nasal_control-anterior	0	0	0	0	0	0	0	0	0	0	0	0	0	0	0.01020855828	0.001189713665	0.002636162291	0	0	0	0.0006014499108	0	0	0	0	0.0005297626161	0.008405354329	0	0.1274158051	0.003963139785	0	0	0.00771443732	0	0	0.001583976709	0	0.004398895001	0	0	0	0	0	0.00407932881	0	4.94E-06	0.002712534082	0	0	0	0	0	0	0	0	0.2251781306	0.01195414227	0	0	0.04879420936	0	0.4304991157	0	0	0.003446967954	0	0.000747554483	0	0.003935822389	0	0	0	0	0	0	0	0	0	0	0	0	0	0	0	0	0	0	0.1
900248_Co-104-IV_nasal_control-anterior	0	0	0.007651227295	0	0	0	0.03079050981	0	0.009076230943	0	0	0	0.02922119417	0	0.07254832439	0	0.02080939189	0.01908937102	0	0	0	0	0	0	0	0	0.0001261968979	0	0	0	0	0.02071085925	0	4.62E-05	0	0.098284475	0	0	0	0	0.02164371181	0	0	0	0.00199997851	0.02903386026	0.04667014673	0.002663834446	0.0005170252757	0	0.06459213971	0	0.001754882658	0	0	0	0.002484403152	0.03689850405	0	0.2164504022	0	0	0	0	0.001365054171	0	0.002900192111	0.008247156274	0.004277764164	0	0	0	0.001540990259	0.04159349242	0	0.002277079535	0	0.01068340125	0	0	0.003841112497	0	0	0	0.0005019000208	0	0.1897090359	0
900250_Co-105-IV_nasal_control-anterior	0	0	0.00490541292	0.01609600488	0	0.005333434288	0.001680701011	0	0	0.004312420879	0.009797458586	0	0.004615106865	0	0.001881479993	0.001516864723	0.01809799006	0.003073106192	0	0	0	0.005045564913	0	0	0	0.000948203918	0.003574285533	0.01604667212	0.001433909073	0	0	0.003121905704	7.38E-05	0.005038857046	0	0.003686564505	0	0.009408355943	0	0	0.01480360334	0	0	0.006264307409	0	0.03587805905	0.0006875346501	0	0.006905763136	0.001101308315	0.01712114378	0	0.0008064552104	0	0	0.04648804802	0.1726759562	0.03994348428	0	0.2337950605	0	0.1602721406	0.007552275059	0	0.000202960341	0	0	0.07110799651	0	0	0	0	0	0.03325264097	0	0	0	0	0	0	0.0110733016	0	0	0	0.001299926587	0	0.01907992674	0
900142_Co-013-AY_nasal_control-anterior	0	0	0.01517922581	0	0	0	0	0	0	0	0.00959472657	0	0.001020010923	0	0.07147812186	0.04618736699	0.01375776042	0.00701448556	0	0.000364056908	0	0.003328536419	0	0	0	0	0.005153966759	0	0	0	0	0.003931847719	0.003686460363	0.01165074021	0	0.06650992783	0	0.003771779647	0	0.01580357009	0	0	0	0	0	0.002216931167	0.006309342458	0.2068585069	0.003911303707	0	0.009586271832	0	0	0	0.002851724966	0	0.08604176295	0.02353782817	0	0.08560252453	0	0.003045896653	0	0	0.07702872372	0	0.01766111222	0.00164057609	0.003037431822	0	0	0	0.003780001383	0.04351498652	0	0.01706436888	0	0.02139133735	0	0	0.001921748985	0	0	0	0	0	0.1045650356	0
900252_Co-106-AB_nasal_control-anterior	0	0	0.117449483	0.0111006613	0	0	0.003735148295	0	0	0	0.0003026729902	0	0	0	0.04426367692	0.0557626824	0.001626352633	0	0.001945722132	0.004641091849	0.00140417798	0.0004420962827	0	0	0	0.002163626919	0.08907420803	0.0001785770045	0.1337679018	0	0.003045219513	0.0007262495844	0.0009091970371	0.003062103073	0	0.169197952	0	0.01659490464	0	0	0	0	0.001687709533	0	0	0.007397356999	0	0	0.01648325619	0	0.01490218721	0	0.002214915416	0	0	0.112576804	0.005314488391	0.004813951754	0	0.01094414562	0	0.07337305958	0.001321232466	0	0.02499762131	0	0	0.02997777197	0.003865121727	0	0	0	0.0006799300469	0.005016684691	0	0	0	0.003609188681	0	0	0.01840231333	0	0	0	0	0	0.001028555789	0
900146_Co-014-TN_nasal_control-anterior	0	0	0.02617324677	0.006346742514	0	0	0.01258198617	0	0	0.0001482664648	0.01179984539	0	0.006331294314	0	0.2145774794	0.0005667220254	0.04305466272	0.001316510646	0	0	0	0.006002605738	0	0	0	0	0.1556691152	0	0	0.001382057735	0	0	0	0.001438276576	0	0.01997746613	0	0.008022369294	0	0.03224402773	0	0	0	0	0	0.004421273153	0.0003275604539	0.006163014633	0.004019163038	0	0.007868452715	0	0	0	0	0	0.2913164339	0.005556513186	0	0.0711133494	0	0	0.001161889701	0	0.005129046682	0	0.0002106796775	0	0.01838089158	0	0	0	0.0001948251987	0.009711211684	0	0.001807856481	0	0	0	0	0.0162055138	0	0	0	0.0006088725261	0	0.008170777273	0
900254_Co-107-TG_nasal_control-anterior	0	0.00249013956	0.01382463707	0	0	0.001116089024	0	0.001920347426	0	0	0	0	0.0005703502845	0	0.03450421331	0.01887646012	0.0748623983	0	0	0.002530018362	0	0	0	0	0	0	0.03034610462	0.01392037246	0	0.0006070397844	0	0.001800749122	0	0.01391995144	0	0.03465023966	0	0.01567533276	0	0.008068317726	0.0006971181155	0	0	0	0	0.01535769231	0.02105140017	0.001246373426	0.008116073202	0	0.09119563228	0	0	0	0	0	0.1476762949	0	0	0.2427574656	0	0	0.001592301119	0	0.07191126436	0	0	0.002063974908	0	0	0	0	0	0.01851469983	0	0	0	0	0	0	0.002582940984	0	0	0	0	0	0.005554007791	0.1
900144_Co-015-OJ_nasal_control-anterior	0	0.008198019043	0.001383312177	0	0	0.008749788921	0	0	0	0	0.03835500511	0	0	0	0.01845966277	0.01855141533	0.005132023308	0.003361537623	0	0	0	0	0	0	0	0.005991088869	0.03280344505	0.01971529542	0	0.00207645121	0	0.004449101927	0	0.02465209225	0	0.041467027	0	0.05146262091	0	0.008655072354	0.001701897403	0	0	0	0	0.005983354037	0.001316581665	0	0.00266841428	0	0.03403155892	0	0.01562161149	0	0	0.05171506721	0.02159548725	0.01832802698	0.0009181104836	0.1830455191	0	0.1314318414	0.004472892838	0	0.001610167096	0.006258439002	0	0	0.005126291704	0	0	0	0	0.13047319	0	0	0	0.024563042	0	0	0.04977103523	0	0	0	0	0	0.01590451267	0
900264_Co-108-OG_nasal_control-anterior	0	0	0.01407084988	0.002261048577	0	6.28E-05	0	0	0	0.0009271842691	0.000259242909	0	0	0	0.05998365837	0.0004118916815	0.01125790674	0.0004800502464	0	0.0001727548783	3.34E-05	0.0001232243369	0	0	0	0	0.02361518537	0.0001019677108	0.02513887966	0.0001135337059	0	5.67E-05	0.0002115476658	0.001369854874	0	0.02739921115	0	0.0005112633444	0	0	0	0	0	0	0	0.000296156942	0.0005374133087	0	0	0	2.27E-06	0	0	0	0	0.2624690085	0.003890275654	0.000240343511	0	0.03118048695	0	0.178597434	0	0	0.02648333498	0	0.001316819327	0.0006723448112	0.002958587961	0	0	0	0	0.01180988156	0	0.000463118013	0	0.004818184893	0	0	0.0008272101895	0	0	0	0.001165718853	0	0.003709300479	0.3
900541_Co-026-LT_nasal_control-anterior	0	0	0.01984985554	0.0008204857724	0	0.002189016553	0.003121107353	0	0.002012278917	0.0001250831131	0.0002534796415	0	0.002831632047	0	0.08685005977	0.003499648258	0.01142621808	0	0	0	0	0.001102739345	0	0	0	0.002987844511	0.03897500029	0	0.005633716007	0.003255163179	0	0	0.0006168634978	0.02368093774	0	0.01606777941	0	0.007113780899	0	0	0.01227430659	0	0	2.07E-05	0	0.05391775073	0.01066117951	0	0.002705639225	0	0.03825315608	0	0.0006777520732	0	0	0.07057014593	0.03427813972	0.001061607473	0	0.3489617024	0	0.1250224952	0.01138009515	0	0.002880483537	0	0.002164073204	0.005915426509	0.000819131004	0	0	0	0.001683219621	0.01019172965	0	0	0	0	0	0	0.00309553497	0	0	0.0004455944145	0	0	0.0306074087	0
900365_Co-138-AT_nasal_control-anterior	0	0	0.0008152139082	0.001019506309	0	0	0.001849242649	0	0	0.0007895295741	0.04109959918	0	0	0	0.3146837858	0.0009599577118	0.1515432213	0	0	0.001079618767	0	0	0	0	0	0	0.002061314422	0	0	0.0007495243932	0	0.0008468277322	0.001630446721	0.000294435606	0	0.06445300772	0	0.002459642604	0	0	0.003248834487	0	0	0	0	0.0005231218165	0	0	0	0	0.001731509097	0	0	0	0	0	0.01896686826	0.0005665883961	0	0.3473589703	0	0	0	0	0.02768683848	0	0.0003965301566	0.002105064992	0.001060203894	0	0	0	0	5.52E-05	0	0.0004128962207	0	0.0008037964023	0	0	0.005395379238	0	0	5.14E-05	0	0	0.003301842186	0
900543_Co-027-IS_nasal_control-anterior	0	0	0.03832087624	0.01026655664	0.0009159144985	0.000481728302	0.00943370218	0.0006187373094	0	0.0002601431137	0.005888678027	0	0.0002604844782	0.0003619350076	0.006400477732	0.006338740243	0.004148405303	0.002075261393	0	0.001705675711	0.001842895236	0.001507708608	2.50E-05	0.00535541055	0	0.004691729546	0.01316624699	0.003183919075	0.02320072005	0	0	0	0	0.000370178016	0.005995462161	0.04214273839	0.01586838446	0.03617851486	0	0.005028130172	0.001600234198	0	0.001466279425	0	0	0.01874086769	0.003406973682	0	0.02751945489	0.0002462588076	0.00857659099	0	0.000428413146	0	0	0.4730052298	0.03153372147	0.001082002475	0	0.02597555032	0.001608704263	0.04588406626	0	0.0003714819978	0.05292474455	0	0.0002023995249	0.004768682525	0.006805731986	0	0	0	0.001867077381	0.007904135549	0.004782169186	9.95E-05	0	0	0.0001132956372	0	0.004288854046	0.0003638215119	0	0.0003359917897	0.0001200018458	0.009643924806	0.01829946319	0
900267_Co-109-AG_nasal_control-anterior	0	0.004311489605	0.184326406	0.003181367023	0	0.005528315278	0.003973620917	0.002992525968	0	0	0.003775279285	0	0	0	0.02577573171	0.1080168242	0.002302922415	0	0.002497057726	0	0.002351656027	0.009017730249	0	0	0	0	0.0105473488	0.002697828037	0	0.01009802691	0	0.001050417029	0.001460770244	0.002800589541	0	0.06074636468	0	0.00146413795	0	0.002974476464	0.0102681874	0	0	0	0	0.01265648138	0.00358490569	0	0.005736827284	0	0.02169578804	0	0.001780383151	0	0	0	0.003229968169	0.002174364206	0	0.2612895555	0	0	0.002152189491	0	5.33E-05	0	0.001734187603	0.05262963468	0	0	0	0	0	0.1448398945	0	0	0	0.006020727921	0	0	0	0	0	0	0.0005204987597	0	0.01774223011	0
900545_Co-028-UV_nasal_control-anterior	0	0	0.007517968669	0	0	0.0003025800288	0	0	0.0005207000381	0	0.001737223119	0	0	0	0.005987195811	0.00195733539	0.001662655754	0.0002405600576	0	0	0	0.00650380346	0	0	0	0.001068007567	0.002836826716	0.01124012134	0.01114307518	0	0	0	0	0.004326331499	0	0.006804539284	0	0.02386652856	0	0	0	0	0	0.002542733537	0	0.0005911270518	0	0	0	0.007507032538	0.009632837269	0	0.0003668948197	0	0	0.8018276756	0.002096376488	0.002569418967	0	0.009254897072	0	0.04414369726	0.001969312123	0	0.0003783695715	0	0	0.0002341541479	0.0001895509853	0	0	0	0	0.01010227102	0	3.77E-06	0	0	0	0	0	0	0	0	0.01098720864	0	0.007887219153	0
900269_Co-110-SW_nasal_control-anterior	0	7.16E-05	0.01198363506	0.0002148626728	0	0.000426684946	0.002034203439	0	0.0002240954359	0.08274817772	0.009423136256	0	0	0	0.02257409793	0.04818021621	0.03740454074	7.42E-05	0	0	0	0	0	0	0	0	0.006230085728	0	0.1	0	0	0.000308389355	0	0.001073646225	0	0.0008285904908	0	9.22E-05	0.0680760811	0	0	0	0	0	0	0.0006824225956	0.005149760571	0.002406230907	0.0005566428357	0	0.002917305262	0	0	0	0	0.04028576596	0.05251474209	0.0001583303149	0	0.2760161652	0	0.005594066908	0	0	0.008471075106	0	0.0003910354237	0.005906089173	0.0002583772374	0	0	0	8.69E-05	0.00723106213	0	0.0003167467276	0	0	0	0	0.02272313566	0	0	0	0.001365907434	0	0.1749997369	0
900547_Co-029-YL_nasal_control-anterior	0	0	0.171954111	0	0.0001382952175	0	0.0005287399958	6.77E-05	0	0	0.0004228658011	0	0	0	0.004099583692	0.0001224652559	0.001414986317	0	0	4.68E-05	0	0.001450596578	0	0	0	0.0001625577059	0.0003230110973	9.89E-05	0	0	0	0	0	0.0001495392001	0	3.19E-05	0	0.07921083603	0	0.007070234351	0	0	0	0.001284227813	0	0.0001508868754	0.01201823347	0.0001637840755	3.08E-05	0	0.0007594045015	0	6.14E-05	0	0	0.04338657082	0.002621836563	0.001364672926	0	0.0003774200147	0	0.5931190955	9.15E-05	0	0.05802750168	0	0	0	7.50E-05	0	0	0	0	0.001308842436	0	0.0002566663762	0	0	0	0	0.0006582652611	0	0	0	0.01297821472	0	0.003972530959	0
900266_Co-111-AM_nasal_control-anterior	0	0	0.009167841906	0.0127730916	0	0.00131588549	0	0	0	0.01573254255	0	0	0	0	0.02231529847	0.002878272919	0.05715491448	0	0	0.001276428017	0.007924233296	0.01183621993	0	0	0	0	0.00700657415	0	0	0.009896179654	0	0	0	0.006243195912	0	0.04667573941	0	0.0001582962709	0	0	0	0	0	0	0	0.008070215473	0.004361135424	0.001435177911	0.003939566647	0	0.007526307559	0	0	0	0	0	0.1399845172	0.003511463856	0	0.4083234101	0	0	0.001530763909	0	0.08456619384	0	0	0.003479935947	0.002959664751	0	0	0	0	0.03620520461	0	0.001930276622	0	0.004675857211	0	0	0.03797768479	0	0	0	0	0	0.03716791003	0
900549_Co-030-AL_nasal_control-anterior	0	0	0.02897114263	0.001315618027	0.00189651566	0.0006820355485	0.001240091297	3.34E-05	8.96E-06	0.000191822463	0.0001321577438	0	0.001986011492	0.0006324933182	0.01343143745	0.005821090044	0.0002855066973	0.000649693565	0.0003068906556	0.00148830987	0.0008603612988	0.002547237489	0.001562281011	0.001681767583	1.45E-05	0.006726816023	0.0102575473	0.0002472032985	0.03337556843	0.0156291695	0.0001103133369	0.02335718911	0.000319954001	0.007940732201	0.003699193831	0.007708011238	0.001028010854	0.005710187734	1.66E-05	0.000187876539	0	0.001814442425	0.001250910431	0.0003345580866	0	0.01654546401	0.00138873432	0.0003197948717	0.001192093849	0.001142341658	0.01052902559	0.001025059052	0.002814353403	0.0007060957939	1.71E-05	0.2451692263	0.04688565006	0.0004439701502	0.0009409625193	0.04685235742	0.0002418055113	0.3123617017	0.04368643754	7.83E-05	5.11E-05	0.0001169174698	5.93E-05	0.02721845624	0.007963970221	0	0	0.000672514676	0	0.001214373669	0.000829411655	0.00161709249	0.001844103477	5.54E-05	0.002838130306	0	0.01696504563	0.0003618534295	0.001242625813	0	0	0.0005896215217	0.01856599882	0
900272_Co-112-SN_nasal_control-anterior	0	0	0.00309817782	0.003508252736	0	0.001858810696	0	0	0	0	0.02656567871	0	0.001159653193	0	0.0702134774	0.02286332344	0.05777802811	0.00393897891	0.01164966333	0	0	0.001556813475	0	0	0	0.002601290264	0.001986888285	0	0	0.0006234064327	0	0	0	0	0	0.003281435755	0	0.03171074767	0	0	0.005632616939	0	0	0	0	0	0	0	0.01026246993	0	0.02820539412	0	0	0	0.00145494344	0	0.007592553975	0.005176538047	0	0.04837222391	0	0.02189074543	0.001400566147	0	0.001937440868	0	0.0153854377	0.08936739127	0	0	0	0	0.004099825224	0.003308928398	0	0	0	0.006089525362	0	0	0.002633151501	0	0	0	0	0	0.02831438864	0.4744812329
900280_Co-113-MM_nasal_control-anterior	0	0.0009910179495	0.004978389765	0	0	0	0.0003741059504	0	0.001451846278	0.001350455271	0.003671992234	0	0.001188149022	0	0.01258181864	0.02072425	0.01867474654	0.001538364396	0	0	0	0	0	0	0	0.002932888514	0.05201103231	0	0.01739150091	0	0	0	0.0004007372733	0.0006136194236	0	0.05945252534	0	0.00875085153	0	0	0.0008424177066	0	0	0	0	0.001154116586	0.008732181818	0	0	0	0.01081012274	0	0.0008900858659	0	0	0.4107041679	0.006236752808	0.004353506352	0	0.04013021946	0.002556397519	0.2605695138	0	0	0.008015786136	0	0.002243391212	0.002829858731	0	0	0	0	0	0.001464215752	0	0	0	0.00169864482	0	0	0	0	0	0	0.002114822051	0	0.02557550738	0
900551_Co-031-LM_nasal_control-anterior	0	0	0.001966642634	0.003173637071	0	0.002187299558	0.05927870414	0	0.001829890658	0.01414350431	0.02647558843	0	0.003691343102	0	0.02592150038	0.01743471544	0.005890080496	0.0009870305931	0.002896499957	0	0	0.002183028545	0	0	0	0.003403479128	0.07585583704	0	0	0	0	0.01001419002	0	0.002792689561	0	0.01804246201	0	0	0	0	0	0	0	0	0	0.002732188399	0.0377620766	0	0.01147372173	0	0.001705535914	0	0	0	0	0	0.07794347336	0	0	0.2801174629	0	0	0	0	0.02417164874	0	0.001898119972	0.03213725129	0.0001860919232	0	0	0	0	0.07274250981	0	0	0	0.01390465816	0	0	0.0521066325	0	0	0	0.004556158649	0	0.108394347	0
900284_Co-114-IG_nasal_control-anterior	0	0.001327205711	0.01725705264	8.25E-06	0.001333955621	0.01816843323	0.005163247624	0	4.09E-05	0.0001042494586	0.005488368829	0	0	2.13E-05	0.0002079923724	0.008137398942	0.00972744012	0.0004089378965	7.27E-05	0.002257618815	0.01810590608	0.009960102208	0.0001215689121	0.0003053863655	0.0001622731267	0.002517010424	0.01091547865	0.0008529444527	0.04375845101	3.75E-05	1.56E-05	0.004659028333	3.20E-05	0.02019764447	0.0002442320565	0.0947629605	0.0005045354081	0.008929594484	0	0.001145604386	0.002529633735	0.002469896879	0.0002871453918	0.0008776378842	0	0.001232273143	0.0549354081	1.71E-05	0.02458009321	0.0007059029746	0.009493157975	0.0007850470692	0.001207846641	0.000343353729	0.0003217508417	0.06578686865	0.03694693342	0.02073303571	0.0002179376171	0.3343159516	3.07E-05	0.0262440164	0.004257569598	0.0008419493421	0.01253153107	5.93E-05	0.001362372181	0.001351907962	0.002780618396	0	0	0.000331744732	0.0001295051414	0.04569315386	0.001653777252	0	0.001522866981	5.44E-06	0.0008034145928	0	0.004934974098	0.0002535194297	0.0008660615156	0	0	0.0001392438065	0.04946663454	0
900553_Co-032-AR_nasal_control-anterior	0	0	0	0	0	0	0	0	0	0	0	0	0	0	0	0	0	0	0	0	0	0	0	0	0	0	0	0	0.05433143078	0	0	0	0	0	0	0	0	0	0	0	0	0	0	0	0	0	0	0	0	0	0	0	0	0	0	0.3400511392	0	0	0	0.2718986714	0	0.1337187586	0	0	0	0	0	0	0	0	0	0	0	0	0	0	0	0	0	0	0	0	0	0	0	0	0	0.2
900282_Co-115-SG_nasal_control-anterior	0	0	0.01924089853	0	0	0	0	0	0	0	0	0	0	0	0	0	0	0	0	0	0	0	0	0	0	0.009044966193	0.009333272113	0	0.09376845431	0	0	0	0	0.009371421361	0	0	0	0.003361203207	0	0	0	0	0	0.009300041394	0	0	0	0	0.02549536201	0	0	0	0	0	0	0.0566270126	0	0	0	0	0	0.7556440069	0	0	0	0	0	0	0	0	0	0	0	0	0	0	0	0	0	0	0	0	0	0.0088133614	0	0	0	0
900561_Co-033-LN_nasal_control-anterior	0	0.0121590875	0.005801818244	0	0	0	0.004125868439	0.0004350892863	0	0	0.03320126521	0	0.001412146778	0	0.08646690052	0.003989846961	0	0.009337809974	0	0	0.000367327245	0.00305244817	0	0	0	0	0.06485914406	0.003456033241	0.0006743767758	0	0	0.00482931684	0.005284543252	0	0	0.07026459348	0	0.01452858154	0	0	0.001500693043	0	0	0	0	0.01073592845	0.04178469785	0.003451391406	0.01695441941	0	0.01892473185	0	0.001335384335	0	0	0.1270243451	0.07825996725	0.02539492816	0	0.2548997256	0	0.04466020484	0	0	0.0107250268	0.003231429938	0.001313765953	0.001382941002	0.007115111563	0	0	0	0	0.001037222146	0	0	0	0.0005311984404	0	0	0.004014045886	0	0	0	0	0	0.02147664348	0
900286_Co-116-MR_nasal_control-anterior	0	0	0.02724816587	0	0	0.001819183416	0.005734005198	0	0	0.003801521087	0.01676673923	0	0	0	0.01173272031	0.0344653407	0.03983631314	0.001944559511	0	0.001145233366	0	0	0	0	0	0	0.01822502768	0.000668423934	0	0	0	0	0.001005952098	0.03477028594	0	0.01748089189	0	0.01139596215	0	0	0.002856206235	0	0	0	0	0.001762782946	0	0	0.004554033641	0	0.00475756104	0	0.01332260685	0	0	0	0.122377185	0.01445669635	0	0.4098206167	0	0.05474679698	0	0	0.02730499468	0	0.001232141008	0.03589568726	0.01887233564	0	0	0	0	0.02549953108	0	0.004032536858	0	0.001859134822	0	0	0.007349641482	0	0	0	0	0	0.02125918597	0
900563_Co-034-AS_nasal_control-anterior	0	0.004490580842	0.1189899545	0	0	0.004177942969	0	0.0006932713326	0	0.001413320632	0.04894222074	0	0	0	0.06327714787	0.02695335573	0.01716560887	0.01765295918	0	0.003736303257	0	0	0	0	0	0.0295078584	0.03236493019	0	0	0	0	0	0.008090749457	0.0003335489315	0	0.06357017041	0	0.02068634921	0	7.20E-05	0.01169100272	0	0	0	0	0.001488954543	0.001081867899	0	0	0	0.02891001373	0	0.001254699396	0	0	0.1	0.0157093666	0.003721193364	0	0.2095620111	0	0.002218999171	0.002351908323	0	0.1213157705	0	0.0002491235556	0.01695641725	0.007427663437	0	0	0	0	0.003574293629	0	0	0	0	0	0	0.0003295448771	0	0	0	0	0	0.01003893622	0
900288_Co-117-TG_nasal_control-anterior	0	0	0.005646379573	0	0	0	0.01041214719	0	0	0.0046111714	0.01009575086	0	0	0	0.1367267958	0.07800938891	0.229284785	0.001842065654	0	0.01386997693	0	0.005528062961	0	0	0	0	0.03171351178	0	0	0	0	0.002757378641	0.0004836463445	0.005617116576	0	0.02920609678	0	0	0	0	0	0	0	0	0	0.01753778626	0	0	0.002572954968	0	0.0393696294	0	0	0	0	0	0.1351108519	0.004979492031	0	0.0382235663	0	0	0	0	0.01641620932	0	0.00404592095	0.01828387264	0.003927551948	0	0	0	0	0.03873015769	0	0.001429772796	0	0	0	0	0.0438958101	0	0	0	0.001624074824	0	0.06804807445	0
900599_Co-036-OM_nasal_control-anterior	0	0	0.02041158147	0	0	0.0003448491819	0	0	0	0	0.006808000896	0	0	0	0.01106060309	0.001923559449	0.001324609005	0.002478528564	0	0	0	0.01565699355	0	0	0	0	0.002354701156	0	0.01684968453	0.0002592179922	0	0.0002580279611	0	0.008142118742	0	0.01301469677	0	0.02329237986	0	0	0.00696563369	0	0	0.002619174656	0	0.0003102634825	0.001584929753	0	0.006919434408	0	0.003391374852	0	0.001144300026	0	0.002789379042	0.2935718155	0.01513786383	0.008371262791	0	0.02080295017	0	0.1211403126	0.000754700678	0	0.2540978575	0	0	0	0.0007441988923	0	0	0	0	0	0	0	0	0	0	0	0.0009889848442	0	0	0	0	0	0.005136837824	0.1293491733
900290_Co-118-MG_nasal_control-anterior	0	0	0	0	0	0	0	0	0	0.04036266301	0.04623457588	0	0	0	0.0081848063	0.07378129224	0.005127824479	0.03157932075	0.009961330315	0.004977256421	0	0.01742082647	0	0	0	0	0.0009873384377	0.003599841512	0	0	0	0.01323589902	0.003756710617	0.004337602786	0	0.01276332893	0	0.001107258976	0	0	0.0009849338004	0	0	0	0	0.04108428376	0	0.00504428309	0.001052540952	0	0.1594449429	0	0	0	0	0	0.01644844204	0	0	0.03651707584	0.01771886256	0	0	0.01570961899	0.0314743552	0	0.00467801985	0.001038706536	0.01035475852	0	0	0	0	0.03013931044	0	0.0006660916387	0	0.0345440538	0	0	0.001439233809	0	0	0	0.003795284177	0	0.310447326	0
900597_Co-037-LM_nasal_control-anterior	0	0	0.01222545648	0	0	0.01876814607	0.007715117562	0	0.003019155324	0	0.006236959745	0	0	0	0.03819070612	0.002041309618	0.1948494857	0	0	0.001891013635	0	0	0	0	0	0.004478850729	0.002804002825	0.009735334248	0.005577449012	0	0	0	0	0.003047517628	0	0.01405904221	0	0.03227720271	0	0	0	0	0	0	0	0.02103048752	0.01278954877	0.01529395531	0.006879196052	0	0.1028368805	0	0	0	0	0.02899008522	0.05792655947	0	0	0.124099769	0.0001114649089	0.06986111545	0.004659291326	0	0.002573644271	0.004492099198	0.002746216029	0.07565915744	0.01090263884	0	0	0	0	0.09552173749	0	0	0	0	0	0	0.002536360917	0	0	0.0002588086443	0.001932034613	0	0.001982199356	0
900292_Co-119-MG_nasal_control-anterior	0	0	0.05812774605	0	0	0	0	0	0	0.001456794361	0.02792910404	0	0	0	0.006670725968	0.003284659749	0	0.00548462318	0	0	0	0.004389058886	0	0	0	0.007393882325	0.06218096312	0	0	0.004492989881	0	0	0.02643790109	0.0462266189	0	0.009175466943	0	0.005002814172	0	0	0	0	0	0	0	0.006875411991	0.01443019673	0	0.03423012928	0	0.02386039723	0	0	0	0	0	0.1423825872	0.005425952429	0	0.220239437	0	0	0	0	0.04728017384	0	0.008011079326	0.01997314955	0	0	0	0	0.06073540969	0.03738627508	0	0	0	0.003794495842	0	0	0.005590459971	0	0	0	0	0	0.1015314961	0
900601_Co-038-AG_nasal_control-anterior	0	0	0.02193813557	0.0003726019693	0.003195393992	0	0.00135157059	0	0	0	0.003166820499	0	0	0	0.001728328186	0.01049436264	0.02711252293	0	0	0	0	0.004360664015	0	0	0	0	0.01098352671	0.0004131553431	0.03478776492	0	0	0	0.003089485814	0.0004395263446	0	0.006197867536	0	0.0215639306	0	0.001394918605	0.02619500578	0	0	0.003751739045	0	0	0.001606779922	0	0.001051368291	0	0.01249347224	0	0	0	0	0.07487711461	0.008151081506	0.0327171439	0	0.07204900223	0	0.5595671478	2.94E-05	0	0.02441018408	0.001567973018	0	0.002401211638	0.008510037068	0	0	0	0	0.003109449982	0	0	0	0.001055751955	0	0	0.001278440428	0	0	0	0	0	0.01258714395	0
900312_Co-120-MM_nasal_control-anterior	0	9.98E-05	0.001286392009	0.0001337359955	0	0	0.0002152750851	0	0	8.05E-05	0.001711635128	0	0.0002183010846	0	0.001182512873	0.00130088063	0	0	0	0.0001787108679	0	8.52E-05	0	0	0	9.13E-06	0.0002142482302	0	0.008209885033	0.0004205309593	0	0	0	3.22E-05	0	0.0003942027645	0	0.001109193526	0	0	0.0001241931886	0	0.0001057265513	0	0	0.000730029539	1.02E-05	0	2.66E-05	0	0.001228153765	0	0.0001213707875	0	0	0.247272256	0.00052153021	0.000325186812	0.0002892391505	0.004588982129	0.006158615296	0.5677020022	0.001169198429	0	0.1105382377	0	8.32E-05	0.001888113339	0.03847822734	0	0	0	9.74E-06	0.001482567018	0	0	0	0	0	0	0.0002101418055	0	0	0	0	0	5.42E-05	0
900603_Co-039-KG_nasal_control-anterior	0	0	0.02695986369	0.0001719384757	0.004120694572	0.03723016659	0.003835216281	0.007077507085	0	0.0001705017525	0.004465644107	0	0	0.001157452487	0.01530285725	1.81E-05	0.004107672386	0.009807244512	4.20E-05	0.0003120000128	0.001053990079	0.002335150326	0.0004449756923	0.001361917063	2.21E-05	0.05527979843	0.03040625094	5.88E-05	0.001201236277	0.001197695558	0.000324673511	0.05327298005	0.002221399654	0.04027182108	0.000637617451	0.0001814049576	0.0001089890715	0.0311201402	0.0003064906704	0.0003799052952	0.01990537596	0.002912813673	0.0003971085105	0.0002543037672	0	0.006163037155	0.01232252314	0	0.001585368598	0.0009606261179	0.06392766085	0.001806655193	0.002639475771	0.0008391153238	4.03E-05	0	0.008231833283	0.002316270267	0.0007674613589	0.1469729322	0.0003917046631	0	0.002836022102	0.0001373540077	0.02939968188	0.0001367415278	0.003748054383	0.05140116441	0.008787033865	0	0	0.0007084237642	0	0.09384784563	0.0003604824497	0.004093907419	0.001029052212	0	0.0007715885713	0	0.02195887065	0.0004437845597	0.001366548873	0	0	0.002154496233	0.1674182798	0
900607_Co-040-ST_nasal_control-anterior	0	0	0.06816317655	0	0	0	0.001557614016	0	0	0	0.03937720694	0	0	0	0.03372240768	0	0.001645776403	0.01416991934	0	0	0	0.003830873966	0	0	0	0	0.02723243482	0.0009280598165	0.0032177408	0.002391044644	0	0.00273698849	0	0.009201232624	0	0.05535191387	0	0.008094523195	0	0	0.002699038128	0	0	8.57E-05	0	0.002993796599	0.001603834146	0	0.03405975822	0	0.07498657111	0	0.001718307271	0	0.002494570334	0.2875338483	0.0003762308957	0.004356012438	0	0.1517061903	0	0.09606091639	0.002859867385	0	0.01058952609	0	0.002618445584	0.006312440078	0.0170184734	0	0	0	0	0.001423592102	0	0.01080369784	0	0.001237044155	0	0	0	0	0	0	0.000826537913	0	0.01401472738	0
900314_Co-121-MM_nasal_control-anterior	3.04E-07	1.77E-07	1.78E-10	2.61E-11	0	1.66E-19	0	0	2.32E-13	0	2.00E-06	3.74E-06	3.39E-07	0	0.005332748481	3.21E-05	0.0002333706566	2.58E-10	1.94E-07	1.02E-08	3.60E-19	1.52E-09	2.77E-15	0	0	0	2.39E-06	9.61E-09	1.34E-15	0	0	0	0	4.11E-09	0	2.40E-10	0	0.006650928026	1.39E-09	0	2.30E-06	0	0	0	4.06E-07	1.58E-10	3.94E-09	0	0	0	0.003068824473	0	3.62E-13	2.10E-13	3.43E-12	0.0003257925512	0.2925029501	2.06E-06	2.16E-08	0.003343214716	0	0	0	0	0.2178600001	1.20E-07	3.20E-08	1.59E-08	7.13E-11	2.41E-08	1.98E-13	0	0	0.0001301884308	0	1.51E-15	0	3.97E-09	0	0	3.66E-10	0	0	6.15E-07	3.12E-09	0	0.4705051441	0
900605_Co-041-LC_nasal_control-anterior	0	0	0.001388909137	0.03622651686	0.01036913661	0.01141144717	0.004042459558	0	0	0.0003587041734	0	0	0	0.01059504699	0.0002285482774	0.02564734943	0.0008221289793	0.001542986575	0.006610363803	0.001006064348	0.02958900469	0.002146554164	0.02174142325	0.004198889051	0.009577156088	0.05864696738	0.0007712882972	0.0006543234075	0.005517810286	0.001385902839	5.76E-05	0.0007701389766	0.004786760863	0.01036774544	0.09010700145	0.00072583475	0.03792727511	0.01048627789	0	0.0184448953	0	0.02994443325	0.002727570111	0.02675556558	0	0.000185608983	0.006911538916	0.0007852489613	0.0190851618	0.02754974048	0.0002475887981	0.004006877408	0.0002824540051	0.01636541906	0.0003147894527	0.02698597322	0.01853779003	0	0.01599078881	0	0.01003258678	0.1171824292	0.01621074186	0.01134305742	0.01198097758	0.006788034446	0	0	0.001345295252	0	0	0.003227899289	0.001280576052	0	0.05851212556	0	0.007974529098	0.001085763156	0.01646034785	0	0.003586608997	0.01087609608	0.024172012	0	0	0.08311189613	0	0
900316_Co-122-IS_nasal_control-anterior	0	0	0	0	0	0	0	0	0	0	0	0	0	0	0	0	0	0	0	0	0	0	0	0	0	0	0	0	0.1426091874	0	0	0	0	0	0	0	0	0	0	0	0	0	0	0	0	0	0	0	0	0	0	0	0	0	0	0.004217557664	0	0	0	0.0255952376	0	0.5692349504	0	0	0	0	0	0	0	0	0	0	0	0.04772737184	0	0	0	0	0	0	0.05227262816	0	0	0	0	0	0	0.1583430669
900609_Co-042-LN_nasal_control-anterior	0	0.001009159727	0.01930042122	0	0	0.001458420429	0.0009519948183	0	0	0	0.02353046854	0	0	0	0.01871828224	0.001685334462	0.0004881237428	0.001092435516	0	0	0	0.001495798879	0	0	0	0	0.0001415823925	0	0.0006024330831	0	0	0.005795042491	0	0.001321025312	0	0.01891558927	0	0.005452760244	0	0	0	0	0	0.002308806821	0	0.0009020410846	0.001257629439	0	0.004025986448	0.006277791296	0.001092024765	0	0	0	0.001187689946	0.02890132229	0.01196681033	0.003618616528	0	0.003143364304	0	0.6069981182	0.001176135509	0	0.09604789996	0	0.0005897984047	0.002616298391	0.001611613222	0	0	0	0	0.007129132349	0	0.00489505271	0	0	0	0	0	0	0	0	0.004494673073	0	0.007800322559	0.1
900614_Co-043-ZS_nasal_control-anterior	0	0	0	0	0	0	0	0	0	0	0	0	0	0	0	0	0	0	0	0	0	0	0	0	0	0.0157002626	0	0	0.05315394636	0.01371055293	0	0	0	0	0	0	0	0.003612435593	0	0	0	0	0	0.04587899909	0	0	0	0	0.002350564816	0	0	0	0	0	0	0.3726624972	0	0	0	0	0	0.488342488	0	0	0.003174567332	0	0	0	0	0	0	0	0	0	0	0	0	0	0	0	0	0	0	0.001413686092	0	0	0	0
900320_Co-124-UM_nasal_control-anterior	0	0.001099082067	0.004246526487	0	0	1.25E-05	0	0.006146107951	0.004536420477	0.0002258487719	0.005202025562	0	0.003212228032	0	0.006261118131	0.0004619259088	0.06544415561	0.001467695111	0.01911489407	0.0004926677987	0.002756384485	0	0	0	0.0008793253229	0	0.03395053526	0.009829669113	0.03443337442	0.0007428812361	0.0003240014798	0.001020364021	0.01771947707	0.001006353025	0	0.02734027919	0	0.000492123385	0.0003695542108	0	0.001728198865	0	0	5.44E-05	0	0.00907689577	1.34E-05	0.01713933755	0	0	0.0921903723	0.000768277308	0	0	0.000152365668	0.2420519713	0.002235539909	0.00410804766	0	0.1383837029	0.000888907651	0.02351465431	0.001477425538	0.01114149211	0.1621087036	8.35E-05	0.01104613971	0.003986730129	0.001323111979	0.0001025545507	0.0001176944788	0.002498523234	0.004275742547	0.01262759684	0	0.003664143692	0.0006265498633	3.71E-05	0	0	0.0004443066508	4.49E-05	0	1.73E-05	0.001482568428	0	0.001800221814	0
900351_Co-133-KT_nasal_control-anterior	0	0	0.001200015358	0	0	0	0.02762772272	0	0	0	0.02320058423	0	0.004795370767	0	0.01561006927	0.001146577073	0.006266020001	0.002286800952	0.006964363725	0.002852883674	0	0.002198059687	0	0	0	0	0.005554145506	0	0	0.001397697862	0	0	0.0008163209117	0.01325122649	0	0.3055980518	0	0.01317274789	0	0.04250032413	0.01334139975	0	0	0	0.002401279763	0.04245036363	0.02528688075	0	0.003157446728	0	0.006587220981	0	0.002355758706	0	0	0	0.02739577906	0.02593294316	0	0.2156502135	0	0	0	0	0.04003884182	0	0	0.006596903462	0.01911738706	0	0	0	0	0.03221632752	0	0	0	0.002111800739	0	0	0.0006706977629	0	0	0	0.0009372607707	0	0.05731251279	0
900618_Co-044-KM_nasal_control-anterior	0	0.001546722327	0.01035871191	0	0	0.00561456181	0.001007625452	0	0	0	0.01563196319	0	0.003965917003	0	0.0213271277	0	0.02253562656	0.001707751959	0	0	0.02807469183	0	0	0	0	0.002907494555	0.03866796374	0.007627357844	0.004508368811	0.00931002502	0	0.008901680123	0.02545427739	0.02584152412	0	0.02747302616	0	0.01725531449	0	0	0.03248581277	0	0	0.001784236602	0	0	0.0261019512	0	0.0099412513	0	0.1610649551	0	0	0	0	0.07854512438	0.001327961103	0.01345294477	0	0.01362354702	0	0.0424620196	0.004882644733	0	0.02034629987	0	0	0.02887017053	0.02067615658	0	0	0	0	0.03269382871	0	0	0	0.005951902936	0	0	0.01056632693	0	0	0.1221785517	0	0	0.09332658217	0
900322_Co-125-MM_nasal_control-anterior	0	0	0.01052084619	0.0002651811987	0	0	0.002660563239	0	0.002280338117	0.01110825697	0.1699475721	0	0	0	0.003814715769	0.01096796577	0.01304817748	0.0002091351677	0.0009661748831	0	0.003258893322	0.002455318939	0	0	0	0	0.009740481197	0	0	0.007021581341	0	0.0001539527163	0.000714431102	0	0	0.037057979	0	0.06390711385	0	0.0001738278807	0	0	0	0	0	0.001040628464	0.002449546334	0.002538520956	0	0	0.00803555567	0	0.002744360218	0	0	0.001154772843	0.08255587755	0.005631221726	0	0.1228183972	0	0.07319202589	0.001146170513	0	0.03423431295	0	0	0.001118970447	0.00484172256	0	0	0	0	0.2724487911	0	0	0	7.99E-05	0	0	0.01688940717	0	0	0	0.0005868534136	0	0.01622042156	0
900616_Co-045-OM_nasal_control-anterior	0	0	0	0	0	0	0	0	0	0	0.001789383814	0	0	0	0.02940426759	0	0.01402826138	0	0	0	0	0	0	0	0	0	0.003813113425	0	0	0	0	0	0.003204715774	0	0	0.003163813275	0	0	0	0.003259118251	0	0	0	0	0.002024336652	0.0007141202486	0	0.003101014924	0	0	0	0	0	0	0	0	0.01023113593	0	0	0.01465952012	0	0	0	0	8.43E-05	0	0.001903271752	0	0	0	0	0	0	0.008619603946	0	0	0	0	0	0	0	0	0	0	0	0	0	0.9
900324_Co-126-ID_nasal_control-anterior	0	0	0.04458457776	0.01092374024	0	0.008929748479	0.01088548284	0	0	0	0.00695708596	0	0	0	0.07726214127	0.03783346747	0.006930846243	0	0	0	0	0.005023118944	0	0	0	0	0.007960798238	0.001247458428	0	0	0	0	0.006404454584	0.0211508046	0	0.0991385531	0	0.02179254574	0	0	0.01776869855	0	3.64E-05	0	0	0.004875181369	0	0.00348688013	0.0001869873452	0	0.01917704759	0	0	0	0	0	0.1437885709	0.02290695434	0	0.2673982352	0	0	0.001050636301	0	0.01224433015	0	9.80E-05	0.02428802338	0	0	0	0	0.005003263306	0.09513490691	0	0	0	0.005867244618	0	0	0.007863121949	0	0	0	0	0	0.001800679385	0
900620_Co-046-KL_nasal_control-anterior	0	0	0.01640946076	0.003486093805	0	0	6.06E-05	0	0.0076580897	0.01075170953	0.03194736821	0	0.003036716451	0	0.06221784593	0.01914646144	0.104237042	0.006991640405	0	0	0	0.002836558071	0	0	0	0	0.01116546648	0	0.003155244976	0	0	0	0	0.003493564782	0	0.1397646465	0	0.03479721984	0	0	0.01758635594	0	0	0	0	0.001231386896	0	0	0.001955612558	0	0.002448432676	0	0.01060083497	0	0.005966325069	0.004255568048	0.008549436589	0.00350586606	0	0.3550563838	0	0.03174397838	0.00161463052	0	0.0556260396	0	0.01046398119	8.75E-05	0	0	0	0	0	0.004757883468	0	0	0	0	0	0	0.005321156422	0	0	0	0	0	0.01807295071	0
900326_Co-127-MB_nasal_control-anterior	0	0.001343226751	0.01026885889	0.004385604971	0	0.01983690889	0	0.006821784873	4.91E-05	0	0.008706994503	0	0.002256807409	0	0.001022086231	0.005364357581	0.0102770722	0.00296500128	7.66E-05	0.00100769744	9.45E-05	0.00730480047	0	0	0.001235225308	0.0001558336047	0.02106185648	0.002786356917	0	0.01154752896	0	0.0001895063342	0.009137378628	0.005670463889	0	0.05962832359	0	0.0009576131516	0	0	0.0004066874219	0	0	0.0001048294655	0	0.006246664117	1.09E-05	0.0001220224401	0.001189560649	0	0.05307263197	0.001446517658	0	7.35E-05	0.002108142676	0	0.001014088806	0.003902499073	0.0001081161945	0.03145064863	2.91E-05	0	0.002747643045	0	0.000828262223	0	0.003534763779	0.05812727949	0.004771969289	0	0.002374767069	0.002320520906	0.002746052626	0.01325821987	0	0.003950219067	0.0001576182909	0.0003366211631	0	0	0.001959957543	0.0001556127032	0	0.0002108586165	0.001006640775	0	0.1060755543	0.5
900628_Co-047-LV_nasal_control-anterior	8.44E-06	8.16E-76	2.43E-25	0.114998288	1.93E-07	4.13E-43	1.33E-54	1.62E-76	1.36E-24	1.45E-81	1.46E-24	0.01443839284	4.54E-25	1.15E-76	0.2493951071	3.89E-09	1.13E-20	2.77E-41	7.69E-20	0.02244409843	5.91E-15	1.85E-07	0.4600957536	3.35E-14	7.81E-18	6.13E-13	1.11E-09	3.37E-17	1.62E-12	3.06E-08	2.86E-15	3.12E-10	4.73E-82	3.13E-34	7.56E-10	2.40E-05	1.62E-19	2.55E-49	1.00E-13	4.54E-14	9.98E-82	0.01069692451	1.75E-20	3.48E-54	0.07721251049	3.12E-11	3.72E-10	0	1.22E-25	1.44E-14	1.03E-56	0.004541733016	7.62E-11	6.34E-19	9.72E-41	0	0.02282290188	2.44E-34	0.02285822989	0.0003494465978	0	0	3.29E-10	1.17E-41	8.83E-23	7.06E-06	0	1.65E-56	2.94E-14	1.23E-24	8.22E-54	2.62E-41	1.27E-76	2.17E-07	2.29E-10	1.07E-82	5.07E-11	8.37E-54	2.08E-15	6.18E-05	1.88E-11	2.29E-41	6.43E-20	3.41E-09	4.75E-26	3.69E-25	4.47E-05	0
900328a_Co-128-IV_nasal_control-anterior	0	0.000794511101	0.04265754595	0.003901155405	0	0.0009205954829	0	0	0	0.001129892477	0.001900585319	0	0.001142353519	0	0.001410736042	0.04879712105	0.004434777817	0	0.001060587048	0	0	0.0007725312158	0	0	0	0.001275316907	0.006328088138	0	0.05206380697	5.27E-05	0	0.0007415184839	0	0.003978365103	0	0.003961308501	0	0.003879356764	0	0	0.004039460778	0	0	0	0	0	0	0	0.005645098019	0	0.0115746249	0	0	0	0	0.1157879847	0.01088201984	0.003271621923	0	0.01498300139	0	0.4246672503	0.0007848738563	0	0.006861505571	0	0	0.0007775686659	0	0	0	0	8.31E-05	0.002314032416	0	0	0	0.001296967519	0	0	0.0002696844121	0	0	0	0	0	0.0359511049	0.1796072539
900632_Co-049-LJ_nasal_control-anterior	0	0	0.1192887319	0	0	0.001740474305	0	0	0	0	0.01009220717	0	0	0	0.1025447824	0	0.03414796561	0	0	0	0	0	0	0	0	0.01044246991	0.002333073122	0	0	0	0	0.009917247878	0	0.0005907650333	0	0.08676598455	0	0.01038751616	0	0	0	0	0	0	0	0.003360259119	0.009480487977	0	0.1429986796	0	0.008919828473	0	0.01528298001	0	0	0.05323017531	0.01735288477	0.005606049527	0	0.09976674629	0	0.04676982469	0	0	0.01929267977	0	0	0.05616103629	0.0007329371133	0	0	0	0.0144283663	0.005752425858	0	0	0	0	0	0	0	0	0	0	0.007810408862	0	0.104803012	0
900345_Co-130-MM_nasal_control-anterior	0	0	0.00630318492	0.003421163144	0.01978398615	8.35E-05	0.03146652992	0	0	0.0003936395321	0.01448382193	0	0.0001056066222	0.02113267509	0.005055177819	0.02543770384	0.01367180275	0.001679859292	0.006259743349	0.01013389715	0.01103734704	0.0007887915226	0.001544544651	0.03122451604	0.01228704751	0.01208935971	0.007947308372	0.006504516172	0.0003727013535	0.03557677889	0.0580085134	0.004187419512	0.02517388494	0.0004580784937	0.1292050604	0.001790619881	0.01529329313	0.000191483487	0	0.006998022014	0	0.004262926584	0.006940546278	0.0003032967992	0	0.008306266098	0.02124778799	2.95E-05	0.0391308957	0.01441105032	0.006541667849	0.002572157404	0.01017710761	0.0110652509	0.0001106966092	0	0.0007000143673	0.006724647482	0.004772401287	0	0.009987630593	0	0.01279536848	0.002884523135	0.01501771956	4.42E-05	0.0007042710841	0.0004659670109	0.0001618423381	0	0.0067847959	0.003311835445	0.0001408598094	0	0.01779212618	3.31E-05	0.002982007996	0	0.003795627459	0.07859123726	0.02018622201	0.003823441246	0.007058309813	0	0.001183905143	0.1545339096	0.0003332243435	0
900634_Co-050-AH_nasal_control-anterior	0	0.01126358848	0.01300542377	0	0	0	0.002071155498	0	0	0	0.003294665029	0	0	0	0.03892202374	4.28E-05	0.02381698543	5.65E-05	0	0	0	0	0	0	0	9.90E-05	0.001333325679	0	0.06908221222	0.0001300460427	0	0.00112240951	0	0.001196564925	0	0.2078959733	0	0.02013746454	0	0.008565701754	7.75E-05	0	0	0	0	0.0007238525568	0	0.0001566435306	0.01461453385	0	0.001473180597	0	0.0001276058574	0	0	0.1770990206	0.001594019475	0.0009828267449	0	0.08584929595	0.009340088876	0.292336392	0	0	0.0004887311196	0.0001820482061	0	0.0001948712614	0.0004527665502	0	0	0	0	0.0005188391924	0	9.79E-05	0	1.79E-05	0	0	0.004086934982	0	0	0	0	0	0.007549195616	0
900347_Co-131-AM_nasal_control-anterior	0	0	0.002879924045	0.001757632564	0	0.0003801122312	0.0006911276841	0	0	0.01114785188	0.006830373818	0	0.01085689441	0	0.08322192646	0.01102887649	0.1709694444	0.002319796242	0	0	0.0006433043059	0.001094421141	0	0	0	0.002669344121	0.02679548591	0.002886913966	0	0	0	0.01087815777	0.008630880669	0.002231320851	0	0.0282266751	0	0.02750296697	0	0	0.002872827067	0	0	0	0	0.02658747078	0.01387710058	0.03607163246	0.002200012873	0	0.04421993822	0	0	0	0	0	0.09735393231	0.006520886216	0	0.3186599073	0	0	0	0	0	0	0.003768633434	0.002600780697	0	0	0	0	0	0.02289452366	0	0	0	0	0	0	0.0007978514718	0	0	0	0	0	0.007931071901	0
900349_Co-132-IM_nasal_control-anterior	0	0	0.07578686171	0.001823142779	0	0.001631406182	0.005956599558	0	0	0.006050313085	0.0005070181673	0	0.00101012063	0	0.1337049461	0.0005273704734	0.0001878180211	0	0	0	0.0006085327415	0	0	0	0	0.0008947224124	0.1117042795	0.001459302782	0	0.001580748876	0	0.001975634195	0.002184994106	0	0	0.0326512525	0	0.005373987892	0	0	0.0276598334	0	0	0	0	0.0002699540723	0.0006032574899	0.002925829904	0	0	0.03668239301	0	0.00529245859	0	0	0	0.002355922914	0.001698215597	0	0.2768031868	0	0	0	0	0.04480872833	0	0.001634052148	0.001837522242	0.001831331602	0	0	0	0.001680842411	0.1409733956	0	0	0	0.00856699747	0	0	0.0177823921	0.004091803389	0	0	0	0	0.03688283128	0
900361_Co-137-AM_nasal_control-anterior	0	0.0007300021513	0.0006244666608	0.0002302634632	0	8.74E-05	0.007985904061	0	0	3.09E-05	0.005240389992	0	0	0	0.003800581216	3.27E-05	0.001974191364	0	0	0	0.0001870529271	0	0	0	0	0	0.00584964838	0.003822102911	0.03823725645	0.0001199469481	0	0.0001893118521	0.0002518196009	0.0007232008207	0	0.1397051311	0	0.006349408978	0	0	8.28E-05	0	6.90E-06	0.002079251913	0	0.03383306161	0.01174595016	0	0.0146420109	0.004618659491	0.002509915166	0	0.0002509204377	0	0	0.2204903541	0.01711413798	0	0	0.1928363248	0.00290071355	0.1944097216	0.0001191602628	0	0.03138874495	0	0.01670975346	0.000524215532	0.0004179251181	0	0	0	0.0001090829911	0.03478725019	0	0	0	0	0	0	0.001624585398	0	0	0	0	0	0.0006267901223	0
900353_Co-134-KK_nasal_control-anterior	0	0	0.05286466817	0	0	0	0	0	0	0	0	0	0	0	0	0	0	0	0	0	0	0.01061039179	0	0	0	0.006963509806	0	0	0.01194076938	0	0	0	0	0	0	0	0	0.01376775065	0.07916977552	0	0	0	0	0.02759851148	0	0	0.002096674455	0.03194133559	0	0	0	0	0	0	0	0.1011831732	0	0	0	0	0	0.6549434512	0	0	0.006919988734	0	0	0	0	0	0	0	0	0	0	0	0	0	0	0	0	0	0	0	0	0	0	0
900375_Co-144-LM_nasal_control-anterior	0	0.0001331036006	0.004136709285	0	0	0.004562543161	0.0131775566	0	0	0.0002971876166	0.001206876698	0	0	0.01879795272	0.0004213023317	0.00213541552	0.0002750004443	0.005637400664	0	0.06210232888	0	8.39E-05	0	0	0	0.01587922131	1.11E-05	0.003465992534	0.02663583289	0.01248833532	0.009247823519	0	5.86E-05	0.001593414702	0	0.006987013223	0	0.003514760649	0.05282432461	0	0.2073429879	0	0	0.002099955832	0	0.01482200104	0.002550262777	0	0.04061208026	0	0.02241302985	0	0.0009538799358	0.02796482491	0	0.07548775841	0	0.01006471113	0	0.001853832927	0	0.006217888081	0.00291242943	0	0	0.0001675669377	0	0.001513043005	5.95E-05	0	0.03697220047	0	0	0.000709223647	0	0	0	0	0	0.07598058801	0.0002706211376	0.008042208002	0.2039436548	0	0.003739503572	0	0.007632494026	0
900377_Co-145-HN_nasal_control-anterior	0	0	0.01291729405	0	0	0	0.0003516418211	0	0	0.01047637456	0.03074713078	0	0	0	0.05417944879	0.0018759107	0.08958116666	0.001301529302	0	0	0	0.001615055692	0	0	0	0.02463239364	0.03875767876	0.001169511696	0.04474310947	0	0	0.0006038268319	0.001423484032	0	0	0.05942391126	0	0.006744022303	0	0	0.002823191875	0	0	0	0	0.0560663475	0	0.001022607446	0	0	0.03560350892	0	0	0	0	0.04479719572	0.1312064548	0.002471760678	0	0.0234509056	0	0.01045969481	0.003837631633	0	0.003536271269	0	0.000596528754	0.007661732112	0.0004998419838	0	0	0	0	0.2666788864	0	0	0	0.003266072439	0	0	0.01657044412	0	0	0	0.004823110074	0	0.004084323553	0
900357_Co-135-LT_nasal_control-anterior	0	0.005455531235	0.03822794207	0.004127136516	0	0	0.02869914757	0.001500032344	0	0	0.004094026212	0	0	0	0.004048058182	0.08162366794	0.02828526611	0.006738851369	0	0	0	0.008884925054	0	0	0	0.005806726253	0.002092926086	0	0	0	0	0	0.004383127342	0.003172360464	0	0.08225268892	0	0.0298049376	0	0	0.006510735221	0	0	0	0	0.05870356519	0	0	0.01731714652	0	0.07538781241	0	0.0005996565488	0	0	0	0.05061838233	2.84E-05	0	0.09870949858	0	0	0.004946387796	0	0.05947603238	0	0	0.1237483363	0.0533303914	0	0	0	0	0.08786543656	0	0	0	0	0	0	0.005437957386	0	0	0	0	0	0.01812286571	0
900359_Co-136-SM_nasal_control-anterior	0	0	0.00686338169	0.0004496678023	0	0	0.1042294132	6.11E-05	0	6.17E-05	0	0	0.001388439433	0	0.002072457341	0.07773412113	0.02913566236	0.0009128839929	0	0.0006604880537	0	0.002424398712	0	0	0	0.003735296484	0.0667698921	0.000188343401	0	9.91E-05	0	0	0.001630213428	0.0003457909992	0	0.04088056225	0	0	0	0.01025126771	0	0	0.0005964761689	0	0	0.008684919924	6.36E-05	0	0.001458823281	0	0.01879431379	0	0	0	0	0	0.008395176105	0.001331321019	0	0.354711721	0	0	0	0	0.1403543015	0	0	0.03876146596	0.007490743943	0	0	0	0	0.003059258125	0	0.001627152251	0	0.001223760276	0	0	0	0	0	0	0.001371198403	0	0.06218160224	0
900363_Co-139-MP_nasal_control-anterior	0	0	0.001429720886	0	0	0	0.1033676339	0.00313860983	0	0	0.003230335503	0	0	0.003805436667	0	0	0.02570902737	0	0	0	0	0.002363837553	0	0	0.0009626057522	0.001566358648	0	0.009604560955	0	0	0.01113396102	0	0	0	0	0	0	0	0	0	0	0	0	0	0	0.001674565126	0	0	0.0003984652393	0	0.0005851992272	0	0	0	0	0.005935377366	0	0	0	0.002647189635	0.002607623788	0.1940646226	0	0	0	0	0	0	0	0.001675858173	0.01034411497	0	0	0	0	0	0	0	0	0.1070316117	0	0.006723284048	0	0	0	0	0	0.5
900369_Co-141-IG_nasal_control-anterior	0	0.0005164612779	0.01502608894	0	0	0.0001364148025	0.0005222928334	0.0001237337905	0.0001444226795	0	0.001636874527	0	0.0002200650133	0	0.4043031661	0.01012891151	0.0009115499593	0.001179290698	0	0	0.0001889936712	0	0	0	0	0.0001835768593	0.07960869361	0	0.05679588977	0.0001409485521	0	0.0005395514693	0.0003420602167	0.007001366361	0	0.03593350007	0	0.004024483868	0	0	0.0003007939972	0	0	0	0	0.02789163625	0.0009041172474	0	0.001020775411	0	0.001650424224	0	0	0	2.67E-05	0.1032255821	0.0001738713711	0.0001769612574	0.0004605452807	0.06331954257	0	0.02980170796	0.0001403883436	0	0.01756106295	0	0.0003897043759	0.001721359531	0.00176019026	0	0	0	0	0.09355824359	0	0.001253710737	0	0.023663526	0	0	0.003272956731	0	0	0	0	0	0.008117871213	0
900371_Co-142-IP_nasal_control-anterior	0	0.0006421626359	0.002894733649	0	0	0.01985855954	0.007528377462	0.003190807173	0	0	0.07416516899	0	0.002183531807	0	0.02076783097	0.008905732654	0.1289401698	0.003886608404	0	0	0	0	0	0	0	0.001000547931	0.1099877506	0	0.0007121881981	0	0	0.001897289381	0.0241090241	0.004514866266	0	0.004198009696	0	0.003770300105	0	0.003758640457	0.01157958944	0	0	0	0	0.03324023099	0.00320472619	0	0.0006092148934	0	0.004899799962	0	0	0	0	0.02376968148	0.001009443471	0.001875666044	0	0.1936270591	0	0.02408314979	0.002120431692	0	0.09702285092	0	0.008245198322	0.008757466216	0	0	0	0	0	0.1133230562	0	0	0	0.000851325983	0	0	0.005586722798	0	0	0	0	0	0.03928208661	0
900373_Co-143-AN_nasal_control-anterior	0	0	0.004059462702	0	0	0	0.002226620977	0	0	0	0.0006560260756	0.01122745463	0.0004216682959	0	0.1578327837	0.006458029712	0.005205818822	0.0005876414278	0	0.0009646500677	0	0	0	0	0	0	0.0006028066139	0	0.08030237651	0.0004089560908	0	0	0.001122620631	0.001143574255	0	0.03476206581	0	0.0006724742895	0	0.009509552542	0.000344909619	0	0	0	0	0.0633740783	0.002832154435	0.005775155045	0.0002678473814	0	0	0	0	0	0	0.02487292455	0.131648124	0.004145822295	0	0.2098273348	0	0.1468173698	0.000736819262	0	0.04442844056	0	0.000160842586	0.0002442343423	0.002621699788	0	0	0	0	0.008214736607	0	0	0	0.01049650207	0	0	0.01907813351	0	0	0.0007423131039	0.0004394464296	0	0.004766528304	0
900481_Co-146-LK_nasal_control-anterior	0	0	0.0004259408391	0	0	0.001322071288	0	0	0	0	0	0	0	0	0.0229320337	0.009777998136	0.0002322954081	0.005400360954	0	0	0	0.001785411246	0	0	0	0	0.01528131697	0.005538828429	0.01520771795	0.02147650243	0	0	0	0.003124590113	0	0.009182215998	0	0.008546555495	0	0	0.0006778759819	0	0	0	0	0.0007367986474	0.0008858037313	0.002531525816	0.0003805869378	0	0.02187449029	0	0	0	0	0.00121273722	0.01207903185	0.01040161522	0	0.08720389691	0	0.0008260991945	0.001534100578	0	0.002110340036	0	0	0.04397220178	0.0005636527358	0	0	0	0	9.04E-05	0	0	0	0.0007396081981	0	0	0.0005982373441	0	0	0	0	0	0.007767644481	0.6835795448
900367_Co-140-IM_nasal_control-anterior	1.03E-06	3.05E-06	2.97E-06	1.41E-17	1.47E-17	1.29E-08	4.53E-12	0	5.67E-18	0	1.50E-08	8.16E-05	2.16E-07	0	0	1.15E-17	2.02E-18	0	2.58E-12	3.66E-24	0	1.85E-06	4.87E-24	0	7.30E-15	0	2.64E-13	5.86E-10	7.49E-22	7.44E-25	0	2.20E-14	0	1.49E-08	0	7.68E-12	0	3.39E-18	2.13E-09	0	9.47E-09	0	1.94E-18	0	2.74E-06	0	7.25E-09	0	7.97E-18	0	0.05995118929	3.39E-25	2.50E-11	0	1.32E-14	2.40E-21	3.96E-06	4.92E-10	9.25E-11	0.6209910532	2.21E-19	0	0	0	3.67E-18	1.52E-05	2.39E-15	3.38E-05	3.60E-15	6.32E-08	1.62E-10	0	4.46E-18	4.75E-12	0	1.50E-17	0	0	0	0	1.33E-09	0	0	1.04E-05	1.90E-18	0	0.318900829	0
900381_Co-146-LK_nasal_control-anterior	0	0	0.01951666115	0.001168035293	0	0.0009666462909	0	0	0	0	0.004898347692	0	0.0009780548176	0	0.05124740902	0.002371442391	0.001690452751	0.003120017804	0.005847129231	0	0	0.004935862238	0	0	0	0.0008011636691	0	0.003692424363	0	0	0	0.002733820357	0.003251456577	0.00234595463	0	0.003402470922	0	0.02702974787	0	0	0.01026858629	0	0	0	0	0.003047530722	0.001709730435	0.003038102216	0	0	0.009015242047	0	0.001159192878	0	0	0	0.02728936451	0.001519095918	0	0.0759467711	0	0	0.001474072554	0	0.002228280829	0	0.002103594163	0.0160728522	0.0004728067918	0	0	0	0	0.04198667426	0	0.0005414705738	0	0	0	0	0.006406056458	0	0	0	0.001791724805	0	0.05393175419	0.6
900379_Co-147-SV_nasal_control-anterior	0	0.004825143768	0	0.01244076212	0.01712347712	0.03670618542	0.006772536066	0.01482096698	0.00536602781	0.0004922796337	0.0004311093551	0	0.000119688971	0.009866863094	0.01021920562	0.007218358694	0.01873839896	0.00729952569	0.001944966467	0.07214555976	0.01347753852	0.001943240058	0.003458436207	0.02330724245	0.0004989152446	0.01214601286	0.01034410815	0.01166895201	0.003130475166	0.005963690724	0.001445028478	0.01914044913	0.01261747158	0.02212937744	0.06580614398	0.0007798234271	0.007005108918	0.02067015577	0.000913059056	0.002980850006	0.0006419052169	0.03787708345	0.02600117647	0.001687804111	1.78E-05	0.0007690481473	0.01144529447	0.006043236443	0.01398764112	0.0511000696	0.006635756932	0.03367321685	0.0004511330192	0.02918277774	0.01358965416	0.0006483583209	0.0006951175882	2.72E-06	0.03061290501	0	0.00870705195	0	0.02216152264	0.005863977157	0.0001411631446	0.01482987328	0.004774372557	0.006893199909	0.008688225121	5.17E-05	0.0009622945181	0.03617800317	0.01770869239	0.0001041410764	0.008137064854	0.002609859016	0.0767807818	0.001083004224	0.0003917886768	0	0.003252774845	0.006528362144	0.01225880085	0.0001655454409	0.01427951813	0.01625094079	0.0001775167716	0
900383_Co-148-IM_nasal_control-anterior	0	0	0.01709756159	0	0	0.002118168469	0.0007008530293	0	6.22E-05	0	0	0	0	0	0.01877090261	0.02930054501	0.008124670912	0	0	0	0	0.002571175409	0	0	0	0	0.01093242789	0.004727109333	0.01129885076	0.002554926796	0	0	0	0.002970036605	0	0.009145087812	0	0.007794372937	0	0	0.002990285562	0	0	0	0	0.001704792883	0	0	0.008227122474	0	0.047389264	0	0	0	0	0.1	0.02407931149	0.003014040649	0	0.05784291205	0	0	0	0	0.007857589008	0	0	0.006331725158	0.001412007858	0	0	0	0	0.004440975496	0	0	0	0.0003566921807	0	0	0.0151822531	0	0	0	0	0	0.002300957799	0.5887011492
900385_Co-149-LM_nasal_control-anterior	0	0	0.03338930958	0.01408372995	0	0.002626806181	0.001218995823	0	0	0.0006866839614	0.0005713951727	0	0	0	0.02304071272	0.01075328683	0.08395563477	0.001216713402	0	0	0	0.0008996354641	0	0	0	0.008199763434	0.005178983009	0.001209351843	0.1	0.002202705562	0	0	0	0.008182660144	0	0.06012574409	0	0.007557310353	0	0	0.0151306464	0	0	0	0	0.05919401594	0.00141170816	0	0	0	0.04321001657	0	0	0	0	0	0.01979493802	0.004648107741	0	0.3074425668	0	0	0	0	0.03662422464	0	0	0.04257262262	0.002535417506	0	0	0	0	0.002407630733	0	0	0	0	0	0	0.004540706483	0	0	0	0	0	0.09538797607	0
Co002MPPN_Co-002-MP_nasal_control-anterior	0	0	0.02833933343	0	0	0.0004054067331	0.001241817715	0.005885528567	0.0003818906178	0	0.01400335134	0	0.002817624235	0	0.102835092	0	0.1904518805	0	0	0.0003626046065	0.02527984727	0.002619978028	0	0	0	0.0006173912327	0.03892106869	0	0.0003754457765	0.01382230333	0	0	0.0001665112289	0.0002886652079	0	0.03658985429	0	0.01305187526	0	0	0.001313839431	0	0	0.00045464598	0	0.05705499932	0.0825674097	0	0.0003372713376	0	0.003664972349	0	0.000603394874	0	0	0.03303358652	0.0006762047081	0.0003587321533	0	0.2298057492	0.009702815919	0.05043116978	0	0.02333927263	0.004764018309	0.0003520976293	0.01517819589	6.65E-05	0	0	0	0	0	0.002607224714	0	0	0	0	0	0	0.00198562291	0	0	0.0005971188908	0	0	0.002647712707	0
Co001SMPN_Co-001-SM_nasal_control-anterior	0	0	0	0	0	0	0	0	0	0	0	0	0	0	0	0	0	0	0	0	0	0	0	0	0	0	0	0	0	0	0	0	0	0	0	0	0	0	0	0	0	0	0	0	0	0	0	0	0	0	0	0	0	0	0	0.07277055435	0	0	0	0.01604448501	0	0.9111849606	0	0	0	0	0	0	0	0	0	0	0	0	0	0	0	0	0	0	0	0	0	0	0	0	0	0
Co003LTPN_Co-003-LT_nasal_control-anterior	0	0	0.1172181876	0	0	0.004481772973	0.01197192914	0	0	0	0.02100021948	0	0	0	0.02753658551	0.01180451304	0.02470279223	0	0	0	0.001917393101	0.0003395962531	0	0	0	0.01125665696	0.02903949826	0.002398931166	0.03149371855	0.002126713836	0	0.04522918554	0	0	0	0.06080410146	0	0.02140539005	0	0.0001939061728	0	0	0.002518040115	0	0	0.04879596676	0.005571187982	0	0.02244457882	0	0.09190373212	0	0	0	0.0004261031714	0.1244573915	0.01144492408	0.00988484145	0	0.1066569408	0	0.09164669816	0	0	0.01632655325	0	0.001292541974	0	0.001167635927	0	0	0	0.00101600865	0.0011331695	0	0	0	0	0	0	0.003647923508	0	0	0	0.0007348628987	0	0.03400980803	0
900318_Co-123-LZ_nasal_control-anterior	0	0	0.04375633162	0	0	0	0	0	0	0.00549935739	0.002764413383	0	0	0	0.008874286611	0.002732152846	0.006416138776	5.13E-05	0	0	0	0.01863335659	0	0	0	0	0.001996946117	0	0.1	0.01517941932	0	0.005073145521	0.0006183445546	0	0	0.04293832239	0	0.004310295404	0	0	0.003262087185	0	0.002527116539	0	0	0.06032294533	0.01079494386	0	0.01313221918	0	0.1430630013	0	0	0	0	0	0.05003966727	0.0437324419	0	0.3541377229	0	0	0.0001919311263	0	0.01942587891	0	0.005645783486	0.001697677047	0.00440697478	0	0	0	0	0.0002523209885	0	0.002390575745	0	0	0	0	0	0	0	0	0.00361332743	0	0.02251961516	0
900387_Co-150-LN_nasal_control-anterior	0	0	0	0	0	0	0	0	0	0	0	0	0	0	0	0	0	0	0	0	0	0	0	0	0	0	0	0	0.01258566737	0	0	0	0	0	0	0	0	0	0	0	0	0	0	0	0	0	0	0	0	0	0	0	0	0	0	0.1462145924	0	0	0	0	0	0.05378540755	0	0	0	0	0	0	0	0	0	0	0	0	0	0	0	0	0	0	0	0	0	0	0	0	0	0.7874143326
900136_Co-016-CB_nasal_control-anterior	0	0	0.000383781614	0	0	0	0.01630232135	0	0	0	0.09152228683	0	0	0	0.003983448589	0.008973114543	0.06301865985	0	0	0	0.006117169773	0	0	0	0	0	0.0002654143515	0.001133553971	0.0005837049091	0	0	0.0002170637803	0.005200443654	0.0008668936439	0	0.0251166394	0	0.007657051032	0	0	0.01329856278	0	0	0	0	0.0008104439405	0	0	0.01997980791	0	0.004730471725	0	0.005873559672	0	0	0.06096504905	0.1876298235	0.001417637453	0	0.2864645597	0	0.1283243595	0.00146676478	0	0.01728523163	0	0.001057408838	0.0003516573205	0.004734588025	0	0	0	0.001245945766	0.01793256613	0	0	0	0	0	0	0.008154782305	0	0	0	0	0	0.006935232686	0
900389_Co-151-AN_nasal_control-anterior	0	0	0.03628979905	0	0	0	0	0	0	0	0	0	0	0	0.02041457225	0	0.03940284106	0.0112202359	0.002397882217	0	0	0	0	0	0	0	0.00374966024	0.005581408607	0.002337100433	0	0	0	0	0.02334889771	0	0.02272927613	0	0.007178008756	0	0	0.004717036668	0	0	0	0	0.01178705944	0	0	0.007997661409	0	0.01048140674	0	0.01250642375	0	0	0.2136091112	0.00458265708	0.005511139349	0	0.2010168623	0.006729801326	0.2101839037	0	0	0.02766974391	0	0.005201172568	0.01934644721	0.001998661723	0	0	0	0.02071028815	0.01156292511	0	0	0	0	0	0	0.00067553547	0	0	0	0	0	0.04906248057	0
900391_Co-152-AF_nasal_control-anterior	0	0	0.005397917797	0	0	0.0007270565886	0.0002118104669	0	0	0.04567360755	0.006725164836	0	0	0	0.006675099736	0	0.0009598784091	0.01475810717	0	0	0	0.001078846714	0	0	0	0.005702987536	0.00124865144	0.0002944247282	0	0	0	0	0.0006064331785	0.0006750210474	0	0.01215380848	0	0.002206177661	0	0	0.003079244508	0	0.0008303370044	0	0	0.001582601441	0.006821592954	0	0.01047482114	0	0.007930029024	0	0	0	0	0.0586656431	0.02461156601	0.01675125221	0	0.6039373684	0	0.03233961184	0	0.01895775731	0.06769819485	0	0.003021331902	0.01341201484	0.008481343236	0	0	0	0	0.001878131574	0	0	0	0.01011269266	0	0	0.001756272081	0	0	0	0	0	0.002563200545	0
9003912_Co-152-AF_nasal_control-anterior	0	0	0.003779454838	0	0	0.005142261542	0.007722839719	0	0	0	0.01322002209	0	0.003458883604	0	0.04602392265	0.06891357041	0.1112916665	0	0	0	0	0	0	0	0	0	0.05376794269	0.002801246325	0	0	0	0.0006501227783	0.003865387556	0.0004529005343	0	0.04550774871	0	0.009018826668	0	0.002771854728	0.02963582389	0	0.00118960791	0	0	0.05154356401	0.0003652940868	0	0	0	0.06610123792	0	0	0	0.002437627859	0	0.04168493965	0.0007288314668	0	0.3084721918	0	0	0.009622034611	0	0.04183023706	0	0.001105420586	0.009979679102	0.001996565957	0	0	0	0.0002871418741	0.01442204461	0	0	0	0.01366131845	0	0	0.002985629723	0	0	0	0	0	0.02356215815	0
900393_Co-153-YM_nasal_control-anterior	0	0	0	0.01794760104	0.04081444584	0.002366429941	0.0009739980461	0	0	0	0.0001007632599	0	0	0.0003501826027	0.0007014452543	0.001489353493	0	0.0001522839686	0.007539262432	0.008158991615	0.01215538497	0.0009380869041	0.009222455278	0.08723871353	0.006609853347	0.01284728464	0.0008799796784	0.007854962689	0.008962861221	0.009871943565	0.001081985877	0.01010212581	0	0.01066384786	0.006151049168	0.01085493245	0.01205502644	0	0	0.02931165144	0	0.006382843644	0.01176608339	0.008677307017	0	0.0009074576473	0.01120108992	0.002159087889	0.006545844794	0.0005891499347	0.0009317505762	0.007645339057	0	0.01120903667	0.0001241474274	0.1448551854	0.003816772036	0	0.002251733216	0	0.003056891907	0.1524220013	0.07546305759	0.007549039228	0	0.009970659646	0	0	0.00416457356	0	0	0.02008098306	0.0007918505079	0	0.03020161598	0	0.06224513566	0	0.01126273009	0	0.03933166977	0.003226393133	0.005687903097	0	0.0004758820786	0.03760988247	0	0
9003932_Co-153-YM_nasal_control-anterior	0	0.0004163810955	0.01740587679	0.001215171752	0	0.0005489538895	0.01767320203	0	0	0.0008720647359	0.02230938453	0	0.001024206112	0	0.0951687831	0.01099487224	0.01333916146	0.0008928001241	0	0	0	0.003472572018	0	0	0	0	0.01165828608	0.0008373351327	0.002212352466	0.003995419072	0	0.0001482601878	0	0.0002490440325	0	0.03026672622	0	0.009147372603	0	0.001477739687	9.44E-05	0	0	0	0	0.1159458241	0.008249211845	0	0.001333329661	0	0.0006961801102	0	0.0004438128128	0	0	0.127669553	0.0414284171	0.004615709623	0	0.3376248081	0	0.04537688834	0.0003353773279	0	0.0466925856	0	0	0.003310849875	0.001536565641	0	0	0	0.001085273028	0.0003417690145	0	0.0007303782009	0	0.0005574899137	0	0	0.001213873392	0	0	0.000255148038	0.001395244069	0	0.01374135866	0