taxon	lfc_(Intercept)	lfc_case_typecase-nonlesional_skin	lfc_case_typecase-lesional_skin	lfc_age_months	lfc_sexmale	lfc_enrolment_seasonSpring	lfc_enrolment_seasonSummer	lfc_enrolment_seasonWinter	se_(Intercept)	se_case_typecase-nonlesional_skin	se_case_typecase-lesional_skin	se_age_months	se_sexmale	se_enrolment_seasonSpring	se_enrolment_seasonSummer	se_enrolment_seasonWinter	W_(Intercept)	W_case_typecase-nonlesional_skin	W_case_typecase-lesional_skin	W_age_months	W_sexmale	W_enrolment_seasonSpring	W_enrolment_seasonSummer	W_enrolment_seasonWinter	p_(Intercept)	p_case_typecase-nonlesional_skin	p_case_typecase-lesional_skin	p_age_months	p_sexmale	p_enrolment_seasonSpring	p_enrolment_seasonSummer	p_enrolment_seasonWinter	q_(Intercept)	q_case_typecase-nonlesional_skin	q_case_typecase-lesional_skin	q_age_months	q_sexmale	q_enrolment_seasonSpring	q_enrolment_seasonSummer	q_enrolment_seasonWinter	diff_(Intercept)	diff_case_typecase-nonlesional_skin	diff_case_typecase-lesional_skin	diff_age_months	diff_sexmale	diff_enrolment_seasonSpring	diff_enrolment_seasonSummer	diff_enrolment_seasonWinter	passed_ss_(Intercept)	passed_ss_case_typecase-nonlesional_skin	passed_ss_case_typecase-lesional_skin	passed_ss_age_months	passed_ss_sexmale	passed_ss_enrolment_seasonSpring	passed_ss_enrolment_seasonSummer	passed_ss_enrolment_seasonWinter	diff_robust_(Intercept)	diff_robust_case_typecase-nonlesional_skin	diff_robust_case_typecase-lesional_skin	diff_robust_age_months	diff_robust_sexmale	diff_robust_enrolment_seasonSpring	diff_robust_enrolment_seasonSummer	diff_robust_enrolment_seasonWinter	ASV_Name
GTGCCAGCAGCCGCGGTAATACGTAGGTCCCGAGCGTTGTCCGGATTTATTGGGCGTAAAGCGAGCGCAGGCGGTTAGATAAGTCTGAAGTTAAAGGCTG	-0.3361424735082757	0.1929159249850127	2.058483342152429	-0.0552911595235999	-0.0645208253334756	-0.47147417443821	-0.3347625488305523	-0.1935735173575757	1.2758400046897775	1.1799684739966303	1.1931610380282611	0.0315402576420623	0.438314010960288	1.2029062600411706	1.993970115598912	0.4476792437213209	-0.2634675760853018	0.1634924400408715	1.725235133016195	-1.7530344916987377	-0.1472022881315591	-0.3919458981135183	-0.1678874453592312	-0.4323933264104483	0.7929324803833445	0.8705825142888939	0.0887164388774385	0.0837942331843996	0.8833781512177417	0.6962401027258469	0.8671360803768229	0.6667302280791225	0.9568181325089588	0.9710108121263616	0.6604446005320428	0.2079338379020286	0.9534786857797782	1.0	1	0.8081428513189756	False	False	False	False	False	False	False	False	True	True	True	True	True	True	True	True	False	False	False	False	False	False	False	False	g__Streptococcus_ASV-1
GTGCCAGCCGCCGCGGTAATACGTAGGTCCCGAGCGTTGTCCGGATTTATTGGGCGTAAAGCGAGCGCAGGCGGTTAGATAAGTCTGAAGTTAAAGGCTG	-0.1135154773304931	-0.68699013904372	2.213787358807929	-0.0567427952335212	-0.1610784960551373	-1.0757997914881317	-0.1617794478455942	-0.8109559426220664	0.932084581654262	1.0451740840159351	1.0614594546526743	0.0251366315707452	0.3387763463660561	1.074563261956988	1.871081327918301	0.3564656801926034	-0.121786669970472	-0.6572973340518131	2.085607084758893	-2.2573746634994705	-0.4754714955249211	-1.001150727532683	-0.0864630764209401	-2.2749902380052283	0.9040819650769631	0.5172443758608809	0.0478197864813346	0.0333600168595919	0.6387500144440073	0.3267417131708274	0.9318156306003826	0.0321278301456719	0.9568181325089588	0.9366317076399736	0.6604446005320428	0.1117560564796331	0.807476433353745	1.0	1	0.0951020366723942	False	False	False	False	False	False	False	False	True	True	True	True	True	True	True	True	False	False	False	False	False	False	False	False	g__Streptococcus_ASV-2
GTGCCAGCAGCCGCGGTAATACGTAGGGTGCAAGCGTTAATCGGAATTATTGGGCGTAAAGCGAGTGCAGACGGTTACTTAAGCCAGATGTGAAATCCCC	-3.774745979137036	0.2692826175738682	1.002057303397993	0.1030886459880427	-0.566036677441575	0.0999842224004266	0.0	1.2231888034213776	0.9704782938328606	1.059885851452687	1.0760771511471368	0.0238874161383067	0.3017254432726323	1.0289461720267523	1.8982167850570528	0.3699567043499767	-3.889572804589833	0.2540675651107028	0.9312132520700436	4.31560472640345	-1.8759991577180883	0.0971714800235702	0.0	3.306302572812003	0.0014517839386373	0.8028931364929135	0.3664895847030402	0.0006122862218579936	0.0802524881999853	0.9238767051091534	1.0	0.0047965172469086	0.0209469164843452	0.9710108121263616	0.8939227261266354	0.0082046353728971	0.1991450633110747	1.0	1	0.02008541597143	True	False	False	True	False	False	False	True	False	True	True	False	True	True	True	False	False	False	False	False	False	False	False	False	g___ASV-5
GTGCCAGCAGCCGCGGTGATACGTAGGGTGCGAGCGTTGTCCGGATTTATTGGGCGTAAAGGGCTCGTAGGTGGTTGATCGCGTCGGAAGTGTAATCTTG	-1.01604614888508	0.123089291204835	1.1061412483983106	0.036673241015768	0.0654784869859911	0.3742020696691129	-0.1882681214445392	0.1707254597159518	0.8215347045651762	0.94011570415953	0.955297182883285	0.0227313516222801	0.3153227180796286	0.9694823746947722	1.7007109587703206	0.3257186647105494	-1.2367659494346686	0.1309299383684667	1.1579027638914907	1.6133330575830225	0.207655469243595	0.3859813024315425	-0.1106996579716663	0.5241500663392052	0.2198848780376064	0.8961678383197005	0.2504369837497446	0.1107109573671381	0.8360392059463173	0.7005613107967843	0.9121388631201672	0.601660488194545	0.4894756660927256	0.9710108121263616	0.8939227261266354	0.2649155051285092	0.9534786857797782	1.0	1	0.783205894132682	False	False	False	False	False	False	False	False	True	True	True	True	True	True	True	True	False	False	False	False	False	False	False	False	g__Cutibacterium_ASV-1
GTGCCAGCAGCCGCGGTAATACGTAGGGTCCAAGCGTTAATCGGAATTACTGGGCGTAAAGCGTGCGCAGGCGGTTGTGCAAGACCGATGTGAAATCCCC	-0.1148449820260798	-0.0935647619071603	0.612790968982553	0.0137309433279486	-0.4314343179481522	0.98781846726329	-0.4079437009524211	0.0359798901681446	0.5782154414164364	0.873440444458059	0.8936647551108421	0.0193040462955312	0.2258985531757557	0.9520010219762758	1.8342376718515483	0.1811799731444535	-0.19861970781124	-0.1071220854276037	0.685705646863681	0.7112987151883944	-1.9098587037539976	1.0376233265093144	-0.2224050390049112	0.1985864637448542	0.8443842840678735	0.9156630117570826	0.5000614744194236	0.4843733621606982	0.0692757163750815	0.3107162793891653	0.8260503619607088	0.8444099746801171	0.9568181325089588	0.9710108121263616	0.8939227261266354	0.6624795970149682	0.1785181921973254	1.0	1	0.8980233064058388	False	False	False	False	False	False	False	False	True	True	True	True	True	True	True	True	False	False	False	False	False	False	False	False	g___ASV-35
GTGCCAGCCGCCGCGGTGATACGTAGGGTGCGAGCGTTGTCCGGATTTATTGGGCGTAAAGGGCTCGTAGGTGGTTGATCGCGTCGGAAGTGTAATCTTG	-0.2023691709318587	-0.0752466411627643	1.1570950456023357	0.020282574197263	-0.5827299397317747	0.1197990912987394	-1.1711673171681367	-0.1141917997845095	0.7304464879688971	0.8898383306901088	0.9113853660100968	0.0227795604389287	0.3063357295258203	0.9321497953713288	1.7888137823840708	0.2984861019434772	-0.2770485918750502	-0.0845621486145773	1.26960020289542	0.8903847926144123	-1.902259134557328	0.1285191413371673	-0.6547172929354582	-0.3825699054026087	0.7825366501680351	0.9328441819587732	0.2083153604957982	0.3762248984364651	0.0611372457629617	0.8980964681200325	0.514735950178401	0.7031657198059388	0.9568181325089588	0.9710108121263616	0.8939227261266354	0.5862108882614689	0.1756720273241574	1.0	1	0.8122776418447913	False	False	False	False	False	False	False	False	True	True	True	True	True	True	True	True	False	False	False	False	False	False	False	False	g__Cutibacterium_ASV-2
GTGCCAGCAGCCGCGGTAATACGGAGGGTGCGAGCGTTAATCGGAATAACTGGGCGTAAAGGGCACGCAGGCGGTTATTTAAGTGAGGTGTGAAAGCCCC	0.1055350251888678	-1.1004424841712928	0.3734246811659389	-0.0529169419229478	-0.3512519870730621	-0.8057678038188711	-1.2994740737303792	0.0608859572963702	1.1631892872323988	1.162081117075099	1.1738255574194958	0.0283165555524036	0.3959840143981801	1.0993342515203113	2.1585202998425217	0.4430243207694815	0.090729020931726	-0.9469584076377148	0.3181262145858069	-1.8687633750163528	-0.8870357749337379	-0.7329597915325062	-0.6020207796170295	0.1374325391224987	0.928256397210184	0.3505430522015108	0.7523937474314815	0.0705540548087654	0.3814789421131023	0.4687578284772845	0.5512745576932312	0.8915240339937422	0.9568181325089588	0.8519965376192458	0.8939227261266354	0.1818123720072033	0.5679797582572856	1.0	1	0.9200198711226224	False	False	False	False	False	False	False	False	True	True	True	True	True	True	True	True	False	False	False	False	False	False	False	False	g__Haemophilus_D_734546_ASV-1
GTGCCAGCCGCCGCGGTAATACGTAGGTGGCAAGCGTTATCCGGAATTATTGGGCGTAAAGCGCGCGTAGGCGGTTTTTTAAGTCTGATGTGAAAGCCCA	0.045942072323823	-0.6292234596932736	0.5550250705315211	0.0280692955617482	-0.5609587665557092	0.2434773726213087	0.6794798379615629	0.6073176826112019	0.925810917449873	1.017918780630371	1.0470645858307794	0.0254966188528533	0.3951434772032947	1.069620283419277	1.863236983798484	0.4178363226011495	0.0496236018153356	-0.6181470188649156	0.5300772063560375	1.1009026617898774	-1.4196331178892403	0.2276297265446198	0.3646770882447506	1.4534822603034536	0.9605699767492354	0.5385741172373436	0.597810783316132	0.2748785265187329	0.1603506943742073	0.8206273189046576	0.7165010013529158	0.1507580424531771	0.9605699767492354	0.9456601192460004	0.8939227261266354	0.4722272122244899	0.3069570435163398	1.0	1	0.2885939669817962	False	False	False	False	False	False	False	False	True	True	True	True	True	True	True	True	False	False	False	False	False	False	False	False	g__Staphylococcus_ASV-2
GTGCCAGCAGCCGCGGTAATACGTAGGTGGCAAGCGTTATCCGGAATTATTGGGCGTAAAGCGCGCGTAGGCGGTTTTTTAAGTCTGATGTGAAAGCCCA	-0.9937917757296012	0.4364860080317553	1.5509069601804202	0.0326827086671888	-0.0629044374569011	0.7682952911985156	1.5668381982668058	0.559873459953369	1.1421452425787109	1.1139061343988044	1.1296780889501965	0.0292112771750623	0.4813021942300561	1.2157831833904411	1.881689991836399	0.4451203608942088	-0.8701098062500698	0.3918516960743149	1.3728751361564158	1.118838744068677	-0.1306963446479399	0.6319344614193287	0.832676054538442	1.257802403890559	0.3862252318411795	0.6959619660909724	0.1727161777487066	0.2657620109467262	0.8962655996475428	0.528803228040043	0.4069174094472304	0.2112533390417493	0.6809760666673428	0.9710108121263616	0.8939227261266354	0.4685803877218594	0.9534786857797782	1.0	1	0.3662341806375079	False	False	False	False	False	False	False	False	True	True	True	True	True	True	True	True	False	False	False	False	False	False	False	False	g__Staphylococcus_ASV-1
GTGCCAGCCGCCGCGGTAATACGTAGGGTGCGAGCGTTATCCGGAATTATTGGGCGTAAAGAGCTCGTAGGCGGTTTGTCGCGTCTGTCGTGAAAGTCCG	-0.3193111720441998	-0.0980102023872569	0.7720100612932101	0.041464505862735	-0.8050705343685698	-2.762792145192398	-1.9739828074854395	0.4450694366444713	0.6591735756122737	0.9062957559368274	0.9223741996672884	0.0199807025452499	0.2582016014789667	0.9502209450757998	1.875862072451319	0.241824257387423	-0.4844113657735862	-0.1081437287389092	0.8369814133696319	2.0752276236949667	-3.117992025445091	-2.907526043821322	-1.052307009387902	1.8404664670650972	0.631732525905139	0.9146264523725208	0.409447593727224	0.046941567432576	0.0040879150329311	0.0069168903376004	0.3013484286962626	0.0759540747707944	0.8637975354213124	0.9710108121263616	0.8939227261266354	0.1367428268688085	0.0251032548072313	0.4634316526192301	1	0.1754801037808008	False	False	False	False	True	False	False	False	True	True	True	True	False	True	True	True	False	False	False	False	False	False	False	False	g__Micrococcus_ASV-2
GTGTCAGCAGCCGCGGTAATACGGAAGGTCCGGGCGTTATCCGGATTTATTGGGTTTAAAGGGAGCGTAGGCCGGAGATTAAGCGTGTTGTGAAATGTAG	1.177893237756806	-0.7523743080902948	-0.281152590990835	0.0007632241566310451	-0.8792974970948816	0.0089415719183365	0.3151368181174939	0.4561427532246581	0.7956061354427073	0.9308382482855544	0.9400334963427488	0.0221533465358248	0.2912983736843244	0.9877535594693976	1.802671088377156	0.2749519959046698	1.4804979314310829	-0.8082760989635311	-0.2990878432360914	0.034451867368969	-3.0185458503375058	0.009052431988339	0.1748165930819881	1.6589905147762956	0.1452748793422814	0.4229196118211376	0.7661641850199201	0.9726596955636893	0.0040583369064302	0.9928148226831228	0.8619590640688933	0.1036388257928294	0.3743621890743407	0.8854879372505068	0.8939227261266354	0.9726596955636893	0.0251032548072313	1.0	1	0.2178680198316357	False	False	False	False	True	False	False	False	True	True	True	True	False	True	True	True	False	False	False	False	False	False	False	False	g__Prevotella_ASV-1
GTGCCAGCAGCCGCGGTAATACGGAAGGTCCGGGCGTTATCCGGATTTATTGGGTTTAAAGGGAGCGTAGGCCGGAGATTAAGCGTGTTGTGAAATGTAG	0.7035316596785509	-0.7754111490142138	-0.7683155613728581	0.0218394911082295	-0.4320943243536702	0.0261747859656813	-0.0868507678314418	0.1135071970136578	0.8015894020030995	0.9339737702518256	0.9466051574172004	0.0228193060079281	0.3022568026442341	0.9963125816544092	1.8143647731016328	0.2803449658870199	0.877670859819864	-0.8302279718253128	-0.8116536819524593	0.9570620202315434	-1.4295602963227896	0.0262716605688319	-0.047868416053389	0.4048840208509457	0.3848897378576943	0.4108920844157407	0.4213596740428413	0.3437652739776433	0.1599055407862038	0.979159452468417	0.9620377318714606	0.6875245153012179	0.6809760666673428	0.8854879372505068	0.8939227261266354	0.5483874608690977	0.3069570435163398	1.0	1	0.8081428513189756	False	False	False	False	False	False	False	False	True	True	True	True	True	True	True	True	False	False	False	False	False	False	False	False	g__Prevotella_ASV-2
GTGCCAGCAGCCGCGGTAATACGGAAGGTCCAGGCGTTATCCGGATTTATTGGGTTTAAAGGGAGCGTAGGCGGATTATTAAGTCAGTGGTGAAAGACGG	2.620983633966728	-0.5276896782530589	0.7624819818664972	-0.0891459986049946	-0.7566931755868499	-0.6622710200599764	-1.776312660654355	-0.4761699655883109	0.789888724769774	0.9384334300702376	0.9598282489610228	0.0213462068721989	0.2551012702539115	0.9728542483345932	1.852018509428617	0.2140527018511679	3.3181681821457274	-0.5623091221436599	0.7943941873891028	-4.176198569549949	-2.966246208157591	-0.6807505041928973	-0.9591225204344104	-2.2245454575920025	0.0034302570204393	0.5801539414839161	0.4362914442272283	0.00046593998122190886	0.0076336866004923	0.5038351710944575	0.3489493061013095	0.0377863163507687	0.0287284025461795	0.9480564409615212	0.8939227261266354	0.0079728721682621	0.0426214168527487	1.0	1	0.1054867998125628	True	False	False	True	True	False	False	False	False	True	True	False	False	True	True	True	False	False	False	False	False	False	False	False	g___ASV-3
GTGCCAGCAGCCGCGGTAATACAGAGGGTGCAAGCGTTAATCGGATTTACTGGGCGTAAAGCGCGCGTAGGTGGCCAATTAAGTCAAATGTGAAATCCCC	2.1565212307747994	-1.4117564791729706	-0.4183340033281674	-0.0546775762515598	0.8726377990862946	-1.4864530885763831	0.7431485908745102	-0.1950964585447742	0.7040299079045881	0.8867114429285345	0.9084118511319232	0.0230253126633029	0.2852023853674074	0.9497031519746456	1.8569839129138888	0.3145114074477965	3.063110255064699	-1.5921261538143392	-0.4605113889772617	-2.374672476813028	3.0597142375304225	-1.5651765348843103	0.4001911840519918	-0.6203160010250406	0.0038602101685858	0.119038029271494	0.6475824929302413	0.0223261981020293	0.0038959133499199	0.125228145079838	0.6910932731151562	0.5384826504605098	0.0287371201439168	0.6135036893223154	0.8939227261266354	0.0808817199794599	0.0251032548072313	1.0	1	0.7362926036909011	True	False	False	False	True	False	False	False	False	True	True	True	False	True	True	True	False	False	False	False	False	False	False	False	g__Acinetobacter_ASV-2
GTGCCAGCAGCCGCGGTAATACGTAGGGTGCGAGCGTTGTCCGGAATTACTGGGCGTAAAGAGCTCGTAGGTGGTTTGTCGCGTCGTCTGTGAAATTCCG	0.1388754604386035	0.392798586550632	0.4865465128853432	-0.0226519311128809	0.7414681378504016	0.0728605743134248	-0.1365471977106374	0.2716052225837435	0.789735989759364	0.9079276466449828	0.9238747791203492	0.0231288936294274	0.2806764520318585	0.9430419911075844	1.8446041389657784	0.2670402250182827	0.1758504895805995	0.4326320362664579	0.5266368601907282	-0.9793780660593464	2.641718364625189	0.0772612195432056	-0.0740252040132555	1.017094793734346	0.8611361350619895	0.6671803538139881	0.6008218036830831	0.3322041215725796	0.0110399066351778	0.938730365251524	0.9412917042098554	0.3141042071298656	0.9568181325089588	0.9710108121263616	0.8939227261266354	0.5428701498868984	0.0500030866560308	1.0	1	0.5132922409195364	False	False	False	False	False	False	False	False	True	True	True	True	True	True	True	True	False	False	False	False	False	False	False	False	g__Corynebacterium_ASV-2
GTGCCAGCCGCCGCGGTAATACAGAGGGTGCAAGCGTTAATCGGATTTACTGGGCGTAAAGCGCGCGTAGGTGGCCAATTAAGTCAAATGTGAAATCCCC	-0.4904756957708417	0.0168855779192806	0.8592843382039509	0.0021344126445261	0.6483755628418285	0.1127134343302108	1.6255406227716045	-0.1377022896546539	0.6024085353543187	0.9045233624332358	0.923412367841402	0.0201004773289008	0.2535933140880917	0.9657835925746964	1.866017575098732	0.2102045963418746	-0.8141911460174756	0.0186679290116478	0.930553204753626	0.1061871621057093	2.556753379612365	0.1167067189759627	0.871128248985327	-0.655086958377905	0.4301977226581008	0.985389489181674	0.3690436774338248	0.917054957877974	0.0238854142366954	0.9088761763348236	0.3994858645343176	0.5238347673223804	0.6862677956688752	0.985389489181674	0.8939227261266354	0.9695743697017256	0.0941366325799174	1.0	1	0.7311860293874893	False	False	False	False	False	False	False	False	True	True	True	True	True	True	True	True	False	False	False	False	False	False	False	False	g__Acinetobacter_ASV-7
GTGCCAGCAGCCGCGGTAATACGTAGGGTGCGAGCGTTATCCGGAATTATTGGGCGTAAAGAGCTCGTAGGCGGTTTGTCGCGTCTGTCGTGAAAGTCCG	0.0709753589716445	0.0548249733465358	0.3090407647831218	0.0158286340454473	-0.1853535117900566	-1.7587721110450356	-0.5043556835714136	0.7094142185053752	0.7145619771833464	0.8950337884071677	0.919316541469981	0.0212090157266643	0.3050974813170435	0.9173699493813872	1.8503338605704909	0.2972333988147121	0.0993270860162676	0.0612546409494822	0.3361636072478014	0.7463162953643037	-0.6075222613766703	-1.9171895833638688	-0.2725755034369375	2.386724443936417	0.9211708142679362	0.9513360968727528	0.7377826213254616	0.4580488344831726	0.5455278961914138	0.0594161006361815	0.7860055634754188	0.0197870016611069	0.9568181325089588	0.9710108121263616	0.8939227261266354	0.6529632321355864	0.7608667971990611	0.9952196856560414	1	0.0662864555647081	False	False	False	False	False	False	False	False	True	True	True	True	True	True	True	True	False	False	False	False	False	False	False	False	g__Micrococcus_ASV-1
GTGCCAGCAGCCGCGGTAATACGTAGGGTGCGAGCGTTGTCCGGAATTATTGGGCGTAAAGAGCTTGTAGGCGGTTTGTCGCGTCTGCTGTGAAAATCCG	1.979084598862373	0.1192874560841357	1.7429375044208584	-0.0853036623298966	-0.0403393167627011	0.0	0.7049893827594507	0.1887920315330621	0.6771866906623909	0.927458098122307	0.9475575312535494	0.021373628764304	0.2538428901407142	0.9655488426718284	1.8765556510643648	0.2810815982844255	2.9225095917442347	0.1286176230771397	1.8394001914744735	-3.991070644604887	-0.1589145031414496	0.0	0.3756826408849571	0.6716627224455444	0.0094981515825232	0.8991695852408624	0.0833874633123231	0.0009453205946196626	0.8756088659071166	1.0	0.7117995190162174	0.5108235282317375	0.063637615602906	0.9710108121263616	0.6604446005320428	0.0105560799732528	0.9534786857797782	1.0	1	0.7311860293874893	False	False	False	True	False	False	False	False	True	True	True	False	True	True	True	True	False	False	False	False	False	False	False	False	g___ASV-10
GTGCCAGCAGCCGCGGTAATACGTAGGGGGCGAGCGTTATCCGGATTCATTGGGCGTAAAGCGCGCGTAGGCGGCCCGGCAGGCCGGGGGTCGAAGCGGG	-0.937732998989977	-1.052104202069954	-0.8613958158817291	0.0598385291209821	-0.0628605709860744	0.0	-0.994510929586798	0.1253756772343701	0.5840067826408553	0.8825593980586057	0.901619007831768	0.0194574189222129	0.2224145715768507	0.9566481978299288	1.8648324066362008	0.1835091913499453	-1.6056885414062931	-1.192105828099844	-0.955387817248032	3.0753580092100123	-0.2826279345836576	0.0	-0.5332977516090599	0.683211975989166	0.1306555849805756	0.2530353940957763	0.3555886958470727	0.0082252025064503	0.7815976501743266	1.0	0.6021916103748965	0.5056230238125332	0.3501569677479427	0.7716402043145899	0.8939227261266354	0.0393634691380122	0.9495447718965004	1.0	1	0.7311860293874893	False	False	False	True	False	False	False	False	True	True	True	False	True	True	True	True	False	False	False	False	False	False	False	False	g__Collinsella_ASV-1
GTGCCAGCAGCCGCGGTAATACGTAGGTGGCAAGCGTTGTCCGGATTTATTGGGCGTAAAGGGAGCGCAGGTGGTTTCTTAAGTCTGATGTGAAAGCCCA	-1.3095073335750482	0.1367443278647462	0.4647858172924878	0.0762131203710523	-1.407510867210803	-0.428770139474608	0.3863058106713807	1.360299111795827	0.6481964637485131	0.8941088309740551	0.9099633633176964	0.0209960165814616	0.2465081763096066	0.96375468476234	1.8370403798851809	0.221269002474094	-2.0202321469052475	0.1529392431073239	0.5107742091922185	3.629884748631053	-5.709793842468791	-0.4448955177637781	0.2102870546022106	6.147716564840977	0.0569562918113394	0.8799786813682866	0.6151011347938575	0.0016683632291532	1.3764195182094436e-05	0.6611727824217541	0.8355711830524803	5.244914508557795e-06	0.1905679569005066	0.9710108121263616	0.8939227261266354	0.0124200373725856	0.0009222010772003272	1.0	1	0.000104626353849819	False	False	False	True	True	False	False	True	True	True	True	False	False	True	True	False	False	False	False	False	False	False	False	False	g___ASV-8
GTGCCAGCAGCCGCGGTAATACGGAGGGTGCGAGCGTTAATCGGAATAACTGGGCGTAAAGGGCACGCAGGCGGTGACTTAAGTGAGGTGTGAAAGCCCC	-0.6578818724402954	-0.6696917951065123	1.7405647244764355	-0.0010922383598937	0.2444383247313653	0.2336002578440468	-0.5266671397531705	-0.0600352184172269	0.5940154839173921	0.8933092014792907	0.9130760895526842	0.0192142538510602	0.2383794783554306	0.9527576237901064	1.8231430905573107	0.240891584132755	-1.1075163699466544	-0.7496752457016279	1.906264707171489	-0.0568452133692112	1.0254168119577	0.2451832995203712	-0.288878663710469	-0.2492209042227958	0.2782119490003377	0.4601803764797475	0.0677265632658942	0.955103110452446	0.3146128141948072	0.8082394291600175	0.7749650256905888	0.8051482450857034	0.5648545631218977	0.9068260360042084	0.6604446005320428	0.9695743697017256	0.5134760337403217	1.0	1	0.8843431544383956	False	False	False	False	False	False	False	False	True	True	True	True	True	True	True	True	False	False	False	False	False	False	False	False	g__Haemophilus_D_735815_ASV-1
GTGCCAGCAGCCGCGGTAATACGTAGGTCCCGAGCGTTATCCGGATTTATTGGGCGTAAAGCGAGCGCAGGCGGTTAGATAAGTCTGAAGTTAAAGGCTG	3.4878206402609955	-2.042181854608798	0.504168642663506	-0.1317245806583575	-0.4722406354977417	-2.111647892797004	0.0	-0.1052200860251782	0.5925151740441439	0.8841236930705645	0.9039240906703748	0.0197318713694961	0.218493965845727	0.9560516158939178	1.8550726367768653	0.1917234540441834	5.88646636077736	-2.3098372666796134	0.5577555105203588	-6.6757267058811705	-2.161344061241392	-2.208717455932117	0.0	-0.5488117588416169	5.3538907098689776e-05	0.03795928395441	0.586488233388366	1.526424360419094e-05	0.04991090581365	0.0457586685217541	1.0	0.5924360555441986	0.0035871067756122	0.4748882113961905	0.8939227261266354	0.0010227043214807	0.1520013949779343	0.9952196856560414	1	0.783205894132682	True	False	False	True	False	False	False	False	False	True	True	False	True	True	True	True	False	False	False	False	False	False	False	False	g__Streptococcus_ASV-4
GTGCCAGCAGCCGCGGTAATACGTAGGGCGCAAGCGTTGTCCGGAATTATTGGGCGTAAAGAGCTTGTAGGTGGCTTGTCGCGTCTGCCGTGAAAACCCG	-1.3150000673886884	0.8522798392545426	1.2482900697260046	0.0538767493404922	-0.9106509936482758	1.1525833603263398	0.467864358077792	0.1065510511149703	0.6100135390999825	0.8716900593193542	0.8913600727155655	0.0202873679035141	0.2372254817172819	0.9377936512111862	1.8212591879116995	0.212227825707646	-2.1556899693223976	0.9777326586929674	1.400433010111208	2.655679612886589	-3.838757063769236	1.2290372821758249	0.2568905959037367	0.5020597594103874	0.0398499764535304	0.3365791167705848	0.1723683179405328	0.012913715465844	0.0006463869012832501	0.2292870504232008	0.7991415574819568	0.6195509311795844	0.1405236011782389	0.8519965376192458	0.8939227261266354	0.0510666484545466	0.0072179870643296	1.0	1	0.783205894132682	False	False	False	False	True	False	False	False	True	True	True	True	False	True	True	True	False	False	False	False	False	False	False	False	g__Brachybacterium_ASV-1
GTGCCAGCAGCCGCGGTAATACGTATGGTGCAAGCGTTATCCGGATTTACTGGGTGTAAAGGGAGCGCAGGCGGTGCGGCAAGTCTGATGTGAAAGCCCG	2.702309415763763	-1.698536374124093	-1.295193795512704	-0.0213369088422326	-0.9814215363070072	-1.4127652323697608	-1.955591190713832	-0.2274213943692504	0.5987515341580177	0.8876788418725685	0.9065190940162918	0.019050436801771	0.2306508345006608	0.9626106483797868	1.8882203562626647	0.1759391388495521	4.513240069712441	-1.913458217096863	-1.4287551184105858	-1.120022027014577	-4.255009692168253	-1.467639314761009	-1.0356795403818828	-1.2926140019573555	0.00058299775605913	0.0779667212740014	0.1766599076083001	0.2829706578104617	0.0009384226021629872	0.1659763957141308	0.3192337566098424	0.2186472720223927	0.0130202832186539	0.4748882113961905	0.8939227261266354	0.4739758518325235	0.0089820449064171	1.0	1	0.3662341806375079	True	False	False	False	True	False	False	False	False	True	True	True	False	True	True	True	False	False	False	False	False	False	False	False	g__Agathobacter_164117_ASV-1
GTGCCAGCCGCCGCGGTAATACGGAAGGTCCGGGCGTTATCCGGATTTATTGGGTTTAAAGGGAGCGTAGGCCGGAGATTAAGCGTGTTGTGAAATGTAG	1.9271581247042957	-1.371838279550973	0.1835457780790695	-0.0420988723176351	-0.4457495227338532	2.2362136727964943	-0.4273892627556109	1.3278225482901642	0.7561908393817682	0.956099858829494	0.968515837143992	0.0203485143868949	0.261345379669227	0.99318346149483	1.8916338914659971	0.2161118329029367	2.548507631062899	-1.4348274051943142	0.1895124179077118	-2.068891689938212	-1.705595573558707	2.251561528653319	-0.225936564513754	6.144145512321555	0.0312712193763207	0.1851588426272287	0.8538963354045472	0.0684868784219291	0.122272901896733	0.0508733011660581	0.8262982372721313	0.0001699174453923292	0.1232453940125583	0.7098268026436236	0.8939227261266354	0.1818123720072033	0.2642672395832617	0.9952196856560414	1	0.0012649409823651	False	False	False	False	False	False	False	True	True	True	True	True	True	True	True	False	False	False	False	False	False	False	False	False	g__Prevotella_ASV-3
GTGCCAGCAGCCGCGGTAATACGTAGGTCCCGAGCGTTGTCCGGATTTATTGGGCGTAAAGCGAGCGCAGGCGGTTTGATAAGTCTGAAGTTAAAGGCTG	1.785665420950448	-0.8292805012738236	0.5608861910538908	-0.0672906259878915	0.1435997236586307	0.1979592055016511	0.8461991674089898	0.0189148561703598	0.7271056547419068	0.883823563596816	0.9078451576334492	0.0226568016976808	0.2804186895868711	0.937431443004306	1.811159594018322	0.2841920128022772	2.455854124232176	-0.938287386114686	0.6178214272971357	-2.969996687342646	0.5120904169054853	0.2111719283356082	0.4672140269712915	0.0665566072172464	0.0171833941756384	0.3521261153926024	0.5391975463266022	0.0043790587198881	0.6106014714477674	0.8335197151082611	0.6421596529672037	0.9471717448216798	0.0767524939845183	0.8519965376192458	0.8939227261266354	0.0255138712628181	0.802162717392165	1.0	1	0.9533763763506528	False	False	False	True	False	False	False	False	True	True	True	False	True	True	True	True	False	False	False	False	False	False	False	False	g__Streptococcus_ASV-3
GTGCCAGCAGCCGCGGTAATACGGAGGGGGCTAGCGTTGTTCGGAATTACTGGGCGTAAAGCGCACGTAGGCGGACTGGAAAGTCAGAGGTGAAATCCCA	0.8584383236810118	-1.84338521774284	-1.2050535217056146	-0.0120512861421837	0.8030579033774914	-0.0613604398791739	0.5200353925452609	1.5252591287668602	0.6904837758756855	0.9043118477872588	0.9185399387814736	0.021424856572569	0.2598802686576501	0.9444094695100144	1.811703941761611	0.2825787277987646	1.2432418453168186	-2.038439750903828	-1.3119228362614554	-0.5624908666886201	3.090107254103963	-0.0649722835911518	0.2870421488621393	5.397643129928226	0.2228107544642809	0.0498406880025081	0.1988802556504231	0.5777012386910323	0.0041214298937245	0.9486002722057384	0.7759305828559335	6.246349483571283e-06	0.4894756660927256	0.4748882113961905	0.8939227261266354	0.7167774628203548	0.0251032548072313	1.0	1	0.000104626353849819	False	False	False	False	True	False	False	True	True	True	True	True	False	True	True	False	False	False	False	False	False	False	False	False	g__Paracoccus_ASV-1
GTGCCAGCAGCCGCGGTAATACAGAGGGTGCGAGCGTTAATCGGAATTACTGGGCGTAAAGCGAGTGTAGGTGGCTCATTAAGTCACATGTGAAATCCCC	-1.189228415847707	0.3731612613979957	0.3932155538113649	0.0210024026931537	0.026622006338412	0.7966311836823555	2.239992630299588	1.369389694275172	0.7288078398273181	0.8926766817335425	0.9092237756982698	0.0241622259793856	0.3168165871894859	0.9484267231216992	1.7776547699359695	0.3490749059819378	-1.6317448178514105	0.4180251025190122	0.4324739017183987	0.8692246612986861	0.0840297112426425	0.83995016616601	1.260083042097241	3.9229107300712935	0.1072244031498741	0.6772083625077816	0.6667264673240638	0.3876949535736969	0.933272661353116	0.4037960527891762	0.21182409302872	0.0002018943923279811	0.3123493483061552	0.9710108121263616	0.8939227261266354	0.5903536793054021	0.9534786857797782	1.0	1	0.0013526924285974	False	False	False	False	False	False	False	True	True	True	True	True	True	True	True	False	False	False	False	False	False	False	False	False	g___ASV-2
GTGCCAGCAGCCGCGGTAATACGTAGGTGGCAAGCGTTGTCCGGAATTATTGGGCGTAAAGCGCGCGCAGGCGGATTGGTCAGTCTGTCTTAAAAGTTCG	2.067444813259223	-1.7881020825571898	0.1975412248398179	-0.0550702102107191	-0.2251199343598625	-0.6034994268716394	-0.7421907122492545	0.2793063504331339	0.8092147227296006	0.9230529325137252	0.9561789754297362	0.0230824276260621	0.2822258163189607	0.9967560400854526	1.8903297386331557	0.2960514544057884	2.5548779022277635	-1.9371609358172988	0.2065944032612062	-2.385806688224589	-0.7976589005785378	-0.6054635262806142	-0.3926249992691284	0.9434385350132326	0.0154197572442883	0.061324890771658	0.8375960604139783	0.0229366071583543	0.4307710322605489	0.5490127650053204	0.6971211724733352	0.3523129859328994	0.0737945525262371	0.4748882113961905	0.8939227261266354	0.0808817199794599	0.6274273730751474	1.0	1	0.5620230966072443	False	False	False	False	False	False	False	False	True	True	True	True	True	True	True	True	False	False	False	False	False	False	False	False	g__Veillonella_A_ASV-1
GTGCCAGCAGCCGCGGTAATACGGAGGGTGCAAGCGTTAATCGGAATTACTGGGCGTAAAGCGCACGCAGGCGGTCTGTCAAGTCGGATGTGAAATCCCC	-0.0729623853387125	-0.2537744345826062	0.1939578972513172	-0.0028076431735561	0.6415840333565331	-0.2139396377684233	0.9803581332541552	-0.3627399407907306	0.6779475059774108	0.9052933796427128	0.9228781039097652	0.0208318181521267	0.2916116318361342	1.0031306125360389	1.7974944405291513	0.2725020439289841	-0.1076224703172573	-0.2803228658125855	0.2101663225399066	-0.1347766744627387	2.2001318305336306	-0.2132719658784586	0.5454025954959587	-1.3311457615534916	0.9147015551002324	0.7803211004390724	0.8343437333512715	0.8932989893175958	0.0321785786096359	0.8319331067353415	0.5877647795059215	0.1888389644297851	0.9568181325089588	0.9710108121263616	0.8939227261266354	0.9695743697017256	0.1026649888974099	1.0	1	0.3419516382917731	False	False	False	False	False	False	False	False	True	True	True	True	True	True	True	True	False	False	False	False	False	False	False	False	g___ASV-7
GTGCCAGCAGCCGCGGTAATACGGAGGGTGCAAGCGTTAATCGGAATTACTGGGCGTAAAGCGCACGCAGGCGGTTTGTTAAGTCAGATGTGAAATCCCC	0.5426455850179076	0.119909983781473	-0.5389657386913157	-0.0097275450283456	-0.1561422130986592	-1.1550962166419636	0.4607649085309286	0.1083944408533446	0.7030744070825204	0.9023957586858302	0.9148486395552968	0.0222289292310041	0.2630183887988435	0.9604170502326844	1.8379653478403084	0.2647828054987606	0.771818145492838	0.1328795959281761	-0.5891310489933113	-0.4376074496102151	-0.5936551197493526	-1.202702738734296	0.2506929246910711	0.409371147228259	0.4452593297913082	0.8950285882952562	0.5594524270890437	0.6642851710754059	0.5564548218321492	0.2369421157126996	0.8034768460295059	0.6846928754187651	0.6937761650236663	0.9710108121263616	0.8939227261266354	0.7833803197962805	0.7608667971990611	1.0	1	0.8081428513189756	False	False	False	False	False	False	False	False	True	True	True	True	True	True	True	True	False	False	False	False	False	False	False	False	g__Escherichia_710834_ASV-1
GTGCCAGCAGCCGCGGTAATACAGAGGGTGCGAGCGTTAATCGGATTTACTGGGCGTAAAGCGTGCGTAGGCGGCTGATTAAGTCGGATGTGAAATCCCT	-0.1231909942581012	-0.8996385127368071	-0.4069664551451093	0.0258534735091262	-0.0442407016817499	-1.4814140746908289	1.393608921861064	0.8013319662980097	0.7130026017918846	0.8946402144613623	0.918938117218597	0.0226092605909931	0.3201890443128137	0.9792281709733798	1.8733321177799187	0.3181073835176098	-0.1727777625895101	-1.005586936731269	-0.4428660075358482	1.143490447424251	-0.1381705666310315	-1.5128384973016682	0.7439198360153171	2.519061196998747	0.8633981262365569	0.3185866915878093	0.659429214907013	0.2573028084488311	0.8905607223679529	0.1354847710809464	0.4597810190742302	0.0144036964964788	0.9568181325089588	0.8519965376192458	0.8939227261266354	0.4659267071911265	0.9534786857797782	1.0	1	0.0507919823823203	False	False	False	False	False	False	False	False	True	True	True	True	True	True	True	True	False	False	False	False	False	False	False	False	g__Acinetobacter_ASV-1
GTGCCAGCAGCCGCGGTAATACGTAGGGTGCGAGCGTTAATCGGAATTACTGGGCGTAAAGCGAGCGCAGACGGTTACTTAAGCAGGATGTGAAATCCCC	2.6264137741686984	-1.78972932929077	-0.3617686251917191	-0.0791113123058903	-0.068888500424163	0.2985818711636526	-0.7931539956677754	0.642154734385497	0.783930196910432	0.9188958306142622	0.9400595412119512	0.0219884376271153	0.2606668211357394	0.962704149242044	1.916336620975076	0.2194037462649625	3.3503158629680643	-1.9476955598921093	-0.3848358634021381	-3.5978596409384376	-0.2642779780104429	0.310149147480804	-0.4138907470568508	2.926817546725023	0.0024758023211065	0.0623255442411834	0.7034890876297692	0.0013217738606545	0.7936493615851347	0.758919995489268	0.6823485454226592	0.0070244873152498	0.0236969650734485	0.4748882113961905	0.8939227261266354	0.0124200373725856	0.9495447718965004	1.0	1	0.0276847441248083	True	False	False	True	False	False	False	True	False	True	True	False	True	True	True	False	False	False	False	False	False	False	False	False	g__Neisseria_563205_ASV-1
GTGCCAGCAGCCGCGGTAATACGAAGGGTGCAAGCGTTACTCGGAATTACTGGGCGTAAAGCGTGCGTAGGTGGTTTGTTAAGTCTGATGTGAAAGCCCT	1.4075242724908044	-1.7344609215546305	-1.793501596234946	0.0088144115326437	-0.2176086760971069	0.0	0.3797424845637986	-0.5176786349211704	0.6173071927806806	0.8876868278269768	0.909064194366312	0.0208533203511472	0.2352678961886628	0.9551884246895712	1.850800232818533	0.221338116641775	2.2801034702844865	-1.953910846914924	-1.9729097321726057	0.4226862381730423	-0.9249399498289608	0.0	0.2051774566645149	-2.338858949265427	0.0366496427445941	0.0684221984220141	0.0660397074371402	0.6781501275848398	0.3687379270667401	1.0	0.8400210525519616	0.0326469678129114	0.1364181146604336	0.4748882113961905	0.6604446005320428	0.7833803197962805	0.5614872980334452	1.0	1	0.0951020366723942	False	False	False	False	False	False	False	False	True	True	True	True	True	True	True	True	False	False	False	False	False	False	False	False	g__Luteimonas_C_615545_ASV-1
GTGCCAGCAGCCGCGGTAATACGTAGGGCGCAAGCGTTGTCCGGAATTATTGGGCGTAAAGAGCTCGTAGGCGGTTTGTCGCGTCTGCTGTGAAAGCCCG	-0.1431095422074098	0.1428856158223598	0.8552163836022275	-0.0057847135280198	0.3380106585430324	0.0	-0.3686864722793099	-0.9165786542061684	0.6347923242915416	0.8999792655848522	0.919406554973543	0.0199531015815589	0.2478811496134169	0.956298924426819	1.83990489418123	0.1975821755313661	-0.225443088599294	0.158765453034638	0.930183039239738	-0.289915505335081	1.3635996890855837	0.0	-0.2003834401687256	-4.638974400100489	0.8237156617228499	0.8753020935372031	0.3623715850207851	0.7745958047917223	0.1864852277155346	1.0	0.8430215475835328	0.00012671045780895864	0.9568181325089588	0.9710108121263616	0.8939227261266354	0.8796257444244983	0.3376894664038059	1.0	1	0.00106120008415	False	False	False	False	False	False	False	True	True	True	True	True	True	True	True	False	False	False	False	False	False	False	False	False	g___ASV-16
GTGCCAGCAGCCGCGGTAATACGGAGGGGGCTAGCGTTGTTCGGAATTACTGGGCGTAAAGCGCACGTAGGCGGACCAGAAAGTTGGGGGTGAAATCCCG	-0.8334933183981791	0.3194560845395854	-0.2455221609853028	0.0741199382791531	-1.1583901313508975	0.1313556784034431	2.207407866784152	-1.1058241993225089	0.5827220123056523	0.8985175397465538	0.9193287628462324	0.0203790532912028	0.2431721666513638	0.957653555498094	1.8639413926846704	0.1866521806797924	-1.4303446597122726	0.3555368375220531	-0.2670667675241322	3.637064843986109	-4.763662500123556	0.1371640899251113	1.18426892360858	-5.924517973993481	0.1707416835919077	0.7265607210935892	0.7926305465014833	0.0020381452657424	0.00018018453515825875	0.8925125017527705	0.2526008430736097	1.6645527031619813e-05	0.4236923259502895	0.9710108121263616	0.8939227261266354	0.0136555732804744	0.0025936295883859	1.0	1	0.00022305006222370552	False	False	False	True	True	False	False	True	True	True	True	False	False	True	True	False	False	False	False	False	False	False	False	False	g__Paracoccus_ASV-2
GTGCCAGCAGCCGCGGTAATACGTAGGGTGCGAGCGTTAATCGGAATTACTGGGCGTAAAGCGGGCGCAGACGGTTACTTAAGCAGGATGTGAAATCCCC	1.6914412677980122	-1.2346846026163985	0.5354051694909371	-0.0446819332545696	-0.0350248429768691	-0.2088816576130339	-1.400353759722207	-0.4723892010394496	0.686373269299392	0.9235781269060706	0.9536846778484956	0.0215267143825054	0.2674898673470144	0.9473172881216702	1.8469066826797755	0.2709663026080031	2.464316929947654	-1.3368491161137772	0.5614069114529622	-2.075650397019356	-0.130938952283495	-0.2204980952339655	-0.7582157630673354	-1.74335035940922	0.0191063744663543	0.1904155507278585	0.5783131241424097	0.0457944730710195	0.8966185982084105	0.8268417691350749	0.4537030147271085	0.0905839721037984	0.0800079430778587	0.7098268026436236	0.8939227261266354	0.1367428268688085	0.9534786857797782	1.0	1	0.2023042043651498	False	False	False	False	False	False	False	False	True	True	True	True	True	True	True	True	False	False	False	False	False	False	False	False	g__Neisseria_563205_ASV-2
GTGCCAGCAGCCGCGGTAATACGTAGGGTGCAAGCGTTAATCGGAATTACTGGGCGTAAAGCGTGCGCAGGCGGTTTTGTAAGTCTGATGTGAAATCCCC	-0.4037850975615101	-1.2273482873996926	-0.634214511730921	0.0618745166001048	0.2497101145360968	0.1560735699797566	-1.0484106123825938	-0.1690012578295801	0.5865993494961299	0.8798583613699253	0.8941838468278841	0.0200493627659343	0.2474558950378876	0.9461677629806828	1.8964411349319907	0.2014366190949216	-0.6883490373938338	-1.394938482472032	-0.7092663482803856	3.086108886474687	1.0091095809128496	0.1649533793965701	-0.5528305588141503	-0.8389798170209696	0.4971052044779607	0.1744049193750409	0.4842393969778275	0.0046473878084972	0.3218804987625897	0.8702094831330374	0.5849279164249396	0.4088475828350678	0.7569556522732583	0.7098268026436236	0.8939227261266354	0.0255138712628181	0.5134760337403217	1.0	1	0.6225633647715806	False	False	False	True	False	False	False	False	True	True	True	False	True	True	True	True	False	False	False	False	False	False	False	False	g__Massilia_ASV-1
GTGCCAGCAGCCGCGGTAATACGTAGGTGGCAAGCGTTGTCCGGAATTATTGGGCGTAAAGCGCGCGCAGGTGGTTTAATAAGTCTGATGTGAAAGCCCA	2.4159493393592597	-1.0848645992217008	1.2408810758592967	-0.0850299570003376	-0.4322440249983726	-0.6484919309475795	0.3698880179739247	0.1967777160765832	0.7025402119556883	0.9249318048070744	0.9449904314418373	0.0207538801873032	0.2675153825076824	1.01111056370988	1.8174719803014927	0.2316902551969321	3.438876947176999	-1.172913066221121	1.3131149634668773	-4.097063114605288	-1.6157725994913943	-0.641365993218574	0.2035178654652852	0.8493137353115091	0.0023432459511355	0.2533743954465817	0.2026764142830336	0.000475992368254454	0.1203947370898327	0.5279108886400178	0.8406009967328436	0.404854429300065	0.0236969650734485	0.7716402043145899	0.8939227261266354	0.0079728721682621	0.2642672395832617	1.0	1	0.6225633647715806	True	False	False	True	False	False	False	False	False	True	True	False	True	True	True	True	False	False	False	False	False	False	False	False	g__Gemella_ASV-1
GTGCCAGCAGCCGCGGTAATACGTAGGGTGCGAGCGTTGTCCGGAATTACTGGGCGTAAAGGGCTCGTAGGTGGTTTGTCGCGTCGTCTGTGAAATTCCG	0.1543919141458958	-0.6894206044025813	-0.0998411897442727	-0.0012311282100239	0.6320800741787661	-0.1226175792639461	0.7187027525070653	0.5771395294167053	0.634700872396127	0.8875103147183646	0.9080618118453442	0.0215805819447034	0.2811290751548372	0.943003445864572	1.8164464904511253	0.278384039865562	0.2432514604289646	-0.776802920449839	-0.1099497726276778	-0.0570479615970731	2.248362514018288	-0.1300287711584414	0.3956641477110461	2.0731775057773394	0.8087676517525128	0.4407944740881621	0.912872448226344	0.9547256391425188	0.0288178411437339	0.8970453637353555	0.6939714967620644	0.0431273734126447	0.9568181325089588	0.894946356482026	0.9273904093507528	0.9695743697017256	0.0991612809509744	1.0	1	0.1155813607458879	False	False	False	False	False	False	False	False	True	True	True	True	True	True	True	True	False	False	False	False	False	False	False	False	g__Corynebacterium_ASV-6
GTGCCAGCAGCCGCGGTAATACGGAGGGTGCAAGCGTTATCCGGATTTATTGGGTTTAAAGGGTCCGTAGGCGGATCTGTAAGTCAGTGGTGAAATCTCA	-0.3791214739353959	0.1411889074197046	-0.103203495862254	0.0126911929661481	0.4359037934550459	-0.716255507655427	2.629124501608445	1.375121883238035	0.7492854880763936	0.9142097894442032	0.9414254365345478	0.0239219573166311	0.2898339232668315	0.9638506443794468	1.936221545008726	0.3037410951759909	-0.5059773343651659	0.1544381924695216	-0.1096247157312354	0.5305248562300953	1.5039778247549622	-0.7431187724282445	1.3578634678381272	4.527282956036207	0.6171359341789484	0.8784568366637865	0.9135487614499952	0.6002505807201319	0.1446384634000488	0.4640720350244751	0.1861754305548827	0.00011706436138274268	0.8614189081247821	0.9710108121263616	0.9273904093507528	0.7312143437863425	0.293659910539493	1.0	1	0.00106120008415	False	False	False	False	False	False	False	True	True	True	True	True	True	True	True	False	False	False	False	False	False	False	False	False	g__Chryseobacterium_796614_ASV-1
GTGCCAGCAGCCGCGGTAATACGAAGGGTGCAAGCGTTAATCGGAATTACTGGGCGTAAAGCGCGCGTAGGTGGTTCGTTAAGTTGGATGTGAAAGCCCC	0.7641147449135816	-0.6087113357118243	0.3770979817615282	-0.008645195573221	-0.1392951907830173	0.1124590891730815	-0.0447534563701607	-0.4418048292231806	0.6187954735607356	0.8806732619783659	0.9005614570889188	0.0202495558453913	0.2501125177791337	0.9415430017437498	1.8299601956267948	0.2371721085457015	1.2348421692819358	-0.6911886189713542	0.4187365324077984	-0.426932602335997	-0.55693010497789	0.1194412671166434	-0.0244559725818691	-1.8628026370058923	0.2264738156548432	0.4947612326227771	0.6783915131170242	0.6724768820626096	0.5817066776398944	0.9057220418365508	0.9806508533383952	0.0723082008356339	0.4894756660927256	0.9224512607473724	0.8939227261266354	0.7833803197962805	0.7794869480374585	1.0	1	0.1742074308554648	False	False	False	False	False	False	False	False	True	True	True	True	True	True	True	True	False	False	False	False	False	False	False	False	g___ASV-17
GTGCCAGCAGCCGCGGTAATACAGAGGGTGCGAGCGTTAATCGGATTTACTGGGCGTAAAGCGTGCGTAGGCGGCTTCTTAAGTCGGATGTGAAATCCCT	-0.6695088652934637	-0.5312124972654577	0.1707223210696891	0.0133295240173001	0.6156642300669675	0.6340162951673975	0.8957505915558565	0.7000027212778794	0.6219152425028197	0.8810881941771226	0.902729883448396	0.0209417655624691	0.2714441945178228	0.9476820848014912	1.830308424398416	0.2535185907057085	-1.0765275065443152	-0.602905022194259	0.1891178349137351	0.6365043089389145	2.268106087737837	0.6690179178602955	0.4893987153286862	2.7611494657228604	0.2890561075382872	0.5504588753820003	0.8510928892526455	0.5285888711958944	0.0296003823734251	0.5078732361370165	0.627612718665993	0.0091097567085101	0.5696105648548602	0.9456601192460004	0.8939227261266354	0.6990890888564996	0.0991612809509744	1.0	1	0.0339085388594544	False	False	False	False	False	False	False	True	True	True	True	True	True	True	True	False	False	False	False	False	False	False	False	False	g__Acinetobacter_ASV-6
GTGCCAGCAGCCGCGGTAATACGTAGGGCGCGAGCGTTGTCCGGAATTATTGGGCGTAAAGGGCTTGTAGGCGGTTGGTCGCGTCTGCCGTGAAATCCTC	1.3574579784453094	-1.872696834344428	-0.4315269722317502	-0.03089590762897	0.0426817341519424	0.9554216052704336	0.0	0.4156543387371205	0.6192656203798543	0.9043954393975778	0.9253388697570788	0.0198471669166149	0.2286281177579127	0.9680385803680184	1.870048971985488	0.2012946234119267	2.1920447926895275	-2.070661519027385	-0.4663448022506989	-1.5566910763019668	0.186686285879923	0.986966454278312	0.0	2.0649053198332616	0.0597302551479199	0.072154870591452	0.6534039122352056	0.1581567307929816	0.8565539547528032	0.352565275428356	1.0	0.0728031054321345	0.1905679569005066	0.4748882113961905	0.8939227261266354	0.3311406550978054	0.9534786857797782	1.0	1	0.1742074308554648	False	False	False	False	False	False	False	False	True	True	True	True	True	True	True	True	False	False	False	False	False	False	False	False	g__Pauljensenia_ASV-1
GTGCCAGCAGCCGCGGTAATACAGAGGGTGCGAGCGTTAATCGGATTTACTGGGCGTAAAGCGTGCGTAGGCGGCTTTTTAAGTCGGATGTGAAATCCCT	0.4889404768757195	-1.4001552069014287	-0.4679503798879337	0.0117946834533603	0.2703328265672434	-0.9243378572226816	-1.0789583275415229	0.5593581387469828	0.6098652485398715	0.8644461648651115	0.874341544753266	0.0207188240116537	0.2546203803399853	0.9207855144904492	1.804553181877292	0.2475688525003355	0.8017188683013701	-1.6197135967627427	-0.5352031854096405	0.5692737892230842	1.0617093031055795	-1.003857948106621	-0.5979088554314999	2.2594043357947244	0.4264354080141195	0.1114617815115772	0.5948354984790328	0.5716692104246086	0.2933695943086754	0.3201863995196153	0.5525467113263158	0.0281607863964163	0.6862677956688752	0.6135036893223154	0.8939227261266354	0.7167774628203548	0.4913940704670314	1.0	1	0.089846318502852	False	False	False	False	False	False	False	False	True	True	True	True	True	True	True	True	False	False	False	False	False	False	False	False	g__Acinetobacter_ASV-3
GTGCCAGCAGCCGCGGTAATACGTAGGTGGCAAGCGTTGTCCGGATTTATTGGGCGTAAAGCGAGCGCAGGCGGTCAATTAAGTCTGATGTGAAAGCCCC	-0.299882971193753	0.0493230661642058	1.851027288981428	-0.0332553960805587	0.5032765207905768	0.6202661411596805	0.5227514930213394	-0.1063504118077572	0.6877671405172325	0.8948149181172371	0.9224466468263832	0.0215087846246109	0.2575203561513874	0.9767269371039552	1.8336128481336131	0.2226088578541024	-0.4360239876656905	0.0551209698961943	2.0066497020177425	-1.5461308791249413	1.954317430714944	0.6350455972872019	0.285093711877856	-0.4777456424373694	0.6668845638993215	0.9565181134379084	0.0566827761484767	0.1357229018388895	0.0629272933698474	0.5316661016127472	0.7781238177762024	0.6373403827642508	0.8936253156250908	0.9710108121263616	0.6604446005320428	0.2986810775315721	0.1756720273241574	1.0	1	0.7907741786149037	False	False	False	False	False	False	False	False	True	True	True	True	True	True	True	True	False	False	False	False	False	False	False	False	g__Granulicatella_ASV-1
GTGCCAGCAGCCGCGGTAATACGGAGGGTGCAAGCGTTAATCGGAATTACTGGGCGTAAAGCGCACGCAGGCGGTTGGATAAGTTAGATGTGAAAGCCCC	0.0663072410780417	-1.070737062765672	-0.2159693309251376	0.0263362681074101	-0.5944124431895298	-0.1811799408024215	3.3128265286669216	-0.0624174261678193	0.5932516129022148	0.8692055638651262	0.8889723671415078	0.0202077606614937	0.2608937160633117	0.9564344593396552	1.807221835082734	0.2506910211550314	0.1117691711846573	-1.231857120201105	-0.2429426818063956	1.303274942165873	-2.2783701047260263	-0.1894326778308599	1.8331045278208813	-0.2489814987399143	0.911704586652653	0.2269781615484793	0.8096003427739704	0.2017806273557994	0.0295216214589728	0.8509501692442355	0.0761048547918624	0.804966254008131	0.9568181325089588	0.7716402043145899	0.8939227261266354	0.386265772366816	0.0991612809509744	1.0	1	0.8843431544383956	False	False	False	False	False	False	False	False	True	True	True	True	True	True	True	True	False	False	False	False	False	False	False	False	g__Aeromonas_ASV-1
GTGCCAGCAGCCGCGGTAATACGTAGGGGGCAAGCGTTATCCGGATTTACTGGGTGTAAAGGGAGCGTAGACGGTGTGGCAAGTCTGATGTGAAAGGCAT	2.215546069547745	-4.429112829331775	-4.5586752212533055	0.0738589154377106	-0.0240946825796139	1.0683553941324018	-3.390197552707996	0.7279056637760389	0.600804865381128	0.87992042809962	0.9023457259262132	0.0200342345758715	0.2393903408081412	0.9594769595669926	1.8432577912441857	0.2068474085981293	3.687630039650705	-5.0335379062597845	-5.05202727765353	3.6866352521729686	-0.1006501870471229	1.1134768620338162	-1.8392422203839636	3.5190465701711577	0.0015632027227123	7.376740788238314e-05	7.078896558039425e-05	0.0015667507903249	0.92088265811252	0.2793925183632113	0.0815605230517818	0.0022939915452407	0.0209469164843452	0.0049424163281196	0.0047428606938864	0.0124200373725856	0.9534786857797782	1.0	1	0.0109783881093663	True	True	True	True	False	False	False	True	False	False	False	False	True	True	True	False	False	False	False	False	False	False	False	False	g__Blautia_A_141781_ASV-1
GTGCCAGCAGCCGCGGTAATACGTAGGGCGCGAGCGTTGTCCGGAATTATTGGGCGTAAAGAGCTCGTAGGCGGCTGGTCGCGTCTGTCGTGAAATCCTC	-0.1344405486653692	-0.6167801097497687	1.042576564728821	0.0015354680860665	-0.0157730554639733	0.3192769970291326	0.0	0.1177478447316206	0.62166006372264	0.8938132140541175	0.9117666523686192	0.0199146039593036	0.2394458058230744	0.9462718398152776	1.8059746201421047	0.228226901648139	-0.2162605522064727	-0.6900548124056093	1.143468629852144	0.0771026172152009	-0.0658731749748334	0.3374051552579847	0.0	0.515924476393034	0.8302986921295201	0.4956454535359015	0.262195841583305	0.9390714171919758	0.9479308276384152	0.7382415259689497	1.0	0.6098186458954473	0.9568181325089588	0.9224512607473724	0.8939227261266354	0.9695743697017256	0.9534786857797782	1.0	1	0.783205894132682	False	False	False	False	False	False	False	False	True	True	True	True	True	True	True	True	False	False	False	False	False	False	False	False	g__Actinomyces_ASV-1
GTGCCAGCAGCCGCGGTAATACGTAGGTGGCAAGCGTTGTCCGGAATTATTGGGCGTAAAGCGCGCGCAGGCGGTTCCTTAAGTCTGATGTGAAAGCCCA	-0.7277008285915357	0.2174755071378786	-0.2493332781736319	0.0366721971605809	-0.0971542749524939	1.143958827220088	-0.9208190255125572	0.5968781166322379	0.8311360153988844	0.9677179966963874	0.9841314399236192	0.0242964503568926	0.3349320257932076	0.9763523738988596	1.7976990410124751	0.3788343357813463	-0.8755496273883555	0.2247302498044888	-0.2533536355600866	1.5093643977576954	-0.2900716189274731	1.1716659454126457	-0.5122209026678606	1.5755649904361917	0.3859245416648024	0.8232064897724891	0.8011488727027065	0.1381957224399811	0.7730939501624235	0.2474975410742773	0.6110013680709104	0.1221311678841541	0.6809760666673428	0.9710108121263616	0.8939227261266354	0.2986810775315721	0.9495447718965004	1.0	1	0.240670242595245	False	False	False	False	False	False	False	False	True	True	True	True	True	True	True	True	False	False	False	False	False	False	False	False	g___ASV-6
GTGCCAGCAGCCGCGGTAAGACAGAGGATGCAAGCGTTATCCGGAATGATTGGGCGTAAAGCGTCTGTAGGTGGCTTTTCAAGTCCGCCGTCAAATCCCA	-0.5539084816975915	-0.5350648957126416	0.5495594468067401	0.0147943644120206	1.5195788692231535	-1.7722841578084652	0.2751918911364646	-1.1055721332711497	0.6269472181272846	0.910835314482825	0.93131273142656	0.0201842653762283	0.2346372331438389	0.9657465350353438	1.96062841640344	0.23448457278632	-0.8835009801178119	-0.5874441704277277	0.5900911995103294	0.7329652150454027	6.476290437211263	-1.8351442055586609	0.1403590240935476	-4.71490350147099	0.402734417918843	0.5731079623294613	0.5714164999287692	0.4845000037870662	0.0001928697770336076	0.1038153975121335	0.8918459649364817	0.00151207403179	0.6862677956688752	0.9480564409615212	0.8939227261266354	0.6624795970149682	0.0025936295883859	1.0	1	0.008442413344161	False	False	False	False	True	False	False	True	True	True	True	True	False	True	True	False	False	False	False	False	False	False	False	False	g__SIO2C1_ASV-1
GTGCCAGCCGCCGCGGTAATACGTAGGTGGCAAGCGTTGTCCGGAATTATTGGGCGTAAAGCGCGCGCAGGCGGTTCCTTAAGTCTGATGTGAAAGCCCA	0.7345636665233686	-0.3917483113621169	0.3568120947799852	-0.0283563457839484	0.3718846411843847	0.0596720671208067	0.0	0.7997850136740344	0.6264466330423816	0.9110017248034096	0.9245027425422792	0.0206652888609185	0.2669131436162619	0.969463852637246	1.8361922046724388	0.2313152006877112	1.172587779673919	-0.430019286128854	0.385950282633875	-1.3721727276493545	1.3932796120337898	0.0615516163480257	0.0	3.4575549349815105	0.25246901374916	0.6710181939606119	0.7029336123522267	0.182699815008085	0.1763062591105177	0.9514296354310516	1.0	0.0020460414945912	0.5286069975373038	0.9710108121263616	0.8939227261266354	0.360026106045344	0.3281255377890191	1.0	1	0.0105449830875086	False	False	False	False	False	False	False	True	True	True	True	True	True	True	True	False	False	False	False	False	False	False	False	False	g___ASV-15
GTGCCAGCAGCCGCGGTAATACGTAGGGGGCGAGCGTTGTCCGGAATTATTGGGCGTAAAGCGCGCGCAGGCGGTCTCTTAAGTCTGATGTGAAAGCCCA	-0.5282419871617071	0.3383450275225235	0.6228355628587374	0.0038103167285264	0.3308422308125866	1.2589910753983515	-0.2985863637290447	0.4758430968799326	0.6426794128666279	0.8964372749973779	0.91515168869232	0.0202700544759254	0.2528647421503627	0.9528457444711438	1.815513997884395	0.2462882930583662	-0.821936997803492	0.3774330195311358	0.6805817773758583	0.1879776264564013	1.3083762805328378	1.321295794942262	-0.1644638180024969	1.932057309630896	0.418312254365816	0.7088024807083841	0.5019312574905019	0.8522998292153102	0.2017747298110194	0.1974910450676692	0.8705910940628283	0.0639086834325131	0.6862677956688752	0.9710108121263616	0.8939227261266354	0.9517348092904298	0.3557607078246921	1.0	1	0.1646877611530147	False	False	False	False	False	False	False	False	True	True	True	True	True	True	True	True	False	False	False	False	False	False	False	False	g___ASV-22
GTGCCAGCAGCCGCGGTAATACGGAGGGTGCAAGCGTTATCCGGATTTATTGGGTTTAAAGGGTCCGTAGGCGGATTAATCAGTCAGTGGTGAAATCTCA	0.2952613758925662	-1.1000560826951662	-0.4751044215390434	0.0142541458189354	0.155249498244863	0.0	-0.2488022731817317	0.4242498676293301	0.7753589687876874	0.9090209305322984	0.929385323495282	0.0225687425583758	0.2581254132352176	0.9567786905950324	1.833670621391018	0.2638480357339466	0.3808060366596677	-1.2101548443455563	-0.5112028450721012	0.6315879487776502	0.6014498777901867	0.0	-0.1356853680695341	1.607932636106967	0.7058636077851115	0.2350830919251127	0.6127183684438939	0.5321424407713653	0.5517777990142756	1.0	0.8929199814730469	0.1176733673628683	0.927311014149068	0.7716402043145899	0.8939227261266354	0.6990890888564996	0.7608667971990611	1.0	1	0.2389125943427933	False	False	False	False	False	False	False	False	True	True	True	True	True	True	True	True	False	False	False	False	False	False	False	False	g__Empedobacter_790298_ASV-1
GTGCCAGCAGCCGCGGTAATACGTAGGGTGCAAGCGTTATCCGGAATTATTGGGCGTAAAGGGCTCGTAGGCGGTTCGTCGCGTCCGGTGTGAAAGTCCA	-1.0746927721420412	0.7691797956264254	0.9063065168720148	0.0560274251673681	-1.035337694770258	-0.8116654350313808	-0.9299620221395644	0.0422683159739169	0.5694228688769876	0.8709954546900456	0.8915619791191877	0.01949002065329	0.2220353013452272	0.946747616819126	1.8784849980125664	0.1859259737250021	-1.8873368648883808	0.8831042590229675	1.0165378718453135	2.8746724369381544	-4.662941831760722	-0.8573197551406645	-0.4950595948987948	0.2273394896209326	0.0753482385501547	0.3888223944184504	0.3228431645559921	0.0100815692892051	0.00019355444689447065	0.4025389718139771	0.6265469183409951	0.8227219054146027	0.229469635584562	0.8854879372505068	0.8939227261266354	0.045031009491783	0.0025936295883859	1.0	1	0.8890704461738448	False	False	False	True	True	False	False	False	True	True	True	False	False	True	True	True	False	False	False	False	False	False	False	False	g__Bifidobacterium_388775_ASV-1
GTGCCAGCAGCCGCGGTAATACGTAGGGCGCAAGCGTTATCCGGAATTATTGGGCGTAAAGAGCTCGTAGGCGGTTTGTCGCGTCTGCTGTGAAACCCCG	-0.2077986160786464	-1.2357324302970896	-0.9970118440567992	0.0605881453803056	0.29125835345976	-0.4149246280074011	-0.0484789795902883	0.1508061312210958	0.6069607563707646	0.8764451095744434	0.8997076992634578	0.01972925314875	0.2544602544995108	0.9388162899574388	1.9405560286205883	0.227895337613463	-0.3423592281668235	-1.4099370477371909	-1.1081508415155268	3.0709801797106717	1.1446123640512196	-0.4419657311508854	-0.0249820045777028	0.6617341662201115	0.7348327939208736	0.1704093425613358	0.2779429462161538	0.0049504526330841	0.2627978861054315	0.6621684252934017	0.9802600724056516	0.5139641491825953	0.9468037921672796	0.7098268026436236	0.8939227261266354	0.0255138712628181	0.4514732915144592	1.0	1	0.7311860293874893	False	False	False	True	False	False	False	False	True	True	True	False	True	True	True	True	False	False	False	False	False	False	False	False	g___ASV-9
GTGCCAGCCGCCGCGGTAATACAGAGGGTGCGAGCGTTAATCGGAATTACTGGGCGTAAAGCGAGTGTAGGTGGCTCATTAAGTCACATGTGAAATCCCC	-1.745933351023028	0.1345820596102251	0.3754206251206209	0.047393066425097	0.2587861061281655	1.3191492549101174	2.811731233942848	0.979476237897828	0.6616666694105914	0.8934332085178389	0.9107512425812676	0.0222900221182593	0.2699534959850882	0.9484850607667248	1.828741400605115	0.3039341666118955	-2.6386901921148525	0.1506347182163622	0.412209841247756	2.1262009599476386	0.9586321717517612	1.390796027766383	1.537522600523218	3.222659198919734	0.0141186261868087	0.8814727011775882	0.6836989455045098	0.043540008193324	0.346923975166739	0.1765439210833766	0.1367269870095997	0.0035150499214516	0.072765227270476	0.9710108121263616	0.8939227261266354	0.1367428268688085	0.5405559613063143	1.0	1	0.0157005563158173	False	False	False	False	False	False	False	True	True	True	True	True	True	True	True	False	False	False	False	False	False	False	False	False	g___ASV-11
GTGCCAGCAGCCGCGGTAATACGTAGGGTGCGAGCGTTGTCCGGAATTACTGGGCGTAAAGAGCTCGTAGGTGGTTTGTCGCGTCGTTTGTGTAAGCCCG	1.1398737118285849	-0.9958454593646724	-0.9018518069054172	0.0136289890381088	-0.5837235368633399	0.0178357802259606	-0.8222834900446884	0.0446771794549154	0.7138482657342774	0.9320974946211136	0.9452265454066292	0.0229497704698796	0.3306284592625799	0.9560307181105254	1.8336948101654784	0.3290908628551945	1.5968011222330138	-1.0683919494596126	-0.9541118066224512	0.5938616709041227	-1.7654969513672625	0.0186560744211345	-0.448429850750618	0.1357594041575507	0.1166117000279336	0.2904749053135797	0.3446172065857091	0.5552820265589504	0.0835863962144003	0.985189718833777	0.6557803351899061	0.8925565913876189	0.3255409959113146	0.846166028522167	0.8939227261266354	0.7154595342201862	0.2000103052273151	1.0	1	0.9200198711226224	False	False	False	False	False	False	False	False	True	True	True	True	True	True	True	True	False	False	False	False	False	False	False	False	g__Corynebacterium_ASV-3
GTGCCAGCCGCCGCGGTAATACGTAGGGTGCGAGCGTTGTCCGGAATTACTGGGCGTAAAGAGCTCGTAGGTGGTTTGTCGCGTCGTCTGTGAAATTCCG	0.3254204684872186	0.2161161855128586	0.0834832568533735	-0.0157732034241527	0.6881540968549003	0.0	0.4562412642846133	0.2311406993189797	0.6006844110745686	0.8934608460046775	0.912005700068114	0.019880887249044	0.2338387117535047	0.958715823373256	1.849590446054715	0.1800486755075394	0.5417494819036033	0.2418865767641341	0.0915380867105748	-0.7933852864092447	2.942857885653684	0.0	0.2466715078777589	1.283767840376592	0.5946343201014186	0.8116023792247424	0.9280760750294298	0.4378874485417818	0.008700260376521	1.0	0.8079537338404855	0.2155035991872484	0.8476702009956393	0.9710108121263616	0.9280760750294298	0.6519657567177641	0.0448398034789929	1.0	1	0.3662341806375079	False	False	False	False	True	False	False	False	True	True	True	True	False	True	True	True	False	False	False	False	False	False	False	False	g__Corynebacterium_ASV-5
GTGCCAGCCGCCGCGGTAATACAGAGGGTGCGAGCGTTAATCGGATTTACTGGGCGTAAAGCGTGCGTAGGCGGCTTTTTAAGTCGGATGTGAAATCCCT	1.630585248120722	-1.6977334064368714	-0.2940046986624047	-0.0550217404127991	1.1755650748241653	-0.428544442099845	-1.2167556909947106	0.4155105646684982	0.6059808795129056	0.8981198456307823	0.9149631435886968	0.0204246201721136	0.2548548164037901	0.9688555498217676	1.8466715535929237	0.2455017647535662	2.690819633502967	-1.890319443107831	-0.3213295537886372	-2.6938929561060903	4.612685337528047	-0.4423202635095405	-0.658891229806061	1.6924952253829462	0.0130477969750582	0.0713815450058145	0.7508625047349397	0.0129572093093625	0.0001222159546759328	0.6623890044908246	0.5165083726991477	0.1040563676807812	0.072765227270476	0.4748882113961905	0.8939227261266354	0.0510666484545466	0.0025936295883859	1.0	1	0.2178680198316357	False	False	False	False	True	False	False	False	True	True	True	True	False	True	True	True	False	False	False	False	False	False	False	False	g__Acinetobacter_ASV-5
GTGCCAGCAGCCGCGGTAATACGTAGGGTACAAGCGTTGTCCGGAATTATTGGGCGTAAAGAGCTCGTAGGTGGTTGGTCACGTCTGCTGTGGAAACGCA	0.3963532150243204	0.2204663004367866	0.4190277916648524	-0.0401518263806855	0.643872953812625	0.0774114836538	0.0	0.0118716320005923	0.5985673062862641	0.8828341615239701	0.90180277436376	0.0197858668779768	0.2299243544847385	0.9515349772928476	1.8434258376836885	0.2002383274584972	0.6621698359762487	0.2497256110436554	0.4646556914403872	-2.029318534705068	2.800368648443298	0.0813543227533669	0.0	0.0592875107941205	0.5162514282067747	0.8056272558117211	0.6477492519836845	0.0574784138748071	0.0118273768677378	0.936057953681128	1.0	0.9533763763506528	0.7686410153300868	0.9710108121263616	0.8939227261266354	0.16046057206717	0.0500030866560308	1.0	1	0.9533763763506528	False	False	False	False	False	False	False	False	True	True	True	True	True	True	True	True	False	False	False	False	False	False	False	False	g__Brevibacterium_ASV-1
GTGCCAGCCGCCGCGGTAATACAGAGGGTGCGAGCGTTAATCGGATTTACTGGGCGTAAAGCGTGCGTAGGCGGCTGATTAAGTCGGATGTGAAATCCCT	0.3746984035187999	-1.966050953565315	-0.7094403172528846	0.0283066073056755	-0.4310740394855012	0.0	1.4674536396526578	0.3811927182911903	0.6921915850993059	0.9078487440030332	0.931894203599682	0.0218485548865867	0.2779630285520453	0.9653696044920526	1.8997106471448424	0.2655297612027893	0.541321812609212	-2.165615105547523	-0.7612884751428738	1.2955825889909798	-1.5508322877723566	0.0	0.772461659810223	1.4355931951449592	0.5939826675237172	0.0419999646500815	0.454949450939177	0.2091802461288529	0.1358824948379849	1.0	0.4484481209625536	0.1658467793409412	0.8476702009956393	0.4748882113961905	0.8939227261266354	0.3893076802953651	0.284503973567031	1.0	1	0.3086592837734184	False	False	False	False	False	False	False	False	True	True	True	True	True	True	True	True	False	False	False	False	False	False	False	False	g__Acinetobacter_ASV-4
GTGCCAGCCGCCGCGGTAATACGGAGGGTGCAAGCGTTAATCGGAATTACTGGGCGTAAAGCGCACGCAGGCGGTCTGTCAAGTCGGATGTGAAATCCCC	-3.0950990876683866	1.24032116985842	1.6962469646924336	0.0928701450919098	0.701444116701046	1.5820635824637994	1.9589684449580305	-1.243784428235056	0.6232034611937927	0.9100689977509776	0.9326065191772436	0.0193277043902732	0.2492450428599242	0.9658813290030632	1.8573202619296536	0.2243834325517003	-4.966434367581165	1.3628869601355316	1.8188238338596243	4.805027188777125	2.814275095112955	1.6379481981463813	1.0547284090481897	-5.5431206042740016	0.00011755760042794432	0.19069973802366	0.0865991789289766	0.00016509758394312824	0.0119410356193506	0.1198073419896773	0.3063098094820192	3.57624232518051e-05	0.0039381796143361	0.7098268026436236	0.6604446005320428	0.0055307690620947	0.0500030866560308	1.0	1	0.0003993470596451569	True	False	False	True	False	False	False	True	False	True	True	False	True	True	True	False	False	False	False	False	False	False	False	False	g___ASV-12
GTGCCAGCAGCCGCGGTAAAACGTAGGTCACAAGCGTTGTCCGGAATTACTGGGTGTAAAGGGAGCGCAGGCGGGAGAACAAGTTGGAAGTGAAATCCAT	0.0466413878750666	-0.7620347624717082	-0.3201517285647255	0.0277945832401955	-0.4463916419593774	0.498215364362804	-0.1461856849776812	-0.052811979214126	0.667278589490017	0.9131197385718358	0.9303875666035046	0.0196775422906806	0.2474510118409435	0.9737314788780346	1.8652152071210624	0.1938925109632116	0.0698979236104569	-0.8345397983221434	-0.3441057684524732	1.4125027825938992	-1.8039596550379395	0.511655805702065	-0.0783747014390458	-0.2723776124811048	0.9451410736055385	0.4162638305629463	0.7352475926424118	0.1769575671392757	0.0900965013230966	0.6158807453326087	0.9385018059339806	0.7888154803787528	0.959461392902592	0.8854879372505068	0.8939227261266354	0.3592774847979234	0.2081539858154302	1.0	1	0.8843431544383956	False	False	False	False	False	False	False	False	True	True	True	True	True	True	True	True	False	False	False	False	False	False	False	False	g__Faecalibacterium_ASV-1
GTGCCAGCCGCCGCGGTAATACGTAGGTCCCGAGCGTTGTCCGGATTTATTGGGCGTAAAGCGAGCGCAGGCGGTTTGATAAGTCTGAAGTTAAAGGCTG	0.6268732287069965	-1.799769344619227	0.3265837566547852	-0.0152652650114643	0.1147076077300887	0.1850564713396317	0.6188675363551506	1.449528167889533	0.6002490992350897	0.8817030246423032	0.9004281487341914	0.0198719349566654	0.2391032564102103	0.9561689047598276	1.9157122740043249	0.1946257276993104	1.044355134403091	-2.041242112500831	0.3626982975975283	-0.768182114361446	0.479740884554471	0.1935395204951939	0.3230482702193897	7.447772630188957	0.3109450722961464	0.0570651431549633	0.7213003317423854	0.4529185160650081	0.6375257196535172	0.8488300689334924	0.7505983211915829	9.530566723981034e-07	0.5952377098240517	0.4748882113961905	0.8939227261266354	0.6529632321355864	0.807476433353745	1.0	1	6.385479705067293e-05	False	False	False	False	False	False	False	True	True	True	True	True	True	True	True	False	False	False	False	False	False	False	False	False	g__Streptococcus_ASV-5
GTGCCAGCCGCCGCGGTAATACGTAGGGTGCGAGCGTTGTCCGGAATTACTGGGCGTAAAGAGCTCGTAGGTGGTTTGTCGCGTCGTTTGTGTAAGCCCG	1.6564309995921631	-0.8405033379517546	-1.7373686763239908	-0.0319788324583956	-0.0151141173445572	-0.2782475238385178	0.0	1.4077379815347228	0.5991594968142316	0.887313494891798	0.8969034569952817	0.0197981033246785	0.2554905260477206	0.9573440870732748	1.914251452366288	0.2194986373585128	2.764591078668552	-0.947245074926138	-1.93707434481784	-1.6152472756586562	-0.0591572516537626	-0.2906452628638013	0.0	6.413424695823637	0.0127683320898963	0.356058254527446	0.0685922408512457	0.1236490953394472	0.9534786857797782	0.7746448269006152	1.0	4.887295230109757e-06	0.072765227270476	0.8519965376192458	0.6604446005320428	0.2856720478532056	0.9534786857797782	1.0	1	0.000104626353849819	False	False	False	False	False	False	False	True	True	True	True	True	True	True	True	False	False	False	False	False	False	False	False	False	g__Corynebacterium_ASV-8
GTGCCAGCAGCCGCGGTAATACGTATGGTGCAAGCGTTATCCGGATTTACTGGGTGTAAAGGGAGCGTAGACGGAGTGGCAAGTCTGATGTGAAAACCCG	-0.763011986137389	-0.3048961773430157	0.8682064188726965	0.0016182690683526	0.4602697693502324	0.558993977901097	0.5493587663125574	0.8220834361049436	0.6010873401236855	0.892282884941401	0.9106945721260512	0.0194876637786175	0.2356981092647009	0.9702747342517892	1.846375883610366	0.2137301475612335	-1.2693862192811851	-0.341703491671298	0.9533453316251084	0.0830406911129214	1.95279364262242	0.5761192764976566	0.2975335473069289	3.846361617606693	0.2214068593047242	0.7367615845742422	0.3537750940838047	0.9347891546418108	0.067509290957747	0.5720837248919332	0.7696644484865308	0.0012938563978547	0.4894756660927256	0.9710108121263616	0.8939227261266354	0.9695743697017256	0.1785181921973254	1.0	1	0.0078807616960244	False	False	False	False	False	False	False	True	True	True	True	True	True	True	True	False	False	False	False	False	False	False	False	False	g__Mediterraneibacter_A_155507_ASV-1
